Workbook
Name TableLWG: TableLWG235[]
Name TableLWG: TableLWG2[]

Sheet 4.4.1.1
I1: 3.4.1 | J1: 3.4.1 | Y1: 3.4.1 321 | AC1: 3.4.1 | AG1: 3.4.1 | AH1: 3.4.1 | AI1: Ch 3.4.1 | BX1: 1084 | BY1: Bo | BZ1: 0.19 | CB1: FAk | CC1: 1.3
AA2: 1.6 * PLjk=6 | AJ2: (Ijk * CPjk) + (0.045 * MCjk=6) | AL2: (Ijk * ((1 - DMDjk) + (0.04 * Ijk))) * ( 1 - A ) | AO2: VSjk * BO * MMSm * MCFim * 𝜌 | AQ2: VSjk * BO * MMSm * MCFim * 𝜌 | AR2: SUM SUM SUM (Njk * Mjkm * Dj) * 10^-3 | BC2: LEjk=3,4 * 1.6 | BD2: (GWk * Yk) / 365 | BE2: LWGjk * 0.92 | BG2: Wjk / SRWk | BH2: ((0.045 * MPjk=3,4) + (WPk * 0.84) + (EBGjk * ((212 - 4 * ((EBGjk * 1000)/(4* SRWk^0.75) - 1)) - ((140 - 4 * (((EBGjk * 1000)/4 * SRWk ^0.75) - 1))/(1 + e ^ (-6 * (Zjk - 0.4)))))) * 10^-3) / 6.25 | BI2: (CPIjk / 6.25 ) - NRjk | BJ2: SUM SUM (Njk * NEjk * Dj) | BL2: AE * FracWet * FracLEACH | BM2: AE * FracGASMsoil | BP2: Mvol * EFN2O * CN2O * 10^-3 | BQ2: AE * FracWet * FracLEACH | BS2: AE * EFprp * CN2O * 10^-3 | BT2: Mleach * EFleach * CN2O * 10^-3 | BX2: 1087 | BY2: A | BZ2: 0.08
H3: 1071 | I3: 342 | J3: 323 | L3: 1075 | N3: 1080 | P3: 1078 | R3: 1077 | T3: 1081 | V3: 1085 | X3: 1082 | Y3: 1004 | Z3: 990 | AA3: 988 | AB3: 351 | AC3: 314 | AD3: 302 | AF3: 349 | AG3: 308 | AH3: 296 | AI3: 946 | AJ3: 983 | AK3: 1087 | AL3: 945 | AM3: 1084 | AN3: 1086 | AO3: 930 | AQ3: 930 | AR3: 922 | AU3: 1092 | AV3: 1094 | AX3: 1090 | AY3: 1088 | AZ3: 1093 | BA3: 1072 | BB3: 1073 | BC3: 1003 | BD3: 1011 | BE3: 1017 | BF3: 1089 | BG3: 1021 | BH3: 994 | BI3: 978 | BJ3: 970 | BL3: 1062 | BM3: 1045 | BO3: 1091 | BP3: 1037 | BQ3: 1062 | BR3: 1095 | BS3: 963 | BT3: 1056 | BY3: Dj | BZ3: 91.25
H4: input | L4: constant | N4: constant | P4: constant | R4: constant | T4: constant | V4: constant | X4: constant | Y4: constant | Z4: expression | AA4: expression | AB4: constant | AC4: expression | AD4: expression | AF4: constant | AG4: expression | AH4: expression | AI4: expression | AJ4: expression | AK4: constant | AL4: expression | AM4: constant | AN4: constant | AO4: expression | AQ4: expression | AR4: expression | AU4: constant | AV4: constant | AX4: constant | AY4: constant | AZ4: constant | BA4: input | BB4: input | BC4: expression | BD4: expression | BE4: expression | BF4: constant | BG4: expression | BH4: expression | BI4: expression | BJ4: expression | BL4: expression | BM4: expression | BO4: constant | BP4: expression | BQ4: expression | BR4: constant | BS4: expression | BT4: expression | BX4: 1094 | BY4: FracLEACH | BZ4: 0.24
L5: input | N5: input | P5: input | R5: input | T5: input | X5: input | AF5: input | BX5: 1093 | BY5: FracGASMSoil | BZ5: 0.21
BX6: 1095 | BY6: EFLeach | BZ6: 0.011
BX7: 1088 | BY7: CN2O | BZ7: =[1]!common_cn2o -> 1.57
H8: head | L8: days | N8: kg | P8: d | R8: d | T8: kg | V8: d | X8: d | Y8: d | Z8: d | AA8: kg / head / day | AI8: kg DM/head/day | AJ8: kg/head/day | AK8: d | AL8: kg/head/day | AM8: m3 CH4/kgVS | AN8: kg/m3 | AO8: kg CH4/head/day | AQ8: kg CH4/head/day | AR8: kg CH4 | AU8: fraction | AV8: fraction | AX8: kg N2O-N/kg N | AY8: d | AZ8: kg NH3-N + NOx-N / kg N | BA8: kg / head | BB8: fraction | BC8: kg/head/day | BD8: kg/head/day | BE8: kg | BF8: kg | BG8: d | BH8: kg N / head / day | BI8: kg N/head/day | BJ8: kg N | BL8: kg N | BM8: kg N | BO8: kg N2O-N / kg N | BP8: t N2O | BQ8: kg N | BR8: kg N2O-N / kg N | BS8: t N2O | BT8: t N2O
H9: number of sheep in each time period and class | I9: Lambing rate | J9: Lamb marking rate | L9: number of days in each time period | N9: liveweight gain | P9: crude protein content of feed intake | R9: dry matter digestibility | T9: liveweight | V9: fraction of waste in each MMS | X9: methane conversion factor for temperate zone and MMS | Y9: proportion of ewes lactating each season or time period | Z9: Proportion of lambs born in the time period | AA9: Milk intake | AI9: dry matter intake | AJ9: crude protein intake | AK9: ash content of feed intake | AL9: volatile solid production | AM9: emisions potential | AN9: density of methane | AO9: methane produced from manure | AQ9: methane produced from manure | AR9: annual methane production from manure | AU9: fraction of N that is available for leaching and runoff | AV9: fraction of all N that is lost through leaching and runoff | AX9: emission factor for nitrous oxide from urine and dung deposited to soil | AY9: factor to convert elemental mass of nitrous oxide to molecular mass | AZ9: fraction of nitrogen volatilised from urine and faeces deposited on pasture | BA9: greasy wool production per sheep class | BB9: average clean wool yield per sheep class | BC9: milk production | BD9: clean wool production | BE9: empty body gain | BF9: standard reference weight | BG9: relative size | BH9: the amount of nitrogen retained by the body | BI9: nitrogen excreted in each time-period and by each class | BJ9: total mass of nitrogen excreted on PRP by sheep | BL9: mass of nitrogen lost to leaching and runoff | BM9: mass of nitrogen volatilised from urine and faeces deposited on pasture | BO9: nitrous oxide emission factor for atmospheric deposition | BP9: Annual atmospheric deposition emissions from urine and dung deposited on pasture | BQ9: mass of nitrogen lost to leaching and runoff | BR9: emission factor for leaching and run off | BS9: Total annual direct nitrous oxide emissions from agricultural soils from deposition of urine and dung | BT9: Leaching and runoff emissions from urine and dung deposited on pasture | BZ9: MCF | CB9: Lagoon
A10: Scenario | B10: State | C10: State | D10: No unfenced water | E10: Class | G10: Month | H10: Njk | I10: LR | J10: LMR | K10: Custom Dj | L10: Dj | M10: Custom LWG | N10: LWGjk | O10: Custom CP | P10: CPjk | Q10: Custom DMD | R10: DMDjk | S10: Custom liveweight | T10: Wjk | U10: MMSm=1 | V10: MMSm=14 | W10: MCFim=1 | X10: MCFim=14 | Y10: LEjk=3,4 | Z10: PLjk=6 | AA10: MCjk=6 | AB10: FAk | AC10: MAjk | AD10: qmjk | AE10: Custom DMA | AF10: DMAjk | AG10: RIjk | AH10: PIjk | AI10: Ijk | AJ10: CPIjk | AK10: A | AL10: VSjk | AM10: BO | AN10: 𝜌 | AO10: Mjkm=1 | AP10: Mjkm=14 | AQ10: Mjk | AR10: ECH4 | AS10: ECH4 | AT10: Leaching zone | AU10: FracWet | AV10: FracLEACH | AW10: Climate zone | AX10: EFprp | AY10: CN2O | AZ10: FracGASMsoil | BA10: GWk | BB10: Yk | BC10: MPjk=3,4 | BD10: WPk | BE10: EBGjk | BF10: SRWk | BG10: Zjk | BH10: NRijk | BI10: NEjk | BJ10: AE | BK10: AE | BL10: Mleach | BM10: Mvol | BN10: Production system | BO10: EFN2O | BP10: EN2O,ad | BQ10: Mleach | BR10: EFleach | BS10: EN2O,dir | BT10: ESN2O,leach | BY10: PRP | BZ10: 0.0047 | CA10: ACT | CB10: 0.72
A11: Baseline | B11: ACT | C11: ACT/NSW | D11: yes | E11: Breeding ewes | F11: Spring | H11: 100 | I11: 95 | J11: 90 | L11: =$BZ$3 -> 91.25 | N11: {=_xlfn.DROP(_xlfn.XLOOKUP($C11,TableLWG2_1[[#Headers],[ACT/NSW]:[WA]],TableLWG2_1[[#All],[ACT/NSW]:[WA]]),1)} -> 0.04 | P11: {=_xlfn.DROP(_xlfn.XLOOKUP($C11,QueryCP[[#Headers],[ACT/NSW]:[WA]],QueryCP[[#All],[ACT/NSW]:[WA]]),1)} -> 0.2 | R11: {=_xlfn.DROP(_xlfn.XLOOKUP($C11,QueryDMD[[#Headers],[ACT/NSW]:[WA]],QueryDMD[[#All],[ACT/NSW]:[WA]]),1)} -> 0.75 | T11: {=_xlfn.DROP(_xlfn.XLOOKUP($C11,QueryW[[#Headers],[ACT/NSW]:[WA]],QueryW[[#All],[ACT/NSW]:[WA]]),1)} -> 54 | U11: =1-V11 -> 0 | V11: =IF($D$11="yes", 1, VLOOKUP($B$11, $BY$26:$CA$32, 1)) -> 1 | W11: =VLOOKUP($B$11,$CA$10:$CB$16, 2, FALSE) -> 0.72 | X11: =$BZ$10 -> 0.0047 | Y11: =(I11/100)*(MIN(J11,100)/100) -> 0.855 | Z11: 0 | AA11: =1.6 * Z11 -> 0 | AB11: =$CC$1 -> 1.3 | AC11: =Y11*AB11+(1-Y11) -> 1.2565 | AD11: =(0.795*R11)-0.0014 -> 0.59485 | AF11: {=_xlfn.DROP(_xlfn.XLOOKUP($C11,QueryDMA[[#Headers],[ACT/NSW]:[WA]],QueryDMA[[#All],[ACT/NSW]:[WA]]),1)} -> 2.9 | AG11: =1 - EXP(-2*(AF11^2)) -> 0.99999995 | AH11: =(104.7*AD11+0.307*T11-15)*(T11^0.75)*10^-3 -> 1.2720847 | AI11: =AH11*AG11*AC11 -> 1.5983744 | AJ11: =(AI11 * P11) + (0.045 * AA11) -> 0.31967488 | AK11: =$BZ$2 -> 0.08 | AL11: =(AI11 * ((1 - R11) + (0.04 * AI11))) * ( 1 - AK11 ) -> 0.46164277 | AM11: =$BZ$1 -> 0.19 | AN11: =$CA$20 -> 0.6784 | AO11: =AL11 * AM11 * U11 * W11 * AN11 -> 0 | AP11: =AL11*AM11*V11*X11*AN11 -> 0.00027966836 | AQ11: =AO11+AP11 -> 0.00027966836 | AR11: =H11*AQ11*L11 -> 2.5519738 | AS11: =SUM(AR11:AR34)*10^-3 -> 0.053906997 | AT11: yes | AU11: =IF(AT11="yes", 1,0) -> 1 | AV11: =$BZ$4 -> 0.24 | AW11: Warm temperate moist | AX11: =VLOOKUP(AW11,$CD$37:$CF$46,2, FALSE) -> 0.006 | AY11: =$BZ$7 -> 1.57 | AZ11: =$BZ$5 -> 0.21 | BA11: 20 | BB11: 0.8 | BC11: =Y11 * 1.6 -> 1.368 | BD11: =(BA11 * BB11) / 365 -> 0.043835616 | BE11: =N11 * 0.92 -> 0.0368 | BF11: {=_xlfn.DROP(_xlfn.XLOOKUP($C11,QuerySRW[[#Headers],[ACT/NSW]:[WA]],QuerySRW[[#All],[ACT/NSW]:[WA]]),1)} -> 57 | BG11: =T11 / BF11 -> 0.94736842 | BH11: =((0.045 * BC11) + (BD11 * 0.84) + (BE11 * ((212 - 4 * ((BE11 * 1000)/(4* (BF11^0.75)) - 1)) - ((140 - 4 * (((BE11 * 1000)/(4 * BF11 ^0.75)) - 1))/(1 + EXP(-6 * (BG11 - 0.4)))))) * 10^-3) / 6.25 -> 0.016195288 | BI11: =MAX((AJ11 / 6.25 ) - BH11, 0) -> 0.034952692 | BJ11: =H11*BI11*L11 -> 318.94332 | BK11: =SUM(BJ11:BJ34) -> 5093.7808 | BL11: =BK11*$AU$11*$AV$11 -> 1222.5074 | BM11: =BK11 * AZ11 -> 1069.694 | BN11: Non-irrigated pasture | BO11: =VLOOKUP(BN11, $BY$37:$BZ$49, 2, FALSE) -> 0.0018 | BP11: =BM11 * BO11 * AY11 * 10^-3 -> 0.0030229551 | BQ11: =BK11 * AU11 * AV11 -> 1222.5074 | BR11: =$BZ$6 -> 0.011 | BS11: =BK11 * AX11 * AY11 * 10^-3 -> 0.047983415 | BT11: =BQ11 * BR11 * AY11 * 10^-3 -> 0.021112702 | CA11: NSW | CB11: 0.75
F12: Summer | H12: 70 | I12: 0 | J12: 0 | L12: =$BZ$3 -> 91.25 | N12: -0.05 | P12: 0.1 | R12: 0.61 | T12: 49 | U12: =1-V12 -> 0 | V12: =$V$11 -> 1 | W12: =VLOOKUP($B$11,$CA$10:$CB$16, 2, FALSE) -> 0.72 | X12: =$BZ$10 -> 0.0047 | Y12: =(I12/100)*(MIN(J12,100)/100) -> 0 | Z12: 0 | AA12: =1.6 * Z12 -> 0 | AB12: =$AB$11 -> 1.3 | AC12: =Y12*AB12+(1-Y12) -> 1 | AD12: =(0.795*R12)-0.0014 -> 0.48355 | AF12: 2.5 | AG12: =1 - EXP(-2*(AF12^2)) -> 0.99999627 | AH12: =(104.7*AD12+0.307*T12-15)*(T12^0.75)*10^-3 -> 0.93843422 | AI12: =AH12*AG12*AC12 -> 0.93843072 | AJ12: =(AI12 * P12) + (0.045 * AA12) -> 0.093843072 | AK12: =$BZ$2 -> 0.08 | AL12: =(AI12 * ((1 - R12) + (0.04 * AI12))) * ( 1 - AK12 ) -> 0.36911694 | AM12: =$BZ$1 -> 0.19 | AN12: =$CA$20 -> 0.6784 | AO12: =AL12 * AM12 * U12 * W12 * AN12 -> 0 | AP12: =AL12*AM12*V12*X12*AN12 -> 0.00022361518 | AQ12: =AO12+AP12 -> 0.00022361518 | AR12: =H12*AQ12*L12 -> 1.428342 | BA12: =BA11 -> 20 | BC12: =Y12 * 1.6 -> 0 | BD12: =BD11 -> 0.043835616 | BE12: =N12 * 0.92 -> -0.046 | BF12: 57 | BG12: =T12 / BF12 -> 0.85964912 | BH12: =((0.045 * BC12) + (BD$11 * 0.84) + (BE12 * ((212 - 4 * ((BE12 * 1000)/(4* (BF12^0.75)) - 1)) - ((140 - 4 * (((BE12 * 1000)/(4 * BF12 ^0.75)) - 1))/(1 + EXP(-6 * (BG12 - 0.4)))))) * 10^-3) / 6.25 -> 0.0052974021 | BI12: =MAX((AJ12 / 6.25 ) - BH12, 0) -> 0.0097174894 | BJ12: =H12*BI12*L12 -> 62.070464 | CA12: QLD | CB12: 0.78
F13: Autumn | H13: 65 | I13: 0 | J13: 0 | L13: =$BZ$3 -> 91.25 | N13: 0.01 | P13: 0.12 | R13: 0.64 | T13: 50 | U13: =1-V13 -> 0 | V13: =$V$11 -> 1 | W13: =VLOOKUP($B$11,$CA$10:$CB$16, 2, FALSE) -> 0.72 | X13: =$BZ$10 -> 0.0047 | Y13: =(I13/100)*(MIN(J13,100)/100) -> 0 | Z13: 0 | AA13: =1.6 * Z13 -> 0 | AB13: =$AB$11 -> 1.3 | AC13: =Y13*AB13+(1-Y13) -> 1 | AD13: =(0.795*R13)-0.0014 -> 0.5074 | AF13: 1.6 | AG13: =1 - EXP(-2*(AF13^2)) -> 0.99402398 | AH13: =(104.7*AD13+0.307*T13-15)*(T13^0.75)*10^-3 -> 1.0054871 | AI13: =AH13*AG13*AC13 -> 0.9994783 | AJ13: =(AI13 * P13) + (0.045 * AA13) -> 0.1199374 | AK13: =$BZ$2 -> 0.08 | AL13: =(AI13 * ((1 - R13) + (0.04 * AI13))) * ( 1 - AK13 ) -> 0.36778883 | AM13: =$BZ$1 -> 0.19 | AN13: =$CA$20 -> 0.6784 | AO13: =AL13 * AM13 * U13 * W13 * AN13 -> 0 | AP13: =AL13*AM13*V13*X13*AN13 -> 0.00022281059 | AQ13: =AO13+AP13 -> 0.00022281059 | AR13: =H13*AQ13*L13 -> 1.3215453 | BA13: =BA11 -> 20 | BC13: =Y13 * 1.6 -> 0 | BD13: =BD11 -> 0.043835616 | BE13: =N13 * 0.92 -> 0.0092 | BF13: 57 | BG13: =T13 / BF13 -> 0.87719298 | BH13: =((0.045 * BC13) + (BD$11 * 0.84) + (BE13 * ((212 - 4 * ((BE13 * 1000)/(4* (BF13^0.75)) - 1)) - ((140 - 4 * (((BE13 * 1000)/(4 * BF13 ^0.75)) - 1))/(1 + EXP(-6 * (BG13 - 0.4)))))) * 10^-3) / 6.25 -> 0.006008903 | BI13: =MAX((AJ13 / 6.25 ) - BH13, 0) -> 0.01318108 | BJ13: =H13*BI13*L13 -> 78.180283 | CA13: SA | CB13: 0.74
F14: Winter | H14: 80 | I14: 0 | J14: 0 | L14: =$BZ$3 -> 91.25 | N14: 0 | P14: 0.18 | R14: 0.72 | T14: 50 | U14: =1-V14 -> 0 | V14: =$V$11 -> 1 | W14: =VLOOKUP($B$11,$CA$10:$CB$16, 2, FALSE) -> 0.72 | X14: =$BZ$10 -> 0.0047 | Y14: =(I14/100)*(MIN(J14,100)/100) -> 0 | Z14: 0 | AA14: =1.6 * Z14 -> 0 | AB14: =$AB$11 -> 1.3 | AC14: =Y14*AB14+(1-Y14) -> 1 | AD14: =(0.795*R14)-0.0014 -> 0.571 | AF14: 1.7 | AG14: =1 - EXP(-2*(AF14^2)) -> 0.99691128 | AH14: =(104.7*AD14+0.307*T14-15)*(T14^0.75)*10^-3 -> 1.1306949 | AI14: =AH14*AG14*AC14 -> 1.1272025 | AJ14: =(AI14 * P14) + (0.045 * AA14) -> 0.20289645 | AK14: =$BZ$2 -> 0.08 | AL14: =(AI14 * ((1 - R14) + (0.04 * AI14))) * ( 1 - AK14 ) -> 0.33712491 | AM14: =$BZ$1 -> 0.19 | AN14: =$CA$20 -> 0.6784 | AO14: =AL14 * AM14 * U14 * W14 * AN14 -> 0 | AP14: =AL14*AM14*V14*X14*AN14 -> 0.00020423405 | AQ14: =AO14+AP14 -> 0.00020423405 | AR14: =H14*AQ14*L14 -> 1.4909085 | BA14: =BA11 -> 20 | BC14: =Y14 * 1.6 -> 0 | BD14: =BD11 -> 0.043835616 | BE14: =N14 * 0.92 -> 0 | BF14: 57 | BG14: =T14 / BF14 -> 0.87719298 | BH14: =((0.045 * BC14) + (BD$11 * 0.84) + (BE14 * ((212 - 4 * ((BE14 * 1000)/(4* (BF14^0.75)) - 1)) - ((140 - 4 * (((BE14 * 1000)/(4 * BF14 ^0.75)) - 1))/(1 + EXP(-6 * (BG14 - 0.4)))))) * 10^-3) / 6.25 -> 0.0058915068 | BI14: =MAX((AJ14 / 6.25 ) - BH14, 0) -> 0.026571925 | BJ14: =H14*BI14*L14 -> 193.97505 | CA14: TAS | CB14: 0.69
E15: Lambs and hoggets | F15: Spring | H15: 200 | I15: 0 | J15: 0 | L15: =$BZ$3 -> 91.25 | N15: 0.16 | P15: 0.2 | R15: 0.75 | T15: 20 | U15: =1-V15 -> 0 | V15: =$V$11 -> 1 | W15: =VLOOKUP($B$11,$CA$10:$CB$16, 2, FALSE) -> 0.72 | X15: =$BZ$10 -> 0.0047 | Y15: =(I15/100)*(MIN(J15,100)/100) -> 0 | Z15: 1 | AA15: =1.6 * Z15 -> 1.6 | AB15: =$AB$11 -> 1.3 | AC15: =Y15*AB15+(1-Y15) -> 1 | AD15: =(0.795*R15)-0.0014 -> 0.59485 | AF15: 2.9 | AG15: =1 - EXP(-2*(AF15^2)) -> 0.99999995 | AH15: =(104.7*AD15+0.307*T15-15)*(T15^0.75)*10^-3 -> 0.50522269 | AI15: =AH15*AG15*AC15 -> 0.50522266 | AJ15: =(AI15 * P15) + (0.045 * AA15) -> 0.17304453 | AK15: =$BZ$2 -> 0.08 | AL15: =(AI15 * ((1 - R15) + (0.04 * AI15))) * ( 1 - AK15 ) -> 0.12559441 | AM15: =$BZ$1 -> 0.19 | AN15: =$CA$20 -> 0.6784 | AO15: =AL15 * AM15 * U15 * W15 * AN15 -> 0 | AP15: =AL15*AM15*V15*X15*AN15 -> 7.60865e-05 | AQ15: =AO15+AP15 -> 7.60865e-05 | AR15: =H15*AQ15*L15 -> 1.3885786 | BA15: 15 | BB15: 0.85 | BC15: =Y15 * 1.6 -> 0 | BD15: =(BA15 * BB15) / 365 -> 0.034931507 | BE15: =N15 * 0.92 -> 0.1472 | BF15: 60 | BG15: =T15 / BF15 -> 0.33333333 | BH15: =((0.045 * BC15) + (BD$15 * 0.84) + (BE15 * ((212 - 4 * ((BE15 * 1000)/(4* (BF15^0.75)) - 1)) - ((140 - 4 * (((BE15 * 1000)/(4 * BF15 ^0.75)) - 1))/(1 + EXP(-6 * (BG15 - 0.4)))))) * 10^-3) / 6.25 -> 0.0083247036 | BI15: =MAX((AJ15 / 6.25 ) - BH15, 0) -> 0.019362422 | BJ15: =H15*BI15*L15 -> 353.36419 | CA15: VIC | CB15: 0.73
F16: Summer | H16: 210 | I16: 0 | J16: 0 | L16: =$BZ$3 -> 91.25 | N16: 0.08 | P16: 0.1 | R16: 0.61 | T16: 27 | U16: =1-V16 -> 0 | V16: =$V$11 -> 1 | W16: =VLOOKUP($B$11,$CA$10:$CB$16, 2, FALSE) -> 0.72 | X16: =$BZ$10 -> 0.0047 | Y16: =(I16/100)*(MIN(J16,100)/100) -> 0 | Z16: 0 | AA16: =1.6 * Z16 -> 0 | AB16: =$AB$11 -> 1.3 | AC16: =Y16*AB16+(1-Y16) -> 1 | AD16: =(0.795*R16)-0.0014 -> 0.48355 | AF16: 2.5 | AG16: =1 - EXP(-2*(AF16^2)) -> 0.99999627 | AH16: =(104.7*AD16+0.307*T16-15)*(T16^0.75)*10^-3 -> 0.52017847 | AI16: =AH16*AG16*AC16 -> 0.52017653 | AJ16: =(AI16 * P16) + (0.045 * AA16) -> 0.052017653 | AK16: =$BZ$2 -> 0.08 | AL16: =(AI16 * ((1 - R16) + (0.04 * AI16))) * ( 1 - AK16 ) -> 0.19659682 | AM16: =$BZ$1 -> 0.19 | AN16: =$CA$20 -> 0.6784 | AO16: =AL16 * AM16 * U16 * W16 * AN16 -> 0 | AP16: =AL16*AM16*V16*X16*AN16 -> 0.00011910055 | AQ16: =AO16+AP16 -> 0.00011910055 | AR16: =H16*AQ16*L16 -> 2.2822644 | BA16: =BA15 -> 15 | BC16: =Y16 * 1.6 -> 0 | BD16: =BD15 -> 0.034931507 | BE16: =N16 * 0.92 -> 0.0736 | BF16: 60 | BG16: =T16 / BF16 -> 0.45 | BH16: =((0.045 * BC16) + (BD16 * 0.84) + (BE16 * ((212 - 4 * ((BE16 * 1000)/(4* (BF16^0.75)) - 1)) - ((140 - 4 * (((BE16 * 1000)/(4 * BF16 ^0.75)) - 1))/(1 + EXP(-6 * (BG16 - 0.4)))))) * 10^-3) / 6.25 -> 0.0062471942 | BI16: =MAX((AJ16 / 6.25 ) - BH16, 0) -> 0.0020756303 | BJ16: =H16*BI16*L16 -> 39.774265 | CA16: WA | CB16: 0.76
F17: Autumn | H17: 170 | I17: 0 | J17: 0 | L17: =$BZ$3 -> 91.25 | N17: 0.05 | P17: 0.12 | R17: 0.64 | T17: 32 | U17: =1-V17 -> 0 | V17: =$V$11 -> 1 | W17: =VLOOKUP($B$11,$CA$10:$CB$16, 2, FALSE) -> 0.72 | X17: =$BZ$10 -> 0.0047 | Y17: =(I17/100)*(MIN(J17,100)/100) -> 0 | Z17: 0 | AA17: =1.6 * Z17 -> 0 | AB17: =$AB$11 -> 1.3 | AC17: =Y17*AB17+(1-Y17) -> 1 | AD17: =(0.795*R17)-0.0014 -> 0.5074 | AF17: 1.6 | AG17: =1 - EXP(-2*(AF17^2)) -> 0.99402398 | AH17: =(104.7*AD17+0.307*T17-15)*(T17^0.75)*10^-3 -> 0.64511932 | AI17: =AH17*AG17*AC17 -> 0.64126407 | AJ17: =(AI17 * P17) + (0.045 * AA17) -> 0.076951688 | AK17: =$BZ$2 -> 0.08 | AL17: =(AI17 * ((1 - R17) + (0.04 * AI17))) * ( 1 - AK17 ) -> 0.22751954 | AM17: =$BZ$1 -> 0.19 | AN17: =$CA$20 -> 0.6784 | AO17: =AL17 * AM17 * U17 * W17 * AN17 -> 0 | AP17: =AL17*AM17*V17*X17*AN17 -> 0.00013783389 | AQ17: =AO17+AP17 -> 0.00013783389 | AR17: =H17*AQ17*L17 -> 2.1381482 | BA17: =BA15 -> 15 | BC17: =Y17 * 1.6 -> 0 | BD17: =BD15 -> 0.034931507 | BE17: =N17 * 0.92 -> 0.046 | BF17: 60 | BG17: =T17 / BF17 -> 0.53333333 | BH17: =((0.045 * BC17) + (BD17 * 0.84) + (BE17 * ((212 - 4 * ((BE17 * 1000)/(4* (BF17^0.75)) - 1)) - ((140 - 4 * (((BE17 * 1000)/(4 * BF17 ^0.75)) - 1))/(1 + EXP(-6 * (BG17 - 0.4)))))) * 10^-3) / 6.25 -> 0.0055484232 | BI17: =MAX((AJ17 / 6.25 ) - BH17, 0) -> 0.0067638469 | BJ17: =H17*BI17*L17 -> 104.92418
F18: Winter | H18: 200 | I18: 0 | J18: 0 | L18: =$BZ$3 -> 91.25 | N18: 0.04 | P18: 0.18 | R18: 0.72 | T18: 34 | U18: =1-V18 -> 0 | V18: =$V$11 -> 1 | W18: =VLOOKUP($B$11,$CA$10:$CB$16, 2, FALSE) -> 0.72 | X18: =$BZ$10 -> 0.0047 | Y18: =(I18/100)*(MIN(J18,100)/100) -> 0 | Z18: 0 | AA18: =1.6 * Z18 -> 0 | AB18: =$AB$11 -> 1.3 | AC18: =Y18*AB18+(1-Y18) -> 1 | AD18: =(0.795*R18)-0.0014 -> 0.571 | AF18: 1.7 | AG18: =1 - EXP(-2*(AF18^2)) -> 0.99691128 | AH18: =(104.7*AD18+0.307*T18-15)*(T18^0.75)*10^-3 -> 0.77753323 | AI18: =AH18*AG18*AC18 -> 0.77513165 | AJ18: =(AI18 * P18) + (0.045 * AA18) -> 0.1395237 | AK18: =$BZ$2 -> 0.08 | AL18: =(AI18 * ((1 - R18) + (0.04 * AI18))) * ( 1 - AK18 ) -> 0.22178442 | AM18: =$BZ$1 -> 0.19 | AN18: =$CA$20 -> 0.6784 | AO18: =AL18 * AM18 * U18 * W18 * AN18 -> 0 | AP18: =AL18*AM18*V18*X18*AN18 -> 0.00013435949 | AQ18: =AO18+AP18 -> 0.00013435949 | AR18: =H18*AQ18*L18 -> 2.4520607 | BA18: =BA15 -> 15 | BC18: =Y18 * 1.6 -> 0 | BD18: =BD15 -> 0.034931507 | BE18: =N18 * 0.92 -> 0.0368 | BF18: 60 | BG18: =T18 / BF18 -> 0.56666667 | BH18: =((0.045 * BC18) + (BD18 * 0.84) + (BE18 * ((212 - 4 * ((BE18 * 1000)/(4* (BF18^0.75)) - 1)) - ((140 - 4 * (((BE18 * 1000)/(4 * BF18 ^0.75)) - 1))/(1 + EXP(-6 * (BG18 - 0.4)))))) * 10^-3) / 6.25 -> 0.0053440553 | BI18: =MAX((AJ18 / 6.25 ) - BH18, 0) -> 0.016979736 | BJ18: =H18*BI18*L18 -> 309.88019 | BZ18: EFPRP | CA18: wet | CB18: 0.006
E19: Maiden ewes | F19: Spring | H19: 100 | I19: 95 | J19: 92 | L19: =$BZ$3 -> 91.25 | N19: 0.07 | P19: 0.2 | R19: 0.75 | T19: 44 | U19: =1-V19 -> 0 | V19: =$V$11 -> 1 | W19: =VLOOKUP($B$11,$CA$10:$CB$16, 2, FALSE) -> 0.72 | X19: =$BZ$10 -> 0.0047 | Y19: =(I19/100)*(MIN(J19,100)/100) -> 0.874 | Z19: 0 | AA19: =1.6 * Z19 -> 0 | AB19: =$AB$11 -> 1.3 | AC19: =Y19*AB19+(1-Y19) -> 1.2622 | AD19: =(0.795*R19)-0.0014 -> 0.59485 | AF19: 2.9 | AG19: =1 - EXP(-2*(AF19^2)) -> 0.99999995 | AH19: =(104.7*AD19+0.307*T19-15)*(T19^0.75)*10^-3 -> 1.0385156 | AI19: =AH19*AG19*AC19 -> 1.3108144 | AJ19: =(AI19 * P19) + (0.045 * AA19) -> 0.26216288 | AK19: =$BZ$2 -> 0.08 | AL19: =(AI19 * ((1 - R19) + (0.04 * AI19))) * ( 1 - AK19 ) -> 0.36471833 | AM19: =$BZ$1 -> 0.19 | AN19: =$CA$20 -> 0.6784 | AO19: =AL19 * AM19 * U19 * W19 * AN19 -> 0 | AP19: =AL19*AM19*V19*X19*AN19 -> 0.00022095045 | AQ19: =AO19+AP19 -> 0.00022095045 | AR19: =H19*AQ19*L19 -> 2.0161728 | BA19: 18 | BB19: 0.8 | BC19: =Y19 * 1.6 -> 1.3984 | BD19: =(BA19 * BB19) / 365 -> 0.039452055 | BE19: =N19 * 0.92 -> 0.0644 | BF19: 57 | BG19: =T19 / BF19 -> 0.77192982 | BH19: =((0.045 * BC19) + (BD19 * 0.84) + (BE19 * ((212 - 4 * ((BE19 * 1000)/(4* (BF19^0.75)) - 1)) - ((140 - 4 * (((BE19 * 1000)/(4 * BF19 ^0.75)) - 1))/(1 + EXP(-6 * (BG19 - 0.4)))))) * 10^-3) / 6.25 -> 0.016253475 | BI19: =MAX((AJ19 / 6.25 ) - BH19, 0) -> 0.025692585 | BJ19: =H19*BI19*L19 -> 234.44483 | CA19: dry | CB19: 0.002
F20: Summer | H20: 140 | I20: 0 | J20: 0 | L20: =$BZ$3 -> 91.25 | N20: 0 | P20: 0.1 | R20: 0.61 | T20: 42 | U20: =1-V20 -> 0 | V20: =$V$11 -> 1 | W20: =VLOOKUP($B$11,$CA$10:$CB$16, 2, FALSE) -> 0.72 | X20: =$BZ$10 -> 0.0047 | Y20: =(I20/100)*(MIN(J20,100)/100) -> 0 | Z20: 0 | AA20: =1.6 * Z20 -> 0 | AB20: =$AB$11 -> 1.3 | AC20: =Y20*AB20+(1-Y20) -> 1 | AD20: =(0.795*R20)-0.0014 -> 0.48355 | AF20: 2.5 | AG20: =1 - EXP(-2*(AF20^2)) -> 0.99999627 | AH20: =(104.7*AD20+0.307*T20-15)*(T20^0.75)*10^-3 -> 0.80052121 | AI20: =AH20*AG20*AC20 -> 0.80051822 | AJ20: =(AI20 * P20) + (0.045 * AA20) -> 0.080051822 | AK20: =$BZ$2 -> 0.08 | AL20: =(AI20 * ((1 - R20) + (0.04 * AI20))) * ( 1 - AK20 ) -> 0.31080846 | AM20: =$BZ$1 -> 0.19 | AN20: =$CA$20 -> 0.6784 | AO20: =AL20 * AM20 * U20 * W20 * AN20 -> 0 | AP20: =AL20*AM20*V20*X20*AN20 -> 0.00018829125 | AQ20: =AO20+AP20 -> 0.00018829125 | AR20: =H20*AQ20*L20 -> 2.4054207 | BA20: =BA19 -> 18 | BC20: =Y20 * 1.6 -> 0 | BD20: =BD19 -> 0.039452055 | BE20: =N20 * 0.92 -> 0 | BF20: 57 | BG20: =T20 / BF20 -> 0.73684211 | BH20: =((0.045 * BC20) + (BD20 * 0.84) + (BE20 * ((212 - 4 * ((BE20 * 1000)/(4* (BF20^0.75)) - 1)) - ((140 - 4 * (((BE20 * 1000)/(4 * BF20 ^0.75)) - 1))/(1 + EXP(-6 * (BG20 - 0.4)))))) * 10^-3) / 6.25 -> 0.0053023562 | BI20: =MAX((AJ20 / 6.25 ) - BH20, 0) -> 0.0075059354 | BJ20: =H20*BI20*L20 -> 95.888325 | BZ20: p | CA20: 0.6784
F21: Autumn | H21: 135 | I21: 0 | J21: 0 | L21: =$BZ$3 -> 91.25 | N21: 0 | P21: 0.12 | R21: 0.64 | T21: 43 | U21: =1-V21 -> 0 | V21: =$V$11 -> 1 | W21: =VLOOKUP($B$11,$CA$10:$CB$16, 2, FALSE) -> 0.72 | X21: =$BZ$10 -> 0.0047 | Y21: =(I21/100)*(MIN(J21,100)/100) -> 0 | Z21: 0 | AA21: =1.6 * Z21 -> 0 | AB21: =$AB$11 -> 1.3 | AC21: =Y21*AB21+(1-Y21) -> 1 | AD21: =(0.795*R21)-0.0014 -> 0.5074 | AF21: 1.6 | AG21: =1 - EXP(-2*(AF21^2)) -> 0.99402398 | AH21: =(104.7*AD21+0.307*T21-15)*(T21^0.75)*10^-3 -> 0.86186035 | AI21: =AH21*AG21*AC21 -> 0.85670985 | AJ21: =(AI21 * P21) + (0.045 * AA21) -> 0.10280518 | AK21: =$BZ$2 -> 0.08 | AL21: =(AI21 * ((1 - R21) + (0.04 * AI21))) * ( 1 - AK21 ) -> 0.31075173 | AM21: =$BZ$1 -> 0.19 | AN21: =$CA$20 -> 0.6784 | AO21: =AL21 * AM21 * U21 * W21 * AN21 -> 0 | AP21: =AL21*AM21*V21*X21*AN21 -> 0.00018825688 | AQ21: =AO21+AP21 -> 0.00018825688 | AR21: =H21*AQ21*L21 -> 2.3190894 | BA21: =BA19 -> 18 | BC21: =Y21 * 1.6 -> 0 | BD21: =BD19 -> 0.039452055 | BE21: =N21 * 0.92 -> 0 | BF21: 57 | BG21: =T21 / BF21 -> 0.75438596 | BH21: =((0.045 * BC21) + (BD21 * 0.84) + (BE21 * ((212 - 4 * ((BE21 * 1000)/(4* (BF21^0.75)) - 1)) - ((140 - 4 * (((BE21 * 1000)/(4 * BF21 ^0.75)) - 1))/(1 + EXP(-6 * (BG21 - 0.4)))))) * 10^-3) / 6.25 -> 0.0053023562 | BI21: =MAX((AJ21 / 6.25 ) - BH21, 0) -> 0.011146473 | BJ21: =H21*BI21*L21 -> 137.31061
F22: Winter | H22: 130 | I22: 0 | J22: 0 | L22: =$BZ$3 -> 91.25 | N22: 0.02 | P22: 0.18 | R22: 0.72 | T22: 45 | U22: =1-V22 -> 0 | V22: =$V$11 -> 1 | W22: =VLOOKUP($B$11,$CA$10:$CB$16, 2, FALSE) -> 0.72 | X22: =$BZ$10 -> 0.0047 | Y22: =(I22/100)*(MIN(J22,100)/100) -> 0 | Z22: 0 | AA22: =1.6 * Z22 -> 0 | AB22: =$AB$11 -> 1.3 | AC22: =Y22*AB22+(1-Y22) -> 1 | AD22: =(0.795*R22)-0.0014 -> 0.571 | AF22: 1.7 | AG22: =1 - EXP(-2*(AF22^2)) -> 0.99691128 | AH22: =(104.7*AD22+0.307*T22-15)*(T22^0.75)*10^-3 -> 1.0181162 | AI22: =AH22*AG22*AC22 -> 1.0149716 | AJ22: =(AI22 * P22) + (0.045 * AA22) -> 0.18269488 | AK22: =$BZ$2 -> 0.08 | AL22: =(AI22 * ((1 - R22) + (0.04 * AI22))) * ( 1 - AK22 ) -> 0.29936683 | AM22: =$BZ$1 -> 0.19 | AN22: =$CA$20 -> 0.6784 | AO22: =AL22 * AM22 * U22 * W22 * AN22 -> 0 | AP22: =AL22*AM22*V22*X22*AN22 -> 0.00018135978 | AQ22: =AO22+AP22 -> 0.00018135978 | AR22: =H22*AQ22*L22 -> 2.1513804 | BA22: =BA19 -> 18 | BC22: =Y22 * 1.6 -> 0 | BD22: =BD19 -> 0.039452055 | BE22: =N22 * 0.92 -> 0.0184 | BF22: 57 | BG22: =T22 / BF22 -> 0.78947368 | BH22: =((0.045 * BC22) + (BD22 * 0.84) + (BE22 * ((212 - 4 * ((BE22 * 1000)/(4* (BF22^0.75)) - 1)) - ((140 - 4 * (((BE22 * 1000)/(4 * BF22 ^0.75)) - 1))/(1 + EXP(-6 * (BG22 - 0.4)))))) * 10^-3) / 6.25 -> 0.0055514502 | BI22: =MAX((AJ22 / 6.25 ) - BH22, 0) -> 0.023679731 | BJ22: =H22*BI22*L22 -> 280.90081
E23: Other ewes | F23: Spring | H23: 200 | I23: 0 | J23: 0 | L23: =$BZ$3 -> 91.25 | N23: 0.05 | P23: 0.2 | R23: 0.75 | T23: 56 | U23: =1-V23 -> 0 | V23: =$V$11 -> 1 | W23: =VLOOKUP($B$11,$CA$10:$CB$16, 2, FALSE) -> 0.72 | X23: =$BZ$10 -> 0.0047 | Y23: =(I23/100)*(MIN(J23,100)/100) -> 0 | Z23: 0 | AA23: =1.6 * Z23 -> 0 | AB23: =$AB$11 -> 1.3 | AC23: =Y23*AB23+(1-Y23) -> 1 | AD23: =(0.795*R23)-0.0014 -> 0.59485 | AF23: 2.9 | AG23: =1 - EXP(-2*(AF23^2)) -> 0.99999995 | AH23: =(104.7*AD23+0.307*T23-15)*(T23^0.75)*10^-3 -> 1.3198285 | AI23: =AH23*AG23*AC23 -> 1.3198285 | AJ23: =(AI23 * P23) + (0.045 * AA23) -> 0.2639657 | AK23: =$BZ$2 -> 0.08 | AL23: =(AI23 * ((1 - R23) + (0.04 * AI23))) * ( 1 - AK23 ) -> 0.36766421 | AM23: =$BZ$1 -> 0.19 | AN23: =$CA$20 -> 0.6784 | AO23: =AL23 * AM23 * U23 * W23 * AN23 -> 0 | AP23: =AL23*AM23*V23*X23*AN23 -> 0.0002227351 | AQ23: =AO23+AP23 -> 0.0002227351 | AR23: =H23*AQ23*L23 -> 4.0649155 | BA23: 20 | BB23: 0.8 | BC23: =Y23 * 1.6 -> 0 | BD23: =(BA23 * BB23) / 365 -> 0.043835616 | BE23: =N23 * 0.92 -> 0.046 | BF23: 57 | BG23: =T23 / BF23 -> 0.98245614 | BH23: =((0.045 * BC23) + (BD23 * 0.84) + (BE23 * ((212 - 4 * ((BE23 * 1000)/(4* (BF23^0.75)) - 1)) - ((140 - 4 * (((BE23 * 1000)/(4 * BF23 ^0.75)) - 1))/(1 + EXP(-6 * (BG23 - 0.4)))))) * 10^-3) / 6.25 -> 0.0064521714 | BI23: =MAX((AJ23 / 6.25 ) - BH23, 0) -> 0.03578234 | BJ23: =H23*BI23*L23 -> 653.02771
F24: Summer | H24: 210 | I24: 0 | J24: 0 | L24: =$BZ$3 -> 91.25 | N24: -0.05 | P24: 0.1 | R24: 0.61 | T24: 51 | U24: =1-V24 -> 0 | V24: =$V$11 -> 1 | W24: =VLOOKUP($B$11,$CA$10:$CB$16, 2, FALSE) -> 0.72 | X24: =$BZ$10 -> 0.0047 | Y24: =(I24/100)*(MIN(J24,100)/100) -> 0 | Z24: 0 | AA24: =1.6 * Z24 -> 0 | AB24: =$AB$11 -> 1.3 | AC24: =Y24*AB24+(1-Y24) -> 1 | AD24: =(0.795*R24)-0.0014 -> 0.48355 | AF24: 2.5 | AG24: =1 - EXP(-2*(AF24^2)) -> 0.99999627 | AH24: =(104.7*AD24+0.307*T24-15)*(T24^0.75)*10^-3 -> 0.97873546 | AI24: =AH24*AG24*AC24 -> 0.97873182 | AJ24: =(AI24 * P24) + (0.045 * AA24) -> 0.097873182 | AK24: =$BZ$2 -> 0.08 | AL24: =(AI24 * ((1 - R24) + (0.04 * AI24))) * ( 1 - AK24 ) -> 0.38642028 | AM24: =$BZ$1 -> 0.19 | AN24: =$CA$20 -> 0.6784 | AO24: =AL24 * AM24 * U24 * W24 * AN24 -> 0 | AP24: =AL24*AM24*V24*X24*AN24 -> 0.00023409774 | AQ24: =AO24+AP24 -> 0.00023409774 | AR24: =H24*AQ24*L24 -> 4.4858979 | BA24: =BA23 -> 20 | BC24: =Y24 * 1.6 -> 0 | BD24: =BD23 -> 0.043835616 | BE24: =N24 * 0.92 -> -0.046 | BF24: 57 | BG24: =T24 / BF24 -> 0.89473684 | BH24: =((0.045 * BC24) + (BD24 * 0.84) + (BE24 * ((212 - 4 * ((BE24 * 1000)/(4* (BF24^0.75)) - 1)) - ((140 - 4 * (((BE24 * 1000)/(4 * BF24 ^0.75)) - 1))/(1 + EXP(-6 * (BG24 - 0.4)))))) * 10^-3) / 6.25 -> 0.0053089916 | BI24: =MAX((AJ24 / 6.25 ) - BH24, 0) -> 0.010350717 | BJ24: =H24*BI24*L24 -> 198.34562
F25: Autumn | H25: 190 | I25: 0 | J25: 0 | L25: =$BZ$3 -> 91.25 | N25: -0.01 | P25: 0.12 | R25: 0.64 | T25: 50 | U25: =1-V25 -> 0 | V25: =$V$11 -> 1 | W25: =VLOOKUP($B$11,$CA$10:$CB$16, 2, FALSE) -> 0.72 | X25: =$BZ$10 -> 0.0047 | Y25: =(I25/100)*(MIN(J25,100)/100) -> 0 | Z25: 0 | AA25: =1.6 * Z25 -> 0 | AB25: =$AB$11 -> 1.3 | AC25: =Y25*AB25+(1-Y25) -> 1 | AD25: =(0.795*R25)-0.0014 -> 0.5074 | AF25: 1.6 | AG25: =1 - EXP(-2*(AF25^2)) -> 0.99402398 | AH25: =(104.7*AD25+0.307*T25-15)*(T25^0.75)*10^-3 -> 1.0054871 | AI25: =AH25*AG25*AC25 -> 0.9994783 | AJ25: =(AI25 * P25) + (0.045 * AA25) -> 0.1199374 | AK25: =$BZ$2 -> 0.08 | AL25: =(AI25 * ((1 - R25) + (0.04 * AI25))) * ( 1 - AK25 ) -> 0.36778883 | AM25: =$BZ$1 -> 0.19 | AN25: =$CA$20 -> 0.6784 | AO25: =AL25 * AM25 * U25 * W25 * AN25 -> 0 | AP25: =AL25*AM25*V25*X25*AN25 -> 0.00022281059 | AQ25: =AO25+AP25 -> 0.00022281059 | AR25: =H25*AQ25*L25 -> 3.8629786 | BA25: =BA23 -> 20 | BC25: =Y25 * 1.6 -> 0 | BD25: =BD23 -> 0.043835616 | BE25: =N25 * 0.92 -> -0.0092 | BF25: 57 | BG25: =T25 / BF25 -> 0.87719298 | BH25: =((0.045 * BC25) + (BD25 * 0.84) + (BE25 * ((212 - 4 * ((BE25 * 1000)/(4* (BF25^0.75)) - 1)) - ((140 - 4 * (((BE25 * 1000)/(4 * BF25 ^0.75)) - 1))/(1 + EXP(-6 * (BG25 - 0.4)))))) * 10^-3) / 6.25 -> 0.0057740402 | BI25: =MAX((AJ25 / 6.25 ) - BH25, 0) -> 0.013415943 | BJ25: =H25*BI25*L25 -> 232.59891 | BY25: MMS
F26: Winter | H26: 180 | I26: 0 | J26: 0 | L26: =$BZ$3 -> 91.25 | N26: 0.01 | P26: 0.18 | R26: 0.72 | T26: 51 | U26: =1-V26 -> 0 | V26: =$V$11 -> 1 | W26: =VLOOKUP($B$11,$CA$10:$CB$16, 2, FALSE) -> 0.72 | X26: =$BZ$10 -> 0.0047 | Y26: =(I26/100)*(MIN(J26,100)/100) -> 0 | Z26: 0 | AA26: =1.6 * Z26 -> 0 | AB26: =$AB$11 -> 1.3 | AC26: =Y26*AB26+(1-Y26) -> 1 | AD26: =(0.795*R26)-0.0014 -> 0.571 | AF26: 1.7 | AG26: =1 - EXP(-2*(AF26^2)) -> 0.99691128 | AH26: =(104.7*AD26+0.307*T26-15)*(T26^0.75)*10^-3 -> 1.1534722 | AI26: =AH26*AG26*AC26 -> 1.1499094 | AJ26: =(AI26 * P26) + (0.045 * AA26) -> 0.20698369 | AK26: =$BZ$2 -> 0.08 | AL26: =(AI26 * ((1 - R26) + (0.04 * AI26))) * ( 1 - AK26 ) -> 0.344877 | AM26: =$BZ$1 -> 0.19 | AN26: =$CA$20 -> 0.6784 | AO26: =AL26 * AM26 * U26 * W26 * AN26 -> 0 | AP26: =AL26*AM26*V26*X26*AN26 -> 0.00020893035 | AQ26: =AO26+AP26 -> 0.00020893035 | AR26: =H26*AQ26*L26 -> 3.431681 | BA26: =BA23 -> 20 | BC26: =Y26 * 1.6 -> 0 | BD26: =BD23 -> 0.043835616 | BE26: =N26 * 0.92 -> 0.0092 | BF26: 57 | BG26: =T26 / BF26 -> 0.89473684 | BH26: =((0.045 * BC26) + (BD26 * 0.84) + (BE26 * ((212 - 4 * ((BE26 * 1000)/(4* (BF26^0.75)) - 1)) - ((140 - 4 * (((BE26 * 1000)/(4 * BF26 ^0.75)) - 1))/(1 + EXP(-6 * (BG26 - 0.4)))))) * 10^-3) / 6.25 -> 0.0060078185 | BI26: =MAX((AJ26 / 6.25 ) - BH26, 0) -> 0.027109573 | BJ26: =H26*BI26*L26 -> 445.27473 | BY26: ACT | BZ26: 99.25 | CA26: 0.75
E27: Rams | F27: Spring | H27: 50 | I27: 0 | J27: 0 | L27: =$BZ$3 -> 91.25 | N27: 0.07 | P27: 0.2 | R27: 0.75 | T27: 75 | U27: =1-V27 -> 0 | V27: =$V$11 -> 1 | W27: =VLOOKUP($B$11,$CA$10:$CB$16, 2, FALSE) -> 0.72 | X27: =$BZ$10 -> 0.0047 | Y27: =(I27/100)*(MIN(J27,100)/100) -> 0 | Z27: 0 | AA27: =1.6 * Z27 -> 0 | AB27: =$AB$11 -> 1.3 | AC27: =Y27*AB27+(1-Y27) -> 1 | AD27: =(0.795*R27)-0.0014 -> 0.59485 | AF27: 2.9 | AG27: =1 - EXP(-2*(AF27^2)) -> 0.99999995 | AH27: =(104.7*AD27+0.307*T27-15)*(T27^0.75)*10^-3 -> 1.7917898 | AI27: =AH27*AG27*AC27 -> 1.7917898 | AJ27: =(AI27 * P27) + (0.045 * AA27) -> 0.35835795 | AK27: =$BZ$2 -> 0.08 | AL27: =(AI27 * ((1 - R27) + (0.04 * AI27))) * ( 1 - AK27 ) -> 0.53025843 | AM27: =$BZ$1 -> 0.19 | AN27: =$CA$20 -> 0.6784 | AO27: =AL27 * AM27 * U27 * W27 * AN27 -> 0 | AP27: =AL27*AM27*V27*X27*AN27 -> 0.0003212365 | AQ27: =AO27+AP27 -> 0.0003212365 | AR27: =H27*AQ27*L27 -> 1.4656415 | BA27: 15 | BB27: 0.85 | BC27: =Y27 * 1.6 -> 0 | BD27: =(BA27 * BB27) / 365 -> 0.034931507 | BE27: =N27 * 0.92 -> 0.0644 | BF27: 78 | BG27: =T27 / BF27 -> 0.96153846 | BH27: =((0.045 * BC27) + (BD27 * 0.84) + (BE27 * ((212 - 4 * ((BE27 * 1000)/(4* (BF27^0.75)) - 1)) - ((140 - 4 * (((BE27 * 1000)/(4 * BF27 ^0.75)) - 1))/(1 + EXP(-6 * (BG27 - 0.4)))))) * 10^-3) / 6.25 -> 0.0054852081 | BI27: =MAX((AJ27 / 6.25 ) - BH27, 0) -> 0.051852064 | BJ27: =H27*BI27*L27 -> 236.57504 | BY27: NSW | BZ27: 99.55 | CA27: 0.45
F28: Summer | H28: 55 | I28: 0 | J28: 0 | L28: =$BZ$3 -> 91.25 | N28: 0 | P28: 0.1 | R28: 0.61 | T28: 75 | U28: =1-V28 -> 0 | V28: =$V$11 -> 1 | W28: =VLOOKUP($B$11,$CA$10:$CB$16, 2, FALSE) -> 0.72 | X28: =$BZ$10 -> 0.0047 | Y28: =(I28/100)*(MIN(J28,100)/100) -> 0 | Z28: 0 | AA28: =1.6 * Z28 -> 0 | AB28: =$AB$11 -> 1.3 | AC28: =Y28*AB28+(1-Y28) -> 1 | AD28: =(0.795*R28)-0.0014 -> 0.48355 | AF28: 2.5 | AG28: =1 - EXP(-2*(AF28^2)) -> 0.99999627 | AH28: =(104.7*AD28+0.307*T28-15)*(T28^0.75)*10^-3 -> 1.4948026 | AI28: =AH28*AG28*AC28 -> 1.494797 | AJ28: =(AI28 * P28) + (0.045 * AA28) -> 0.1494797 | AK28: =$BZ$2 -> 0.08 | AL28: =(AI28 * ((1 - R28) + (0.04 * AI28))) * ( 1 - AK28 ) -> 0.61855976 | AM28: =$BZ$1 -> 0.19 | AN28: =$CA$20 -> 0.6784 | AO28: =AL28 * AM28 * U28 * W28 * AN28 -> 0 | AP28: =AL28*AM28*V28*X28*AN28 -> 0.00037473043 | AQ28: =AO28+AP28 -> 0.00037473043 | AR28: =H28*AQ28*L28 -> 1.8806784 | BA28: =BA27 -> 15 | BC28: =Y28 * 1.6 -> 0 | BD28: =BD27 -> 0.034931507 | BE28: =N28 * 0.92 -> 0 | BF28: 78 | BG28: =T28 / BF28 -> 0.96153846 | BH28: =((0.045 * BC28) + (BD28 * 0.84) + (BE28 * ((212 - 4 * ((BE28 * 1000)/(4* (BF28^0.75)) - 1)) - ((140 - 4 * (((BE28 * 1000)/(4 * BF28 ^0.75)) - 1))/(1 + EXP(-6 * (BG28 - 0.4)))))) * 10^-3) / 6.25 -> 0.0046947945 | BI28: =MAX((AJ28 / 6.25 ) - BH28, 0) -> 0.019221958 | BJ28: =H28*BI28*L28 -> 96.470202 | BY28: QLD | BZ28: 99.91 | CA28: 0.09
F29: Autumn | H29: 60 | I29: 0 | J29: 0 | L29: =$BZ$3 -> 91.25 | N29: -0.07 | P29: 0.12 | R29: 0.64 | T29: 69 | U29: =1-V29 -> 0 | V29: =$V$11 -> 1 | W29: =VLOOKUP($B$11,$CA$10:$CB$16, 2, FALSE) -> 0.72 | X29: =$BZ$10 -> 0.0047 | Y29: =(I29/100)*(MIN(J29,100)/100) -> 0 | Z29: 0 | AA29: =1.6 * Z29 -> 0 | AB29: =$AB$11 -> 1.3 | AC29: =Y29*AB29+(1-Y29) -> 1 | AD29: =(0.795*R29)-0.0014 -> 0.5074 | AF29: 1.6 | AG29: =1 - EXP(-2*(AF29^2)) -> 0.99402398 | AH29: =(104.7*AD29+0.307*T29-15)*(T29^0.75)*10^-3 -> 1.4198697 | AI29: =AH29*AG29*AC29 -> 1.4113845 | AJ29: =(AI29 * P29) + (0.045 * AA29) -> 0.16936614 | AK29: =$BZ$2 -> 0.08 | AL29: =(AI29 * ((1 - R29) + (0.04 * AI29))) * ( 1 - AK29 ) -> 0.54075638 | AM29: =$BZ$1 -> 0.19 | AN29: =$CA$20 -> 0.6784 | AO29: =AL29 * AM29 * U29 * W29 * AN29 -> 0 | AP29: =AL29*AM29*V29*X29*AN29 -> 0.00032759627 | AQ29: =AO29+AP29 -> 0.00032759627 | AR29: =H29*AQ29*L29 -> 1.7935896 | BA29: =BA27 -> 15 | BC29: =Y29 * 1.6 -> 0 | BD29: =BD27 -> 0.034931507 | BE29: =N29 * 0.92 -> -0.0644 | BF29: 78 | BG29: =T29 / BF29 -> 0.88461538 | BH29: =((0.045 * BC29) + (BD29 * 0.84) + (BE29 * ((212 - 4 * ((BE29 * 1000)/(4* (BF29^0.75)) - 1)) - ((140 - 4 * (((BE29 * 1000)/(4 * BF29 ^0.75)) - 1))/(1 + EXP(-6 * (BG29 - 0.4)))))) * 10^-3) / 6.25 -> 0.0038747756 | BI29: =MAX((AJ29 / 6.25 ) - BH29, 0) -> 0.023223807 | BJ29: =H29*BI29*L29 -> 127.15034 | BY29: SA | BZ29: 99.74 | CA29: 0.26
F30: Winter | H30: 65 | I30: 0 | J30: 0 | L30: =$BZ$3 -> 91.25 | N30: 0 | P30: 0.18 | R30: 0.72 | T30: 69 | U30: =1-V30 -> 0 | V30: =$V$11 -> 1 | W30: =VLOOKUP($B$11,$CA$10:$CB$16, 2, FALSE) -> 0.72 | X30: =$BZ$10 -> 0.0047 | Y30: =(I30/100)*(MIN(J30,100)/100) -> 0 | Z30: 0 | AA30: =1.6 * Z30 -> 0 | AB30: =$AB$11 -> 1.3 | AC30: =Y30*AB30+(1-Y30) -> 1 | AD30: =(0.795*R30)-0.0014 -> 0.571 | AF30: 1.7 | AG30: =1 - EXP(-2*(AF30^2)) -> 0.99691128 | AH30: =(104.7*AD30+0.307*T30-15)*(T30^0.75)*10^-3 -> 1.5792889 | AI30: =AH30*AG30*AC30 -> 1.5744109 | AJ30: =(AI30 * P30) + (0.045 * AA30) -> 0.28339396 | AK30: =$BZ$2 -> 0.08 | AL30: =(AI30 * ((1 - R30) + (0.04 * AI30))) * ( 1 - AK30 ) -> 0.49678697 | AM30: =$BZ$1 -> 0.19 | AN30: =$CA$20 -> 0.6784 | AO30: =AL30 * AM30 * U30 * W30 * AN30 -> 0 | AP30: =AL30*AM30*V30*X30*AN30 -> 0.00030095911 | AQ30: =AO30+AP30 -> 0.00030095911 | AR30: =H30*AQ30*L30 -> 1.7850637 | BA30: =BA27 -> 15 | BC30: =Y30 * 1.6 -> 0 | BD30: =BD27 -> 0.034931507 | BE30: =N30 * 0.92 -> 0 | BF30: 78 | BG30: =T30 / BF30 -> 0.88461538 | BH30: =((0.045 * BC30) + (BD30 * 0.84) + (BE30 * ((212 - 4 * ((BE30 * 1000)/(4* (BF30^0.75)) - 1)) - ((140 - 4 * (((BE30 * 1000)/(4 * BF30 ^0.75)) - 1))/(1 + EXP(-6 * (BG30 - 0.4)))))) * 10^-3) / 6.25 -> 0.0046947945 | BI30: =MAX((AJ30 / 6.25 ) - BH30, 0) -> 0.04064824 | BJ30: =H30*BI30*L30 -> 241.09487 | BY30: TAS | BZ30: 99.5 | CA30: 0.5
E31: Wethers | F31: Spring | H31: 50 | I31: 0 | J31: 0 | L31: =$BZ$3 -> 91.25 | N31: 0.08 | P31: 0.2 | R31: 0.75 | T31: 62 | U31: =1-V31 -> 0 | V31: =$V$11 -> 1 | W31: =VLOOKUP($B$11,$CA$10:$CB$16, 2, FALSE) -> 0.72 | X31: =$BZ$10 -> 0.0047 | Y31: =(I31/100)*(MIN(J31,100)/100) -> 0 | Z31: 0 | AA31: =1.6 * Z31 -> 0 | AB31: =$AB$11 -> 1.3 | AC31: =Y31*AB31+(1-Y31) -> 1 | AD31: =(0.795*R31)-0.0014 -> 0.59485 | AF31: 2.9 | AG31: =1 - EXP(-2*(AF31^2)) -> 0.99999995 | AH31: =(104.7*AD31+0.307*T31-15)*(T31^0.75)*10^-3 -> 1.4652246 | AI31: =AH31*AG31*AC31 -> 1.4652245 | AJ31: =(AI31 * P31) + (0.045 * AA31) -> 0.2930449 | AK31: =$BZ$2 -> 0.08 | AL31: =(AI31 * ((1 - R31) + (0.04 * AI31))) * ( 1 - AK31 ) -> 0.41600693 | AM31: =$BZ$1 -> 0.19 | AN31: =$CA$20 -> 0.6784 | AO31: =AL31 * AM31 * U31 * W31 * AN31 -> 0 | AP31: =AL31*AM31*V31*X31*AN31 -> 0.00025202166 | AQ31: =AO31+AP31 -> 0.00025202166 | AR31: =H31*AQ31*L31 -> 1.1498488 | BA31: 18 | BB31: 0.8 | BC31: =Y31 * 1.6 -> 0 | BD31: =(BA31 * BB31) / 365 -> 0.039452055 | BE31: =N31 * 0.92 -> 0.0736 | BF31: 62 | BG31: =T31 / BF31 -> 1 | BH31: =((0.045 * BC31) + (BD31 * 0.84) + (BE31 * ((212 - 4 * ((BE31 * 1000)/(4* (BF31^0.75)) - 1)) - ((140 - 4 * (((BE31 * 1000)/(4 * BF31 ^0.75)) - 1))/(1 + EXP(-6 * (BG31 - 0.4)))))) * 10^-3) / 6.25 -> 0.0061942865 | BI31: =MAX((AJ31 / 6.25 ) - BH31, 0) -> 0.040692898 | BJ31: =H31*BI31*L31 -> 185.66135 | BY31: VIC | BZ31: 99.17 | CA31: 0.83
F32: Summer | H32: 100 | I32: 0 | J32: 0 | L32: =$BZ$3 -> 91.25 | N32: -0.08 | P32: 0.1 | R32: 0.61 | T32: 55 | U32: =1-V32 -> 0 | V32: =$V$11 -> 1 | W32: =VLOOKUP($B$11,$CA$10:$CB$16, 2, FALSE) -> 0.72 | X32: =$BZ$10 -> 0.0047 | Y32: =(I32/100)*(MIN(J32,100)/100) -> 0 | Z32: 0 | AA32: =1.6 * Z32 -> 0 | AB32: =$AB$11 -> 1.3 | AC32: =Y32*AB32+(1-Y32) -> 1 | AD32: =(0.795*R32)-0.0014 -> 0.48355 | AF32: 2.5 | AG32: =1 - EXP(-2*(AF32^2)) -> 0.99999627 | AH32: =(104.7*AD32+0.307*T32-15)*(T32^0.75)*10^-3 -> 1.0605624 | AI32: =AH32*AG32*AC32 -> 1.0605585 | AJ32: =(AI32 * P32) + (0.045 * AA32) -> 0.10605585 | AK32: =$BZ$2 -> 0.08 | AL32: =(AI32 * ((1 - R32) + (0.04 * AI32))) * ( 1 - AK32 ) -> 0.42192045 | AM32: =$BZ$1 -> 0.19 | AN32: =$CA$20 -> 0.6784 | AO32: =AL32 * AM32 * U32 * W32 * AN32 -> 0 | AP32: =AL32*AM32*V32*X32*AN32 -> 0.00025560413 | AQ32: =AO32+AP32 -> 0.00025560413 | AR32: =H32*AQ32*L32 -> 2.3323877 | BA32: =BA31 -> 18 | BC32: =Y32 * 1.6 -> 0 | BD32: =BD31 -> 0.039452055 | BE32: =N32 * 0.92 -> -0.0736 | BF32: 62 | BG32: =T32 / BF32 -> 0.88709677 | BH32: =((0.045 * BC32) + (BD32 * 0.84) + (BE32 * ((212 - 4 * ((BE32 * 1000)/(4* (BF32^0.75)) - 1)) - ((140 - 4 * (((BE32 * 1000)/(4 * BF32 ^0.75)) - 1))/(1 + EXP(-6 * (BG32 - 0.4)))))) * 10^-3) / 6.25 -> 0.0043659164 | BI32: =MAX((AJ32 / 6.25 ) - BH32, 0) -> 0.012603019 | BJ32: =H32*BI32*L32 -> 115.00255 | BY32: WA | BZ32: 99.59 | CA32: 0.41
F33: Autumn | H33: 90 | I33: 0 | J33: 0 | L33: =$BZ$3 -> 91.25 | N33: 0 | P33: 0.12 | R33: 0.64 | T33: 55 | U33: =1-V33 -> 0 | V33: =$V$11 -> 1 | W33: =VLOOKUP($B$11,$CA$10:$CB$16, 2, FALSE) -> 0.72 | X33: =$BZ$10 -> 0.0047 | Y33: =(I33/100)*(MIN(J33,100)/100) -> 0 | Z33: 0 | AA33: =1.6 * Z33 -> 0 | AB33: =$AB$11 -> 1.3 | AC33: =Y33*AB33+(1-Y33) -> 1 | AD33: =(0.795*R33)-0.0014 -> 0.5074 | AF33: 1.6 | AG33: =1 - EXP(-2*(AF33^2)) -> 0.99402398 | AH33: =(104.7*AD33+0.307*T33-15)*(T33^0.75)*10^-3 -> 1.1109945 | AI33: =AH33*AG33*AC33 -> 1.1043552 | AJ33: =(AI33 * P33) + (0.045 * AA33) -> 0.13252263 | AK33: =$BZ$2 -> 0.08 | AL33: =(AI33 * ((1 - R33) + (0.04 * AI33))) * ( 1 - AK33 ) -> 0.41064374 | AM33: =$BZ$1 -> 0.19 | AN33: =$CA$20 -> 0.6784 | AO33: =AL33 * AM33 * U33 * W33 * AN33 -> 0 | AP33: =AL33*AM33*V33*X33*AN33 -> 0.00024877258 | AQ33: =AO33+AP33 -> 0.00024877258 | AR33: =H33*AQ33*L33 -> 2.0430448 | BA33: =BA31 -> 18 | BC33: =Y33 * 1.6 -> 0 | BD33: =BD31 -> 0.039452055 | BE33: =N33 * 0.92 -> 0 | BF33: 62 | BG33: =T33 / BF33 -> 0.88709677 | BH33: =((0.045 * BC33) + (BD33 * 0.84) + (BE33 * ((212 - 4 * ((BE33 * 1000)/(4* (BF33^0.75)) - 1)) - ((140 - 4 * (((BE33 * 1000)/(4 * BF33 ^0.75)) - 1))/(1 + EXP(-6 * (BG33 - 0.4)))))) * 10^-3) / 6.25 -> 0.0053023562 | BI33: =MAX((AJ33 / 6.25 ) - BH33, 0) -> 0.015901264 | BJ33: =H33*BI33*L33 -> 130.58913
F34: Winter | H34: 80 | I34: 0 | J34: 0 | L34: =$BZ$3 -> 91.25 | N34: 0 | P34: 0.18 | R34: 0.72 | T34: 55 | U34: =1-V34 -> 0 | V34: =$V$11 -> 1 | W34: =VLOOKUP($B$11,$CA$10:$CB$16, 2, FALSE) -> 0.72 | X34: =$BZ$10 -> 0.0047 | Y34: =(I34/100)*(MIN(J34,100)/100) -> 0 | Z34: 0 | AA34: =1.6 * Z34 -> 0 | AB34: =$AB$11 -> 1.3 | AC34: =Y34*AB34+(1-Y34) -> 1 | AD34: =(0.795*R34)-0.0014 -> 0.571 | AF34: 1.7 | AG34: =1 - EXP(-2*(AF34^2)) -> 0.99691128 | AH34: =(104.7*AD34+0.307*T34-15)*(T34^0.75)*10^-3 -> 1.2454802 | AI34: =AH34*AG34*AC34 -> 1.2416332 | AJ34: =(AI34 * P34) + (0.045 * AA34) -> 0.22349398 | AK34: =$BZ$2 -> 0.08 | AL34: =(AI34 * ((1 - R34) + (0.04 * AI34))) * ( 1 - AK34 ) -> 0.37657755 | AM34: =$BZ$1 -> 0.19 | AN34: =$CA$20 -> 0.6784 | AO34: =AL34 * AM34 * U34 * W34 * AN34 -> 0 | AP34: =AL34*AM34*V34*X34*AN34 -> 0.0002281349 | AQ34: =AO34+AP34 -> 0.0002281349 | AR34: =H34*AQ34*L34 -> 1.6653847 | BA34: =BA31 -> 18 | BC34: =Y34 * 1.6 -> 0 | BD34: =BD31 -> 0.039452055 | BE34: =N34 * 0.92 -> 0 | BF34: 62 | BG34: =T34 / BF34 -> 0.88709677 | BH34: =((0.045 * BC34) + (BD34 * 0.84) + (BE34 * ((212 - 4 * ((BE34 * 1000)/(4* (BF34^0.75)) - 1)) - ((140 - 4 * (((BE34 * 1000)/(4 * BF34 ^0.75)) - 1))/(1 + EXP(-6 * (BG34 - 0.4)))))) * 10^-3) / 6.25 -> 0.0053023562 | BI34: =MAX((AJ34 / 6.25 ) - BH34, 0) -> 0.03045668 | BJ34: =H34*BI34*L34 -> 222.33377
BY36: EFN2O
BY37: Irrigated pasture | BZ37: 0.0059 | CD37: Tropical montane | CE37: 0.006 | CF37: wet
BY38: Irrigated crop | BZ38: 0.007 | CD38: Tropical wet | CE38: 0.006 | CF38: wet
BY39: Non-irrigated pasture | BZ39: 0.0018 | CD39: Tropical moist | CE39: 0.006 | CF39: wet
BY40: Non-irrigated crop (low rainfall) | BZ40: 0.0029 | CD40: Warm temperate moist | CE40: 0.006 | CF40: wet
A41: NSW | B41: NSW | C41: ACT/NSW | D41: no | E41: Breeding ewes | F41: Spring | H41: 100 | I41: 95 | J41: 90 | L41: =$BZ$3 -> 91.25 | N41: {=_xlfn.DROP(_xlfn.XLOOKUP($C41,TableLWG2_1[[#Headers],[ACT/NSW]:[WA]],TableLWG2_1[[#All],[ACT/NSW]:[WA]]),1)} -> 0.04 | P41: {=_xlfn.DROP(_xlfn.XLOOKUP($C41,QueryCP[[#Headers],[ACT/NSW]:[WA]],QueryCP[[#All],[ACT/NSW]:[WA]]),1)} -> 0.2 | R41: {=_xlfn.DROP(_xlfn.XLOOKUP($C41,QueryDMD[[#Headers],[ACT/NSW]:[WA]],QueryDMD[[#All],[ACT/NSW]:[WA]]),1)} -> 0.75 | T41: {=_xlfn.DROP(_xlfn.XLOOKUP($C41,QueryW[[#Headers],[ACT/NSW]:[WA]],QueryW[[#All],[ACT/NSW]:[WA]]),1)} -> 54 | U41: =1-V41 -> 0.0045 | V41: =IF($D41="yes", 1, VLOOKUP($B41, $BY$26:$CA$32, 2, FALSE)/100) -> 0.9955 | W41: =VLOOKUP($B41,$CA$10:$CB$16, 2, FALSE) -> 0.75 | X41: =$BZ$10 -> 0.0047 | Y41: =(I41/100)*(MIN(J41,100)/100) -> 0.855 | Z41: 0 | AA41: =1.6 * Z41 -> 0 | AB41: =$CC$1 -> 1.3 | AC41: =Y41*AB41+(1-Y41) -> 1.2565 | AD41: =(0.795*R41)-0.0014 -> 0.59485 | AF41: {=_xlfn.DROP(_xlfn.XLOOKUP($C41,QueryDMA[[#Headers],[ACT/NSW]:[WA]],QueryDMA[[#All],[ACT/NSW]:[WA]]),1)} -> 2.9 | AG41: =1 - EXP(-2*(AF41^2)) -> 0.99999995 | AH41: =(104.7*AD41+0.307*T41-15)*(T41^0.75)*10^-3 -> 1.2720847 | AI41: =AH41*AG41*AC41 -> 1.5983744 | AJ41: =(AI41 * P41) + (0.045 * AA41) -> 0.31967488 | AK41: =$BZ$2 -> 0.08 | AL41: =(AI41 * ((1 - R41) + (0.04 * AI41))) * ( 1 - AK41 ) -> 0.46164277 | AM41: =$BZ$1 -> 0.19 | AN41: =$CA$20 -> 0.6784 | AO41: =AL41 * AM41 * U41 * W41 * AN41 -> 0.00020082569 | AP41: =AL41*AM41*V41*X41*AN41 -> 0.00027840985 | AQ41: =AO41+AP41 -> 0.00047923554 | AR41: =H41*AQ41*L41 -> 4.3730243 | AS41: =SUM(AR41:AR64)*10^-3 -> 0.092374227 | AT41: no | AU41: =IF(AT41="yes", 1,0) -> 0 | AV41: =$BZ$4 -> 0.24 | AW41: Tropical dry | AX41: =VLOOKUP(AW41,$CD$37:$CF$46,2, FALSE) -> 0.002 | AY41: =$BZ$7 -> 1.57 | AZ41: =$BZ$5 -> 0.21 | BA41: 20 | BB41: 0.8 | BC41: =Y41 * 1.6 -> 1.368 | BD41: =(BA41 * BB41) / 365 -> 0.043835616 | BE41: =N41 * 0.92 -> 0.0368 | BF41: {=_xlfn.DROP(_xlfn.XLOOKUP($C41,QuerySRW[[#Headers],[ACT/NSW]:[WA]],QuerySRW[[#All],[ACT/NSW]:[WA]]),1)} -> 57 | BG41: =T41 / BF41 -> 0.94736842 | BH41: =((0.045 * BC41) + (BD41 * 0.84) + (BE41 * ((212 - 4 * ((BE41 * 1000)/(4* (BF41^0.75)) - 1)) - ((140 - 4 * (((BE41 * 1000)/(4 * BF41 ^0.75)) - 1))/(1 + EXP(-6 * (BG41 - 0.4)))))) * 10^-3) / 6.25 -> 0.016195288 | BI41: =MAX((AJ41 / 6.25 ) - BH41, 0) -> 0.034952692 | BJ41: =H41*BI41*L41 -> 318.94332 | BK41: =SUM(BJ41:BJ64) -> 5093.7808 | BL41: =BK41*$AU$11*$AV$11 -> 1222.5074 | BM41: =BK41 * AZ41 -> 1069.694 | BN41: Non-irrigated crop (low rainfall) | BO41: =VLOOKUP(BN41, $BY$37:$BZ$49, 2, FALSE) -> 0.0029 | BP41: =BM41 * BO41 * AY41 * 10^-3 -> 0.0048703166 | BQ41: =BK41 * AU41 * AV41 -> 0 | BR41: =$BZ$6 -> 0.011 | BS41: =BK41 * AX41 * AY41 * 10^-3 -> 0.015994472 | BT41: =BQ41 * BR41 * AY41 * 10^-3 -> 0 | BY41: Non-irrigated crop (high rainfall) | BZ41: 0.008 | CD41: Cool temperate moist | CE41: 0.006 | CF41: wet
F42: Summer | H42: 70 | I42: 0 | J42: 0 | L42: =$BZ$3 -> 91.25 | N42: -0.05 | P42: 0.1 | R42: 0.61 | T42: 49 | U42: =1-V42 -> 0.0045 | V42: =V41 -> 0.9955 | W42: =W41 -> 0.75 | X42: =$BZ$10 -> 0.0047 | Y42: =(I42/100)*(MIN(J42,100)/100) -> 0 | Z42: 0 | AA42: =1.6 * Z42 -> 0 | AB42: =$AB$11 -> 1.3 | AC42: =Y42*AB42+(1-Y42) -> 1 | AD42: =(0.795*R42)-0.0014 -> 0.48355 | AF42: 2.5 | AG42: =1 - EXP(-2*(AF42^2)) -> 0.99999627 | AH42: =(104.7*AD42+0.307*T42-15)*(T42^0.75)*10^-3 -> 0.93843422 | AI42: =AH42*AG42*AC42 -> 0.93843072 | AJ42: =(AI42 * P42) + (0.045 * AA42) -> 0.093843072 | AK42: =$BZ$2 -> 0.08 | AL42: =(AI42 * ((1 - R42) + (0.04 * AI42))) * ( 1 - AK42 ) -> 0.36911694 | AM42: =$BZ$1 -> 0.19 | AN42: =$CA$20 -> 0.6784 | AO42: =AL42 * AM42 * U42 * W42 * AN42 -> 0.00016057473 | AP42: =AL42*AM42*V42*X42*AN42 -> 0.00022260891 | AQ42: =AO42+AP42 -> 0.00038318364 | AR42: =H42*AQ42*L42 -> 2.4475855 | BA42: =BA41 -> 20 | BC42: =Y42 * 1.6 -> 0 | BD42: =BD41 -> 0.043835616 | BE42: =N42 * 0.92 -> -0.046 | BF42: 57 | BG42: =T42 / BF42 -> 0.85964912 | BH42: =((0.045 * BC42) + (BD$11 * 0.84) + (BE42 * ((212 - 4 * ((BE42 * 1000)/(4* (BF42^0.75)) - 1)) - ((140 - 4 * (((BE42 * 1000)/(4 * BF42 ^0.75)) - 1))/(1 + EXP(-6 * (BG42 - 0.4)))))) * 10^-3) / 6.25 -> 0.0052974021 | BI42: =MAX((AJ42 / 6.25 ) - BH42, 0) -> 0.0097174894 | BJ42: =H42*BI42*L42 -> 62.070464 | BY42: Sugar | BZ42: 0.0199 | CD42: Boreal moist | CE42: 0.006 | CF42: wet
F43: Autumn | H43: 65 | I43: 0 | J43: 0 | L43: =$BZ$3 -> 91.25 | N43: 0.01 | P43: 0.12 | R43: 0.64 | T43: 50 | U43: =1-V43 -> 0.0045 | V43: =V41 -> 0.9955 | W43: =W41 -> 0.75 | X43: =$BZ$10 -> 0.0047 | Y43: =(I43/100)*(MIN(J43,100)/100) -> 0 | Z43: 0 | AA43: =1.6 * Z43 -> 0 | AB43: =$AB$11 -> 1.3 | AC43: =Y43*AB43+(1-Y43) -> 1 | AD43: =(0.795*R43)-0.0014 -> 0.5074 | AF43: 1.6 | AG43: =1 - EXP(-2*(AF43^2)) -> 0.99402398 | AH43: =(104.7*AD43+0.307*T43-15)*(T43^0.75)*10^-3 -> 1.0054871 | AI43: =AH43*AG43*AC43 -> 0.9994783 | AJ43: =(AI43 * P43) + (0.045 * AA43) -> 0.1199374 | AK43: =$BZ$2 -> 0.08 | AL43: =(AI43 * ((1 - R43) + (0.04 * AI43))) * ( 1 - AK43 ) -> 0.36778883 | AM43: =$BZ$1 -> 0.19 | AN43: =$CA$20 -> 0.6784 | AO43: =AL43 * AM43 * U43 * W43 * AN43 -> 0.00015999697 | AP43: =AL43*AM43*V43*X43*AN43 -> 0.00022180794 | AQ43: =AO43+AP43 -> 0.00038180491 | AR43: =H43*AQ43*L43 -> 2.2645804 | BA43: =BA41 -> 20 | BC43: =Y43 * 1.6 -> 0 | BD43: =BD41 -> 0.043835616 | BE43: =N43 * 0.92 -> 0.0092 | BF43: 57 | BG43: =T43 / BF43 -> 0.87719298 | BH43: =((0.045 * BC43) + (BD$11 * 0.84) + (BE43 * ((212 - 4 * ((BE43 * 1000)/(4* (BF43^0.75)) - 1)) - ((140 - 4 * (((BE43 * 1000)/(4 * BF43 ^0.75)) - 1))/(1 + EXP(-6 * (BG43 - 0.4)))))) * 10^-3) / 6.25 -> 0.006008903 | BI43: =MAX((AJ43 / 6.25 ) - BH43, 0) -> 0.01318108 | BJ43: =H43*BI43*L43 -> 78.180283 | BY43: Cotton | BZ43: 0.0053 | CD43: Tropical dry | CE43: 0.002 | CF43: dry
F44: Winter | H44: 80 | I44: 0 | J44: 0 | L44: =$BZ$3 -> 91.25 | N44: 0 | P44: 0.18 | R44: 0.72 | T44: 50 | U44: =1-V44 -> 0.0045 | V44: =V41 -> 0.9955 | W44: =W41 -> 0.75 | X44: =$BZ$10 -> 0.0047 | Y44: =(I44/100)*(MIN(J44,100)/100) -> 0 | Z44: 0 | AA44: =1.6 * Z44 -> 0 | AB44: =$AB$11 -> 1.3 | AC44: =Y44*AB44+(1-Y44) -> 1 | AD44: =(0.795*R44)-0.0014 -> 0.571 | AF44: 1.7 | AG44: =1 - EXP(-2*(AF44^2)) -> 0.99691128 | AH44: =(104.7*AD44+0.307*T44-15)*(T44^0.75)*10^-3 -> 1.1306949 | AI44: =AH44*AG44*AC44 -> 1.1272025 | AJ44: =(AI44 * P44) + (0.045 * AA44) -> 0.20289645 | AK44: =$BZ$2 -> 0.08 | AL44: =(AI44 * ((1 - R44) + (0.04 * AI44))) * ( 1 - AK44 ) -> 0.33712491 | AM44: =$BZ$1 -> 0.19 | AN44: =$CA$20 -> 0.6784 | AO44: =AL44 * AM44 * U44 * W44 * AN44 -> 0.00014665743 | AP44: =AL44*AM44*V44*X44*AN44 -> 0.00020331499 | AQ44: =AO44+AP44 -> 0.00034997242 | AR44: =H44*AQ44*L44 -> 2.5547987 | BA44: =BA41 -> 20 | BC44: =Y44 * 1.6 -> 0 | BD44: =BD41 -> 0.043835616 | BE44: =N44 * 0.92 -> 0 | BF44: 57 | BG44: =T44 / BF44 -> 0.87719298 | BH44: =((0.045 * BC44) + (BD$11 * 0.84) + (BE44 * ((212 - 4 * ((BE44 * 1000)/(4* (BF44^0.75)) - 1)) - ((140 - 4 * (((BE44 * 1000)/(4 * BF44 ^0.75)) - 1))/(1 + EXP(-6 * (BG44 - 0.4)))))) * 10^-3) / 6.25 -> 0.0058915068 | BI44: =MAX((AJ44 / 6.25 ) - BH44, 0) -> 0.026571925 | BJ44: =H44*BI44*L44 -> 193.97505 | BY44: Horticultural crops | BZ44: 0.0064 | CD44: Warm temperate dry | CE44: 0.002 | CF44: dry
E45: Lambs and hoggets | F45: Spring | H45: 200 | I45: 0 | J45: 0 | L45: =$BZ$3 -> 91.25 | N45: 0.16 | P45: 0.2 | R45: 0.75 | T45: 20 | U45: =1-V45 -> 0.0045 | V45: =V41 -> 0.9955 | W45: =W41 -> 0.75 | X45: =$BZ$10 -> 0.0047 | Y45: =(I45/100)*(MIN(J45,100)/100) -> 0 | Z45: 1 | AA45: =1.6 * Z45 -> 1.6 | AB45: =$AB$11 -> 1.3 | AC45: =Y45*AB45+(1-Y45) -> 1 | AD45: =(0.795*R45)-0.0014 -> 0.59485 | AF45: 2.9 | AG45: =1 - EXP(-2*(AF45^2)) -> 0.99999995 | AH45: =(104.7*AD45+0.307*T45-15)*(T45^0.75)*10^-3 -> 0.50522269 | AI45: =AH45*AG45*AC45 -> 0.50522266 | AJ45: =(AI45 * P45) + (0.045 * AA45) -> 0.17304453 | AK45: =$BZ$2 -> 0.08 | AL45: =(AI45 * ((1 - R45) + (0.04 * AI45))) * ( 1 - AK45 ) -> 0.12559441 | AM45: =$BZ$1 -> 0.19 | AN45: =$CA$20 -> 0.6784 | AO45: =AL45 * AM45 * U45 * W45 * AN45 -> 5.4636583e-05 | AP45: =AL45*AM45*V45*X45*AN45 -> 7.5744111e-05 | AQ45: =AO45+AP45 -> 0.00013038069 | AR45: =H45*AQ45*L45 -> 2.3794477 | BA45: 15 | BB45: 0.85 | BC45: =Y45 * 1.6 -> 0 | BD45: =(BA45 * BB45) / 365 -> 0.034931507 | BE45: =N45 * 0.92 -> 0.1472 | BF45: 60 | BG45: =T45 / BF45 -> 0.33333333 | BH45: =((0.045 * BC45) + (BD$15 * 0.84) + (BE45 * ((212 - 4 * ((BE45 * 1000)/(4* (BF45^0.75)) - 1)) - ((140 - 4 * (((BE45 * 1000)/(4 * BF45 ^0.75)) - 1))/(1 + EXP(-6 * (BG45 - 0.4)))))) * 10^-3) / 6.25 -> 0.0083247036 | BI45: =MAX((AJ45 / 6.25 ) - BH45, 0) -> 0.019362422 | BJ45: =H45*BI45*L45 -> 353.36419 | BY45: Aquaculture | BZ45: 0.0026 | CD45: Cool temperate dry | CE45: 0.002 | CF45: dry
F46: Summer | H46: 210 | I46: 0 | J46: 0 | L46: =$BZ$3 -> 91.25 | N46: 0.08 | P46: 0.1 | R46: 0.61 | T46: 27 | U46: =1-V46 -> 0.0045 | V46: =V41 -> 0.9955 | W46: =W41 -> 0.75 | X46: =$BZ$10 -> 0.0047 | Y46: =(I46/100)*(MIN(J46,100)/100) -> 0 | Z46: 0 | AA46: =1.6 * Z46 -> 0 | AB46: =$AB$11 -> 1.3 | AC46: =Y46*AB46+(1-Y46) -> 1 | AD46: =(0.795*R46)-0.0014 -> 0.48355 | AF46: 2.5 | AG46: =1 - EXP(-2*(AF46^2)) -> 0.99999627 | AH46: =(104.7*AD46+0.307*T46-15)*(T46^0.75)*10^-3 -> 0.52017847 | AI46: =AH46*AG46*AC46 -> 0.52017653 | AJ46: =(AI46 * P46) + (0.045 * AA46) -> 0.052017653 | AK46: =$BZ$2 -> 0.08 | AL46: =(AI46 * ((1 - R46) + (0.04 * AI46))) * ( 1 - AK46 ) -> 0.19659682 | AM46: =$BZ$1 -> 0.19 | AN46: =$CA$20 -> 0.6784 | AO46: =AL46 * AM46 * U46 * W46 * AN46 -> 8.5524334e-05 | AP46: =AL46*AM46*V46*X46*AN46 -> 0.0001185646 | AQ46: =AO46+AP46 -> 0.00020408894 | AR46: =H46*AQ46*L46 -> 3.9108542 | BA46: =BA45 -> 15 | BC46: =Y46 * 1.6 -> 0 | BD46: =BD45 -> 0.034931507 | BE46: =N46 * 0.92 -> 0.0736 | BF46: 60 | BG46: =T46 / BF46 -> 0.45 | BH46: =((0.045 * BC46) + (BD46 * 0.84) + (BE46 * ((212 - 4 * ((BE46 * 1000)/(4* (BF46^0.75)) - 1)) - ((140 - 4 * (((BE46 * 1000)/(4 * BF46 ^0.75)) - 1))/(1 + EXP(-6 * (BG46 - 0.4)))))) * 10^-3) / 6.25 -> 0.0062471942 | BI46: =MAX((AJ46 / 6.25 ) - BH46, 0) -> 0.0020756303 | BJ46: =H46*BI46*L46 -> 39.774265 | BY46: Rice (continuous flooding) | BZ46: 0.003 | CD46: Boreal dry | CE46: 0.002 | CF46: dry
F47: Autumn | H47: 170 | I47: 0 | J47: 0 | L47: =$BZ$3 -> 91.25 | N47: 0.05 | P47: 0.12 | R47: 0.64 | T47: 32 | U47: =1-V47 -> 0.0045 | V47: =V41 -> 0.9955 | W47: =W41 -> 0.75 | X47: =$BZ$10 -> 0.0047 | Y47: =(I47/100)*(MIN(J47,100)/100) -> 0 | Z47: 0 | AA47: =1.6 * Z47 -> 0 | AB47: =$AB$11 -> 1.3 | AC47: =Y47*AB47+(1-Y47) -> 1 | AD47: =(0.795*R47)-0.0014 -> 0.5074 | AF47: 1.6 | AG47: =1 - EXP(-2*(AF47^2)) -> 0.99402398 | AH47: =(104.7*AD47+0.307*T47-15)*(T47^0.75)*10^-3 -> 0.64511932 | AI47: =AH47*AG47*AC47 -> 0.64126407 | AJ47: =(AI47 * P47) + (0.045 * AA47) -> 0.076951688 | AK47: =$BZ$2 -> 0.08 | AL47: =(AI47 * ((1 - R47) + (0.04 * AI47))) * ( 1 - AK47 ) -> 0.22751954 | AM47: =$BZ$1 -> 0.19 | AN47: =$CA$20 -> 0.6784 | AO47: =AL47 * AM47 * U47 * W47 * AN47 -> 9.8976461e-05 | AP47: =AL47*AM47*V47*X47*AN47 -> 0.00013721363 | AQ47: =AO47+AP47 -> 0.00023619009 | AR47: =H47*AQ47*L47 -> 3.6638988 | BA47: =BA45 -> 15 | BC47: =Y47 * 1.6 -> 0 | BD47: =BD45 -> 0.034931507 | BE47: =N47 * 0.92 -> 0.046 | BF47: 60 | BG47: =T47 / BF47 -> 0.53333333 | BH47: =((0.045 * BC47) + (BD47 * 0.84) + (BE47 * ((212 - 4 * ((BE47 * 1000)/(4* (BF47^0.75)) - 1)) - ((140 - 4 * (((BE47 * 1000)/(4 * BF47 ^0.75)) - 1))/(1 + EXP(-6 * (BG47 - 0.4)))))) * 10^-3) / 6.25 -> 0.0055484232 | BI47: =MAX((AJ47 / 6.25 ) - BH47, 0) -> 0.0067638469 | BJ47: =H47*BI47*L47 -> 104.92418 | BY47: Rice (single and multiple drainage, or alternate wetting and drying) | BZ47: 0.005
F48: Winter | H48: 200 | I48: 0 | J48: 0 | L48: =$BZ$3 -> 91.25 | N48: 0.04 | P48: 0.18 | R48: 0.72 | T48: 34 | U48: =1-V48 -> 0.0045 | V48: =V41 -> 0.9955 | W48: =W41 -> 0.75 | X48: =$BZ$10 -> 0.0047 | Y48: =(I48/100)*(MIN(J48,100)/100) -> 0 | Z48: 0 | AA48: =1.6 * Z48 -> 0 | AB48: =$AB$11 -> 1.3 | AC48: =Y48*AB48+(1-Y48) -> 1 | AD48: =(0.795*R48)-0.0014 -> 0.571 | AF48: 1.7 | AG48: =1 - EXP(-2*(AF48^2)) -> 0.99691128 | AH48: =(104.7*AD48+0.307*T48-15)*(T48^0.75)*10^-3 -> 0.77753323 | AI48: =AH48*AG48*AC48 -> 0.77513165 | AJ48: =(AI48 * P48) + (0.045 * AA48) -> 0.1395237 | AK48: =$BZ$2 -> 0.08 | AL48: =(AI48 * ((1 - R48) + (0.04 * AI48))) * ( 1 - AK48 ) -> 0.22178442 | AM48: =$BZ$1 -> 0.19 | AN48: =$CA$20 -> 0.6784 | AO48: =AL48 * AM48 * U48 * W48 * AN48 -> 9.6481547e-05 | AP48: =AL48*AM48*V48*X48*AN48 -> 0.00013375487 | AQ48: =AO48+AP48 -> 0.00023023642 | AR48: =H48*AQ48*L48 -> 4.2018146 | BA48: =BA45 -> 15 | BC48: =Y48 * 1.6 -> 0 | BD48: =BD45 -> 0.034931507 | BE48: =N48 * 0.92 -> 0.0368 | BF48: 60 | BG48: =T48 / BF48 -> 0.56666667 | BH48: =((0.045 * BC48) + (BD48 * 0.84) + (BE48 * ((212 - 4 * ((BE48 * 1000)/(4* (BF48^0.75)) - 1)) - ((140 - 4 * (((BE48 * 1000)/(4 * BF48 ^0.75)) - 1))/(1 + EXP(-6 * (BG48 - 0.4)))))) * 10^-3) / 6.25 -> 0.0053440553 | BI48: =MAX((AJ48 / 6.25 ) - BH48, 0) -> 0.016979736 | BJ48: =H48*BI48*L48 -> 309.88019 | BY48: Aquaculture | BZ48: 0.0026
E49: Maiden ewes | F49: Spring | H49: 100 | I49: 95 | J49: 92 | L49: =$BZ$3 -> 91.25 | N49: 0.07 | P49: 0.2 | R49: 0.75 | T49: 44 | U49: =1-V49 -> 0.0045 | V49: =V41 -> 0.9955 | W49: =W41 -> 0.75 | X49: =$BZ$10 -> 0.0047 | Y49: =(I49/100)*(MIN(J49,100)/100) -> 0.874 | Z49: 0 | AA49: =1.6 * Z49 -> 0 | AB49: =$AB$11 -> 1.3 | AC49: =Y49*AB49+(1-Y49) -> 1.2622 | AD49: =(0.795*R49)-0.0014 -> 0.59485 | AF49: 2.9 | AG49: =1 - EXP(-2*(AF49^2)) -> 0.99999995 | AH49: =(104.7*AD49+0.307*T49-15)*(T49^0.75)*10^-3 -> 1.0385156 | AI49: =AH49*AG49*AC49 -> 1.3108144 | AJ49: =(AI49 * P49) + (0.045 * AA49) -> 0.26216288 | AK49: =$BZ$2 -> 0.08 | AL49: =(AI49 * ((1 - R49) + (0.04 * AI49))) * ( 1 - AK49 ) -> 0.36471833 | AM49: =$BZ$1 -> 0.19 | AN49: =$CA$20 -> 0.6784 | AO49: =AL49 * AM49 * U49 * W49 * AN49 -> 0.00015866123 | AP49: =AL49*AM49*V49*X49*AN49 -> 0.00021995617 | AQ49: =AO49+AP49 -> 0.0003786174 | AR49: =H49*AQ49*L49 -> 3.4548838 | BA49: 18 | BB49: 0.8 | BC49: =Y49 * 1.6 -> 1.3984 | BD49: =(BA49 * BB49) / 365 -> 0.039452055 | BE49: =N49 * 0.92 -> 0.0644 | BF49: 57 | BG49: =T49 / BF49 -> 0.77192982 | BH49: =((0.045 * BC49) + (BD49 * 0.84) + (BE49 * ((212 - 4 * ((BE49 * 1000)/(4* (BF49^0.75)) - 1)) - ((140 - 4 * (((BE49 * 1000)/(4 * BF49 ^0.75)) - 1))/(1 + EXP(-6 * (BG49 - 0.4)))))) * 10^-3) / 6.25 -> 0.016253475 | BI49: =MAX((AJ49 / 6.25 ) - BH49, 0) -> 0.025692585 | BJ49: =H49*BI49*L49 -> 234.44483 | BY49: Forestry | BZ49: 0.0018
F50: Summer | H50: 140 | I50: 0 | J50: 0 | L50: =$BZ$3 -> 91.25 | N50: 0 | P50: 0.1 | R50: 0.61 | T50: 42 | U50: =1-V50 -> 0.0045 | V50: =V41 -> 0.9955 | W50: =W41 -> 0.75 | X50: =$BZ$10 -> 0.0047 | Y50: =(I50/100)*(MIN(J50,100)/100) -> 0 | Z50: 0 | AA50: =1.6 * Z50 -> 0 | AB50: =$AB$11 -> 1.3 | AC50: =Y50*AB50+(1-Y50) -> 1 | AD50: =(0.795*R50)-0.0014 -> 0.48355 | AF50: 2.5 | AG50: =1 - EXP(-2*(AF50^2)) -> 0.99999627 | AH50: =(104.7*AD50+0.307*T50-15)*(T50^0.75)*10^-3 -> 0.80052121 | AI50: =AH50*AG50*AC50 -> 0.80051822 | AJ50: =(AI50 * P50) + (0.045 * AA50) -> 0.080051822 | AK50: =$BZ$2 -> 0.08 | AL50: =(AI50 * ((1 - R50) + (0.04 * AI50))) * ( 1 - AK50 ) -> 0.31080846 | AM50: =$BZ$1 -> 0.19 | AN50: =$CA$20 -> 0.6784 | AO50: =AL50 * AM50 * U50 * W50 * AN50 -> 0.00013520914 | AP50: =AL50*AM50*V50*X50*AN50 -> 0.00018744394 | AQ50: =AO50+AP50 -> 0.00032265308 | AR50: =H50*AQ50*L50 -> 4.1218931 | BA50: =BA49 -> 18 | BC50: =Y50 * 1.6 -> 0 | BD50: =BD49 -> 0.039452055 | BE50: =N50 * 0.92 -> 0 | BF50: 57 | BG50: =T50 / BF50 -> 0.73684211 | BH50: =((0.045 * BC50) + (BD50 * 0.84) + (BE50 * ((212 - 4 * ((BE50 * 1000)/(4* (BF50^0.75)) - 1)) - ((140 - 4 * (((BE50 * 1000)/(4 * BF50 ^0.75)) - 1))/(1 + EXP(-6 * (BG50 - 0.4)))))) * 10^-3) / 6.25 -> 0.0053023562 | BI50: =MAX((AJ50 / 6.25 ) - BH50, 0) -> 0.0075059354 | BJ50: =H50*BI50*L50 -> 95.888325
F51: Autumn | H51: 135 | I51: 0 | J51: 0 | L51: =$BZ$3 -> 91.25 | N51: 0 | P51: 0.12 | R51: 0.64 | T51: 43 | U51: =1-V51 -> 0.0045 | V51: =V41 -> 0.9955 | W51: =W41 -> 0.75 | X51: =$BZ$10 -> 0.0047 | Y51: =(I51/100)*(MIN(J51,100)/100) -> 0 | Z51: 0 | AA51: =1.6 * Z51 -> 0 | AB51: =$AB$11 -> 1.3 | AC51: =Y51*AB51+(1-Y51) -> 1 | AD51: =(0.795*R51)-0.0014 -> 0.5074 | AF51: 1.6 | AG51: =1 - EXP(-2*(AF51^2)) -> 0.99402398 | AH51: =(104.7*AD51+0.307*T51-15)*(T51^0.75)*10^-3 -> 0.86186035 | AI51: =AH51*AG51*AC51 -> 0.85670985 | AJ51: =(AI51 * P51) + (0.045 * AA51) -> 0.10280518 | AK51: =$BZ$2 -> 0.08 | AL51: =(AI51 * ((1 - R51) + (0.04 * AI51))) * ( 1 - AK51 ) -> 0.31075173 | AM51: =$BZ$1 -> 0.19 | AN51: =$CA$20 -> 0.6784 | AO51: =AL51 * AM51 * U51 * W51 * AN51 -> 0.00013518446 | AP51: =AL51*AM51*V51*X51*AN51 -> 0.00018740972 | AQ51: =AO51+AP51 -> 0.00032259418 | AR51: =H51*AQ51*L51 -> 3.9739571 | BA51: =BA49 -> 18 | BC51: =Y51 * 1.6 -> 0 | BD51: =BD49 -> 0.039452055 | BE51: =N51 * 0.92 -> 0 | BF51: 57 | BG51: =T51 / BF51 -> 0.75438596 | BH51: =((0.045 * BC51) + (BD51 * 0.84) + (BE51 * ((212 - 4 * ((BE51 * 1000)/(4* (BF51^0.75)) - 1)) - ((140 - 4 * (((BE51 * 1000)/(4 * BF51 ^0.75)) - 1))/(1 + EXP(-6 * (BG51 - 0.4)))))) * 10^-3) / 6.25 -> 0.0053023562 | BI51: =MAX((AJ51 / 6.25 ) - BH51, 0) -> 0.011146473 | BJ51: =H51*BI51*L51 -> 137.31061
F52: Winter | H52: 130 | I52: 0 | J52: 0 | L52: =$BZ$3 -> 91.25 | N52: 0.02 | P52: 0.18 | R52: 0.72 | T52: 45 | U52: =1-V52 -> 0.0045 | V52: =V41 -> 0.9955 | W52: =W41 -> 0.75 | X52: =$BZ$10 -> 0.0047 | Y52: =(I52/100)*(MIN(J52,100)/100) -> 0 | Z52: 0 | AA52: =1.6 * Z52 -> 0 | AB52: =$AB$11 -> 1.3 | AC52: =Y52*AB52+(1-Y52) -> 1 | AD52: =(0.795*R52)-0.0014 -> 0.571 | AF52: 1.7 | AG52: =1 - EXP(-2*(AF52^2)) -> 0.99691128 | AH52: =(104.7*AD52+0.307*T52-15)*(T52^0.75)*10^-3 -> 1.0181162 | AI52: =AH52*AG52*AC52 -> 1.0149716 | AJ52: =(AI52 * P52) + (0.045 * AA52) -> 0.18269488 | AK52: =$BZ$2 -> 0.08 | AL52: =(AI52 * ((1 - R52) + (0.04 * AI52))) * ( 1 - AK52 ) -> 0.29936683 | AM52: =$BZ$1 -> 0.19 | AN52: =$CA$20 -> 0.6784 | AO52: =AL52 * AM52 * U52 * W52 * AN52 -> 0.00013023176 | AP52: =AL52*AM52*V52*X52*AN52 -> 0.00018054366 | AQ52: =AO52+AP52 -> 0.00031077542 | AR52: =H52*AQ52*L52 -> 3.6865734 | BA52: =BA49 -> 18 | BC52: =Y52 * 1.6 -> 0 | BD52: =BD49 -> 0.039452055 | BE52: =N52 * 0.92 -> 0.0184 | BF52: 57 | BG52: =T52 / BF52 -> 0.78947368 | BH52: =((0.045 * BC52) + (BD52 * 0.84) + (BE52 * ((212 - 4 * ((BE52 * 1000)/(4* (BF52^0.75)) - 1)) - ((140 - 4 * (((BE52 * 1000)/(4 * BF52 ^0.75)) - 1))/(1 + EXP(-6 * (BG52 - 0.4)))))) * 10^-3) / 6.25 -> 0.0055514502 | BI52: =MAX((AJ52 / 6.25 ) - BH52, 0) -> 0.023679731 | BJ52: =H52*BI52*L52 -> 280.90081
E53: Other ewes | F53: Spring | H53: 200 | I53: 0 | J53: 0 | L53: =$BZ$3 -> 91.25 | N53: 0.05 | P53: 0.2 | R53: 0.75 | T53: 56 | U53: =1-V53 -> 0.0045 | V53: =V41 -> 0.9955 | W53: =W41 -> 0.75 | X53: =$BZ$10 -> 0.0047 | Y53: =(I53/100)*(MIN(J53,100)/100) -> 0 | Z53: 0 | AA53: =1.6 * Z53 -> 0 | AB53: =$AB$11 -> 1.3 | AC53: =Y53*AB53+(1-Y53) -> 1 | AD53: =(0.795*R53)-0.0014 -> 0.59485 | AF53: 2.9 | AG53: =1 - EXP(-2*(AF53^2)) -> 0.99999995 | AH53: =(104.7*AD53+0.307*T53-15)*(T53^0.75)*10^-3 -> 1.3198285 | AI53: =AH53*AG53*AC53 -> 1.3198285 | AJ53: =(AI53 * P53) + (0.045 * AA53) -> 0.2639657 | AK53: =$BZ$2 -> 0.08 | AL53: =(AI53 * ((1 - R53) + (0.04 * AI53))) * ( 1 - AK53 ) -> 0.36766421 | AM53: =$BZ$1 -> 0.19 | AN53: =$CA$20 -> 0.6784 | AO53: =AL53 * AM53 * U53 * W53 * AN53 -> 0.00015994275 | AP53: =AL53*AM53*V53*X53*AN53 -> 0.00022173279 | AQ53: =AO53+AP53 -> 0.00038167554 | AR53: =H53*AQ53*L53 -> 6.9655787 | BA53: 20 | BB53: 0.8 | BC53: =Y53 * 1.6 -> 0 | BD53: =(BA53 * BB53) / 365 -> 0.043835616 | BE53: =N53 * 0.92 -> 0.046 | BF53: 57 | BG53: =T53 / BF53 -> 0.98245614 | BH53: =((0.045 * BC53) + (BD53 * 0.84) + (BE53 * ((212 - 4 * ((BE53 * 1000)/(4* (BF53^0.75)) - 1)) - ((140 - 4 * (((BE53 * 1000)/(4 * BF53 ^0.75)) - 1))/(1 + EXP(-6 * (BG53 - 0.4)))))) * 10^-3) / 6.25 -> 0.0064521714 | BI53: =MAX((AJ53 / 6.25 ) - BH53, 0) -> 0.03578234 | BJ53: =H53*BI53*L53 -> 653.02771
F54: Summer | H54: 210 | I54: 0 | J54: 0 | L54: =$BZ$3 -> 91.25 | N54: -0.05 | P54: 0.1 | R54: 0.61 | T54: 51 | U54: =1-V54 -> 0.0045 | V54: =V41 -> 0.9955 | W54: =W41 -> 0.75 | X54: =$BZ$10 -> 0.0047 | Y54: =(I54/100)*(MIN(J54,100)/100) -> 0 | Z54: 0 | AA54: =1.6 * Z54 -> 0 | AB54: =$AB$11 -> 1.3 | AC54: =Y54*AB54+(1-Y54) -> 1 | AD54: =(0.795*R54)-0.0014 -> 0.48355 | AF54: 2.5 | AG54: =1 - EXP(-2*(AF54^2)) -> 0.99999627 | AH54: =(104.7*AD54+0.307*T54-15)*(T54^0.75)*10^-3 -> 0.97873546 | AI54: =AH54*AG54*AC54 -> 0.97873182 | AJ54: =(AI54 * P54) + (0.045 * AA54) -> 0.097873182 | AK54: =$BZ$2 -> 0.08 | AL54: =(AI54 * ((1 - R54) + (0.04 * AI54))) * ( 1 - AK54 ) -> 0.38642028 | AM54: =$BZ$1 -> 0.19 | AN54: =$CA$20 -> 0.6784 | AO54: =AL54 * AM54 * U54 * W54 * AN54 -> 0.0001681021 | AP54: =AL54*AM54*V54*X54*AN54 -> 0.0002330443 | AQ54: =AO54+AP54 -> 0.00040114639 | AR54: =H54*AQ54*L54 -> 7.6869677 | BA54: =BA53 -> 20 | BC54: =Y54 * 1.6 -> 0 | BD54: =BD53 -> 0.043835616 | BE54: =N54 * 0.92 -> -0.046 | BF54: 57 | BG54: =T54 / BF54 -> 0.89473684 | BH54: =((0.045 * BC54) + (BD54 * 0.84) + (BE54 * ((212 - 4 * ((BE54 * 1000)/(4* (BF54^0.75)) - 1)) - ((140 - 4 * (((BE54 * 1000)/(4 * BF54 ^0.75)) - 1))/(1 + EXP(-6 * (BG54 - 0.4)))))) * 10^-3) / 6.25 -> 0.0053089916 | BI54: =MAX((AJ54 / 6.25 ) - BH54, 0) -> 0.010350717 | BJ54: =H54*BI54*L54 -> 198.34562
F55: Autumn | H55: 190 | I55: 0 | J55: 0 | L55: =$BZ$3 -> 91.25 | N55: -0.01 | P55: 0.12 | R55: 0.64 | T55: 50 | U55: =1-V55 -> 0.0045 | V55: =V41 -> 0.9955 | W55: =W41 -> 0.75 | X55: =$BZ$10 -> 0.0047 | Y55: =(I55/100)*(MIN(J55,100)/100) -> 0 | Z55: 0 | AA55: =1.6 * Z55 -> 0 | AB55: =$AB$11 -> 1.3 | AC55: =Y55*AB55+(1-Y55) -> 1 | AD55: =(0.795*R55)-0.0014 -> 0.5074 | AF55: 1.6 | AG55: =1 - EXP(-2*(AF55^2)) -> 0.99402398 | AH55: =(104.7*AD55+0.307*T55-15)*(T55^0.75)*10^-3 -> 1.0054871 | AI55: =AH55*AG55*AC55 -> 0.9994783 | AJ55: =(AI55 * P55) + (0.045 * AA55) -> 0.1199374 | AK55: =$BZ$2 -> 0.08 | AL55: =(AI55 * ((1 - R55) + (0.04 * AI55))) * ( 1 - AK55 ) -> 0.36778883 | AM55: =$BZ$1 -> 0.19 | AN55: =$CA$20 -> 0.6784 | AO55: =AL55 * AM55 * U55 * W55 * AN55 -> 0.00015999697 | AP55: =AL55*AM55*V55*X55*AN55 -> 0.00022180794 | AQ55: =AO55+AP55 -> 0.00038180491 | AR55: =H55*AQ55*L55 -> 6.6195426 | BA55: =BA53 -> 20 | BC55: =Y55 * 1.6 -> 0 | BD55: =BD53 -> 0.043835616 | BE55: =N55 * 0.92 -> -0.0092 | BF55: 57 | BG55: =T55 / BF55 -> 0.87719298 | BH55: =((0.045 * BC55) + (BD55 * 0.84) + (BE55 * ((212 - 4 * ((BE55 * 1000)/(4* (BF55^0.75)) - 1)) - ((140 - 4 * (((BE55 * 1000)/(4 * BF55 ^0.75)) - 1))/(1 + EXP(-6 * (BG55 - 0.4)))))) * 10^-3) / 6.25 -> 0.0057740402 | BI55: =MAX((AJ55 / 6.25 ) - BH55, 0) -> 0.013415943 | BJ55: =H55*BI55*L55 -> 232.59891
F56: Winter | H56: 180 | I56: 0 | J56: 0 | L56: =$BZ$3 -> 91.25 | N56: 0.01 | P56: 0.18 | R56: 0.72 | T56: 51 | U56: =1-V56 -> 0.0045 | V56: =V41 -> 0.9955 | W56: =W41 -> 0.75 | X56: =$BZ$10 -> 0.0047 | Y56: =(I56/100)*(MIN(J56,100)/100) -> 0 | Z56: 0 | AA56: =1.6 * Z56 -> 0 | AB56: =$AB$11 -> 1.3 | AC56: =Y56*AB56+(1-Y56) -> 1 | AD56: =(0.795*R56)-0.0014 -> 0.571 | AF56: 1.7 | AG56: =1 - EXP(-2*(AF56^2)) -> 0.99691128 | AH56: =(104.7*AD56+0.307*T56-15)*(T56^0.75)*10^-3 -> 1.1534722 | AI56: =AH56*AG56*AC56 -> 1.1499094 | AJ56: =(AI56 * P56) + (0.045 * AA56) -> 0.20698369 | AK56: =$BZ$2 -> 0.08 | AL56: =(AI56 * ((1 - R56) + (0.04 * AI56))) * ( 1 - AK56 ) -> 0.344877 | AM56: =$BZ$1 -> 0.19 | AN56: =$CA$20 -> 0.6784 | AO56: =AL56 * AM56 * U56 * W56 * AN56 -> 0.00015002977 | AP56: =AL56*AM56*V56*X56*AN56 -> 0.00020799016 | AQ56: =AO56+AP56 -> 0.00035801993 | AR56: =H56*AQ56*L56 -> 5.8804774 | BA56: =BA53 -> 20 | BC56: =Y56 * 1.6 -> 0 | BD56: =BD53 -> 0.043835616 | BE56: =N56 * 0.92 -> 0.0092 | BF56: 57 | BG56: =T56 / BF56 -> 0.89473684 | BH56: =((0.045 * BC56) + (BD56 * 0.84) + (BE56 * ((212 - 4 * ((BE56 * 1000)/(4* (BF56^0.75)) - 1)) - ((140 - 4 * (((BE56 * 1000)/(4 * BF56 ^0.75)) - 1))/(1 + EXP(-6 * (BG56 - 0.4)))))) * 10^-3) / 6.25 -> 0.0060078185 | BI56: =MAX((AJ56 / 6.25 ) - BH56, 0) -> 0.027109573 | BJ56: =H56*BI56*L56 -> 445.27473
E57: Rams | F57: Spring | H57: 50 | I57: 0 | J57: 0 | L57: =$BZ$3 -> 91.25 | N57: 0.07 | P57: 0.2 | R57: 0.75 | T57: 75 | U57: =1-V57 -> 0.0045 | V57: =V41 -> 0.9955 | W57: =W41 -> 0.75 | X57: =$BZ$10 -> 0.0047 | Y57: =(I57/100)*(MIN(J57,100)/100) -> 0 | Z57: 0 | AA57: =1.6 * Z57 -> 0 | AB57: =$AB$11 -> 1.3 | AC57: =Y57*AB57+(1-Y57) -> 1 | AD57: =(0.795*R57)-0.0014 -> 0.59485 | AF57: 2.9 | AG57: =1 - EXP(-2*(AF57^2)) -> 0.99999995 | AH57: =(104.7*AD57+0.307*T57-15)*(T57^0.75)*10^-3 -> 1.7917898 | AI57: =AH57*AG57*AC57 -> 1.7917898 | AJ57: =(AI57 * P57) + (0.045 * AA57) -> 0.35835795 | AK57: =$BZ$2 -> 0.08 | AL57: =(AI57 * ((1 - R57) + (0.04 * AI57))) * ( 1 - AK57 ) -> 0.53025843 | AM57: =$BZ$1 -> 0.19 | AN57: =$CA$20 -> 0.6784 | AO57: =AL57 * AM57 * U57 * W57 * AN57 -> 0.00023067514 | AP57: =AL57*AM57*V57*X57*AN57 -> 0.00031979093 | AQ57: =AO57+AP57 -> 0.00055046608 | AR57: =H57*AQ57*L57 -> 2.5115015 | BA57: 15 | BB57: 0.85 | BC57: =Y57 * 1.6 -> 0 | BD57: =(BA57 * BB57) / 365 -> 0.034931507 | BE57: =N57 * 0.92 -> 0.0644 | BF57: 78 | BG57: =T57 / BF57 -> 0.96153846 | BH57: =((0.045 * BC57) + (BD57 * 0.84) + (BE57 * ((212 - 4 * ((BE57 * 1000)/(4* (BF57^0.75)) - 1)) - ((140 - 4 * (((BE57 * 1000)/(4 * BF57 ^0.75)) - 1))/(1 + EXP(-6 * (BG57 - 0.4)))))) * 10^-3) / 6.25 -> 0.0054852081 | BI57: =MAX((AJ57 / 6.25 ) - BH57, 0) -> 0.051852064 | BJ57: =H57*BI57*L57 -> 236.57504
F58: Summer | H58: 55 | I58: 0 | J58: 0 | L58: =$BZ$3 -> 91.25 | N58: 0 | P58: 0.1 | R58: 0.61 | T58: 75 | U58: =1-V58 -> 0.0045 | V58: =V41 -> 0.9955 | W58: =W41 -> 0.75 | X58: =$BZ$10 -> 0.0047 | Y58: =(I58/100)*(MIN(J58,100)/100) -> 0 | Z58: 0 | AA58: =1.6 * Z58 -> 0 | AB58: =$AB$11 -> 1.3 | AC58: =Y58*AB58+(1-Y58) -> 1 | AD58: =(0.795*R58)-0.0014 -> 0.48355 | AF58: 2.5 | AG58: =1 - EXP(-2*(AF58^2)) -> 0.99999627 | AH58: =(104.7*AD58+0.307*T58-15)*(T58^0.75)*10^-3 -> 1.4948026 | AI58: =AH58*AG58*AC58 -> 1.494797 | AJ58: =(AI58 * P58) + (0.045 * AA58) -> 0.1494797 | AK58: =$BZ$2 -> 0.08 | AL58: =(AI58 * ((1 - R58) + (0.04 * AI58))) * ( 1 - AK58 ) -> 0.61855976 | AM58: =$BZ$1 -> 0.19 | AN58: =$CA$20 -> 0.6784 | AO58: =AL58 * AM58 * U58 * W58 * AN58 -> 0.00026908834 | AP58: =AL58*AM58*V58*X58*AN58 -> 0.00037304415 | AQ58: =AO58+AP58 -> 0.00064213249 | AR58: =H58*AQ58*L58 -> 3.2227024 | BA58: =BA57 -> 15 | BC58: =Y58 * 1.6 -> 0 | BD58: =BD57 -> 0.034931507 | BE58: =N58 * 0.92 -> 0 | BF58: 78 | BG58: =T58 / BF58 -> 0.96153846 | BH58: =((0.045 * BC58) + (BD58 * 0.84) + (BE58 * ((212 - 4 * ((BE58 * 1000)/(4* (BF58^0.75)) - 1)) - ((140 - 4 * (((BE58 * 1000)/(4 * BF58 ^0.75)) - 1))/(1 + EXP(-6 * (BG58 - 0.4)))))) * 10^-3) / 6.25 -> 0.0046947945 | BI58: =MAX((AJ58 / 6.25 ) - BH58, 0) -> 0.019221958 | BJ58: =H58*BI58*L58 -> 96.470202
F59: Autumn | H59: 60 | I59: 0 | J59: 0 | L59: =$BZ$3 -> 91.25 | N59: -0.07 | P59: 0.12 | R59: 0.64 | T59: 69 | U59: =1-V59 -> 0.0045 | V59: =V41 -> 0.9955 | W59: =W41 -> 0.75 | X59: =$BZ$10 -> 0.0047 | Y59: =(I59/100)*(MIN(J59,100)/100) -> 0 | Z59: 0 | AA59: =1.6 * Z59 -> 0 | AB59: =$AB$11 -> 1.3 | AC59: =Y59*AB59+(1-Y59) -> 1 | AD59: =(0.795*R59)-0.0014 -> 0.5074 | AF59: 1.6 | AG59: =1 - EXP(-2*(AF59^2)) -> 0.99402398 | AH59: =(104.7*AD59+0.307*T59-15)*(T59^0.75)*10^-3 -> 1.4198697 | AI59: =AH59*AG59*AC59 -> 1.4113845 | AJ59: =(AI59 * P59) + (0.045 * AA59) -> 0.16936614 | AK59: =$BZ$2 -> 0.08 | AL59: =(AI59 * ((1 - R59) + (0.04 * AI59))) * ( 1 - AK59 ) -> 0.54075638 | AM59: =$BZ$1 -> 0.19 | AN59: =$CA$20 -> 0.6784 | AO59: =AL59 * AM59 * U59 * W59 * AN59 -> 0.000235242 | AP59: =AL59*AM59*V59*X59*AN59 -> 0.00032612209 | AQ59: =AO59+AP59 -> 0.00056136409 | AR59: =H59*AQ59*L59 -> 3.0734684 | BA59: =BA57 -> 15 | BC59: =Y59 * 1.6 -> 0 | BD59: =BD57 -> 0.034931507 | BE59: =N59 * 0.92 -> -0.0644 | BF59: 78 | BG59: =T59 / BF59 -> 0.88461538 | BH59: =((0.045 * BC59) + (BD59 * 0.84) + (BE59 * ((212 - 4 * ((BE59 * 1000)/(4* (BF59^0.75)) - 1)) - ((140 - 4 * (((BE59 * 1000)/(4 * BF59 ^0.75)) - 1))/(1 + EXP(-6 * (BG59 - 0.4)))))) * 10^-3) / 6.25 -> 0.0038747756 | BI59: =MAX((AJ59 / 6.25 ) - BH59, 0) -> 0.023223807 | BJ59: =H59*BI59*L59 -> 127.15034
F60: Winter | H60: 65 | I60: 0 | J60: 0 | L60: =$BZ$3 -> 91.25 | N60: 0 | P60: 0.18 | R60: 0.72 | T60: 69 | U60: =1-V60 -> 0.0045 | V60: =V41 -> 0.9955 | W60: =W41 -> 0.75 | X60: =$BZ$10 -> 0.0047 | Y60: =(I60/100)*(MIN(J60,100)/100) -> 0 | Z60: 0 | AA60: =1.6 * Z60 -> 0 | AB60: =$AB$11 -> 1.3 | AC60: =Y60*AB60+(1-Y60) -> 1 | AD60: =(0.795*R60)-0.0014 -> 0.571 | AF60: 1.7 | AG60: =1 - EXP(-2*(AF60^2)) -> 0.99691128 | AH60: =(104.7*AD60+0.307*T60-15)*(T60^0.75)*10^-3 -> 1.5792889 | AI60: =AH60*AG60*AC60 -> 1.5744109 | AJ60: =(AI60 * P60) + (0.045 * AA60) -> 0.28339396 | AK60: =$BZ$2 -> 0.08 | AL60: =(AI60 * ((1 - R60) + (0.04 * AI60))) * ( 1 - AK60 ) -> 0.49678697 | AM60: =$BZ$1 -> 0.19 | AN60: =$CA$20 -> 0.6784 | AO60: =AL60 * AM60 * U60 * W60 * AN60 -> 0.00021611426 | AP60: =AL60*AM60*V60*X60*AN60 -> 0.0002996048 | AQ60: =AO60+AP60 -> 0.00051571905 | AR60: =H60*AQ60*L60 -> 3.0588586 | BA60: =BA57 -> 15 | BC60: =Y60 * 1.6 -> 0 | BD60: =BD57 -> 0.034931507 | BE60: =N60 * 0.92 -> 0 | BF60: 78 | BG60: =T60 / BF60 -> 0.88461538 | BH60: =((0.045 * BC60) + (BD60 * 0.84) + (BE60 * ((212 - 4 * ((BE60 * 1000)/(4* (BF60^0.75)) - 1)) - ((140 - 4 * (((BE60 * 1000)/(4 * BF60 ^0.75)) - 1))/(1 + EXP(-6 * (BG60 - 0.4)))))) * 10^-3) / 6.25 -> 0.0046947945 | BI60: =MAX((AJ60 / 6.25 ) - BH60, 0) -> 0.04064824 | BJ60: =H60*BI60*L60 -> 241.09487
E61: Wethers | F61: Spring | H61: 50 | I61: 0 | J61: 0 | L61: =$BZ$3 -> 91.25 | N61: 0.08 | P61: 0.2 | R61: 0.75 | T61: 62 | U61: =1-V61 -> 0.0045 | V61: =V41 -> 0.9955 | W61: =W41 -> 0.75 | X61: =$BZ$10 -> 0.0047 | Y61: =(I61/100)*(MIN(J61,100)/100) -> 0 | Z61: 0 | AA61: =1.6 * Z61 -> 0 | AB61: =$AB$11 -> 1.3 | AC61: =Y61*AB61+(1-Y61) -> 1 | AD61: =(0.795*R61)-0.0014 -> 0.59485 | AF61: 2.9 | AG61: =1 - EXP(-2*(AF61^2)) -> 0.99999995 | AH61: =(104.7*AD61+0.307*T61-15)*(T61^0.75)*10^-3 -> 1.4652246 | AI61: =AH61*AG61*AC61 -> 1.4652245 | AJ61: =(AI61 * P61) + (0.045 * AA61) -> 0.2930449 | AK61: =$BZ$2 -> 0.08 | AL61: =(AI61 * ((1 - R61) + (0.04 * AI61))) * ( 1 - AK61 ) -> 0.41600693 | AM61: =$BZ$1 -> 0.19 | AN61: =$CA$20 -> 0.6784 | AO61: =AL61 * AM61 * U61 * W61 * AN61 -> 0.000180973 | AP61: =AL61*AM61*V61*X61*AN61 -> 0.00025088756 | AQ61: =AO61+AP61 -> 0.00043186056 | AR61: =H61*AQ61*L61 -> 1.9703638 | BA61: 18 | BB61: 0.8 | BC61: =Y61 * 1.6 -> 0 | BD61: =(BA61 * BB61) / 365 -> 0.039452055 | BE61: =N61 * 0.92 -> 0.0736 | BF61: 62 | BG61: =T61 / BF61 -> 1 | BH61: =((0.045 * BC61) + (BD61 * 0.84) + (BE61 * ((212 - 4 * ((BE61 * 1000)/(4* (BF61^0.75)) - 1)) - ((140 - 4 * (((BE61 * 1000)/(4 * BF61 ^0.75)) - 1))/(1 + EXP(-6 * (BG61 - 0.4)))))) * 10^-3) / 6.25 -> 0.0061942865 | BI61: =MAX((AJ61 / 6.25 ) - BH61, 0) -> 0.040692898 | BJ61: =H61*BI61*L61 -> 185.66135
F62: Summer | H62: 100 | I62: 0 | J62: 0 | L62: =$BZ$3 -> 91.25 | N62: -0.08 | P62: 0.1 | R62: 0.61 | T62: 55 | U62: =1-V62 -> 0.0045 | V62: =V41 -> 0.9955 | W62: =W41 -> 0.75 | X62: =$BZ$10 -> 0.0047 | Y62: =(I62/100)*(MIN(J62,100)/100) -> 0 | Z62: 0 | AA62: =1.6 * Z62 -> 0 | AB62: =$AB$11 -> 1.3 | AC62: =Y62*AB62+(1-Y62) -> 1 | AD62: =(0.795*R62)-0.0014 -> 0.48355 | AF62: 2.5 | AG62: =1 - EXP(-2*(AF62^2)) -> 0.99999627 | AH62: =(104.7*AD62+0.307*T62-15)*(T62^0.75)*10^-3 -> 1.0605624 | AI62: =AH62*AG62*AC62 -> 1.0605585 | AJ62: =(AI62 * P62) + (0.045 * AA62) -> 0.10605585 | AK62: =$BZ$2 -> 0.08 | AL62: =(AI62 * ((1 - R62) + (0.04 * AI62))) * ( 1 - AK62 ) -> 0.42192045 | AM62: =$BZ$1 -> 0.19 | AN62: =$CA$20 -> 0.6784 | AO62: =AL62 * AM62 * U62 * W62 * AN62 -> 0.00018354552 | AP62: =AL62*AM62*V62*X62*AN62 -> 0.00025445391 | AQ62: =AO62+AP62 -> 0.00043799943 | AR62: =H62*AQ62*L62 -> 3.9967448 | BA62: =BA61 -> 18 | BC62: =Y62 * 1.6 -> 0 | BD62: =BD61 -> 0.039452055 | BE62: =N62 * 0.92 -> -0.0736 | BF62: 62 | BG62: =T62 / BF62 -> 0.88709677 | BH62: =((0.045 * BC62) + (BD62 * 0.84) + (BE62 * ((212 - 4 * ((BE62 * 1000)/(4* (BF62^0.75)) - 1)) - ((140 - 4 * (((BE62 * 1000)/(4 * BF62 ^0.75)) - 1))/(1 + EXP(-6 * (BG62 - 0.4)))))) * 10^-3) / 6.25 -> 0.0043659164 | BI62: =MAX((AJ62 / 6.25 ) - BH62, 0) -> 0.012603019 | BJ62: =H62*BI62*L62 -> 115.00255
F63: Autumn | H63: 90 | I63: 0 | J63: 0 | L63: =$BZ$3 -> 91.25 | N63: 0 | P63: 0.12 | R63: 0.64 | T63: 55 | U63: =1-V63 -> 0.0045 | V63: =V41 -> 0.9955 | W63: =W41 -> 0.75 | X63: =$BZ$10 -> 0.0047 | Y63: =(I63/100)*(MIN(J63,100)/100) -> 0 | Z63: 0 | AA63: =1.6 * Z63 -> 0 | AB63: =$AB$11 -> 1.3 | AC63: =Y63*AB63+(1-Y63) -> 1 | AD63: =(0.795*R63)-0.0014 -> 0.5074 | AF63: 1.6 | AG63: =1 - EXP(-2*(AF63^2)) -> 0.99402398 | AH63: =(104.7*AD63+0.307*T63-15)*(T63^0.75)*10^-3 -> 1.1109945 | AI63: =AH63*AG63*AC63 -> 1.1043552 | AJ63: =(AI63 * P63) + (0.045 * AA63) -> 0.13252263 | AK63: =$BZ$2 -> 0.08 | AL63: =(AI63 * ((1 - R63) + (0.04 * AI63))) * ( 1 - AK63 ) -> 0.41064374 | AM63: =$BZ$1 -> 0.19 | AN63: =$CA$20 -> 0.6784 | AO63: =AL63 * AM63 * U63 * W63 * AN63 -> 0.00017863988 | AP63: =AL63*AM63*V63*X63*AN63 -> 0.0002476531 | AQ63: =AO63+AP63 -> 0.00042629299 | AR63: =H63*AQ63*L63 -> 3.5009311 | BA63: =BA61 -> 18 | BC63: =Y63 * 1.6 -> 0 | BD63: =BD61 -> 0.039452055 | BE63: =N63 * 0.92 -> 0 | BF63: 62 | BG63: =T63 / BF63 -> 0.88709677 | BH63: =((0.045 * BC63) + (BD63 * 0.84) + (BE63 * ((212 - 4 * ((BE63 * 1000)/(4* (BF63^0.75)) - 1)) - ((140 - 4 * (((BE63 * 1000)/(4 * BF63 ^0.75)) - 1))/(1 + EXP(-6 * (BG63 - 0.4)))))) * 10^-3) / 6.25 -> 0.0053023562 | BI63: =MAX((AJ63 / 6.25 ) - BH63, 0) -> 0.015901264 | BJ63: =H63*BI63*L63 -> 130.58913
F64: Winter | H64: 80 | I64: 0 | J64: 0 | L64: =$BZ$3 -> 91.25 | N64: 0 | P64: 0.18 | R64: 0.72 | T64: 55 | U64: =1-V64 -> 0.0045 | V64: =V41 -> 0.9955 | W64: =W41 -> 0.75 | X64: =$BZ$10 -> 0.0047 | Y64: =(I64/100)*(MIN(J64,100)/100) -> 0 | Z64: 0 | AA64: =1.6 * Z64 -> 0 | AB64: =$AB$11 -> 1.3 | AC64: =Y64*AB64+(1-Y64) -> 1 | AD64: =(0.795*R64)-0.0014 -> 0.571 | AF64: 1.7 | AG64: =1 - EXP(-2*(AF64^2)) -> 0.99691128 | AH64: =(104.7*AD64+0.307*T64-15)*(T64^0.75)*10^-3 -> 1.2454802 | AI64: =AH64*AG64*AC64 -> 1.2416332 | AJ64: =(AI64 * P64) + (0.045 * AA64) -> 0.22349398 | AK64: =$BZ$2 -> 0.08 | AL64: =(AI64 * ((1 - R64) + (0.04 * AI64))) * ( 1 - AK64 ) -> 0.37657755 | AM64: =$BZ$1 -> 0.19 | AN64: =$CA$20 -> 0.6784 | AO64: =AL64 * AM64 * U64 * W64 * AN64 -> 0.00016382027 | AP64: =AL64*AM64*V64*X64*AN64 -> 0.00022710829 | AQ64: =AO64+AP64 -> 0.00039092856 | AR64: =H64*AQ64*L64 -> 2.8537785 | BA64: =BA61 -> 18 | BC64: =Y64 * 1.6 -> 0 | BD64: =BD61 -> 0.039452055 | BE64: =N64 * 0.92 -> 0 | BF64: 62 | BG64: =T64 / BF64 -> 0.88709677 | BH64: =((0.045 * BC64) + (BD64 * 0.84) + (BE64 * ((212 - 4 * ((BE64 * 1000)/(4* (BF64^0.75)) - 1)) - ((140 - 4 * (((BE64 * 1000)/(4 * BF64 ^0.75)) - 1))/(1 + EXP(-6 * (BG64 - 0.4)))))) * 10^-3) / 6.25 -> 0.0053023562 | BI64: =MAX((AJ64 / 6.25 ) - BH64, 0) -> 0.03045668 | BJ64: =H64*BI64*L64 -> 222.33377
A71: QLD | B71: QLD | C71: QLD | D71: yes | E71: Breeding ewes | F71: Spring | H71: 100 | I71: 95 | J71: 90 | L71: =$BZ$3 -> 91.25 | N71: {=_xlfn.DROP(_xlfn.XLOOKUP($C71,TableLWG2_1[[#Headers],[ACT/NSW]:[WA]],TableLWG2_1[[#All],[ACT/NSW]:[WA]]),1)} -> -0.02 | P71: {=_xlfn.DROP(_xlfn.XLOOKUP($C71,QueryCP[[#Headers],[ACT/NSW]:[WA]],QueryCP[[#All],[ACT/NSW]:[WA]]),1)} -> 0.08 | R71: {=_xlfn.DROP(_xlfn.XLOOKUP($C71,QueryDMD[[#Headers],[ACT/NSW]:[WA]],QueryDMD[[#All],[ACT/NSW]:[WA]]),1)} -> 0.51 | T71: {=_xlfn.DROP(_xlfn.XLOOKUP($C71,QueryW[[#Headers],[ACT/NSW]:[WA]],QueryW[[#All],[ACT/NSW]:[WA]]),1)} -> 40 | U71: =1-V71 -> 0 | V71: =IF($D71="yes", 1, VLOOKUP($B71, $BY$26:$CA$32, 2)/100) -> 1 | W71: =VLOOKUP($B71,$CA$10:$CB$16, 2, FALSE) -> 0.78 | X71: =$BZ$10 -> 0.0047 | Y71: =(I71/100)*(MIN(J71,100)/100) -> 0.855 | Z71: 0 | AA71: =1.6 * Z71 -> 0 | AB71: =$CC$1 -> 1.3 | AC71: =Y71*AB71+(1-Y71) -> 1.2565 | AD71: =(0.795*R71)-0.0014 -> 0.40405 | AF71: {=_xlfn.DROP(_xlfn.XLOOKUP($C71,QueryDMA[[#Headers],[ACT/NSW]:[WA]],QueryDMA[[#All],[ACT/NSW]:[WA]]),1)} -> 1.5 | AG71: =1 - EXP(-2*(AF71^2)) -> 0.988891 | AH71: =(104.7*AD71+0.307*T71-15)*(T71^0.75)*10^-3 -> 0.62960049 | AI71: =AH71*AG71*AC71 -> 0.78230476 | AJ71: =(AI71 * P71) + (0.045 * AA71) -> 0.062584381 | AK71: =$BZ$2 -> 0.08 | AL71: =(AI71 * ((1 - R71) + (0.04 * AI71))) * ( 1 - AK71 ) -> 0.37518461 | AM71: =$BZ$1 -> 0.19 | AN71: =$CA$20 -> 0.6784 | AO71: =AL71 * AM71 * U71 * W71 * AN71 -> 0 | AP71: =AL71*AM71*V71*X71*AN71 -> 0.00022729104 | AQ71: =AO71+AP71 -> 0.00022729104 | AR71: =H71*AQ71*L71 -> 2.0740308 | AS71: =SUM(AR71:AR94)*10^-3 -> 0.050519803 | AT71: yes | AU71: =IF(AT71="yes", 1,0) -> 1 | AV71: =$BZ$4 -> 0.24 | AW71: Tropical moist | AX71: =VLOOKUP(AW71,$CD$37:$CF$46,2, FALSE) -> 0.006 | AY71: =$BZ$7 -> 1.57 | AZ71: =$BZ$5 -> 0.21 | BA71: 20 | BB71: 0.8 | BC71: =Y71 * 1.6 -> 1.368 | BD71: =(BA71 * BB71) / 365 -> 0.043835616 | BE71: =N71 * 0.92 -> -0.0184 | BF71: {=_xlfn.DROP(_xlfn.XLOOKUP($C71,QuerySRW[[#Headers],[ACT/NSW]:[WA]],QuerySRW[[#All],[ACT/NSW]:[WA]]),1)} -> 50 | BG71: =T71 / BF71 -> 0.8 | BH71: =((0.045 * BC71) + (BD71 * 0.84) + (BE71 * ((212 - 4 * ((BE71 * 1000)/(4* (BF71^0.75)) - 1)) - ((140 - 4 * (((BE71 * 1000)/(4 * BF71 ^0.75)) - 1))/(1 + EXP(-6 * (BG71 - 0.4)))))) * 10^-3) / 6.25 -> 0.015493639 | BI71: =MAX((AJ71 / 6.25 ) - BH71, 0) -> 0 | BJ71: =H71*BI71*L71 -> 0 | BK71: =SUM(BJ71:BJ94) -> 1232.9837 | BL71: =BK71*$AU$11*$AV$11 -> 295.91608 | BM71: =BK71 * AZ71 -> 258.92657 | BN71: Non-irrigated crop (high rainfall) | BO71: =VLOOKUP(BN71, $BY$37:$BZ$49, 2, FALSE) -> 0.008 | BP71: =BM71 * BO71 * AY71 * 10^-3 -> 0.0032521177 | BQ71: =BK71 * AU71 * AV71 -> 295.91608 | BR71: =$BZ$6 -> 0.011 | BS71: =BK71 * AX71 * AY71 * 10^-3 -> 0.011614706 | BT71: =BQ71 * BR71 * AY71 * 10^-3 -> 0.0051104707
F72: Summer | H72: 70 | I72: 0 | J72: 0 | L72: =$BZ$3 -> 91.25 | N72: 0.05 | P72: 0.1 | R72: 0.55 | T72: 45 | U72: =1-V72 -> 0 | V72: =V71 -> 1 | W72: =W71 -> 0.78 | X72: =$BZ$10 -> 0.0047 | Y72: =(I72/100)*(MIN(J72,100)/100) -> 0 | Z72: 0 | AA72: =1.6 * Z72 -> 0 | AB72: =$AB$11 -> 1.3 | AC72: =Y72*AB72+(1-Y72) -> 1 | AD72: =(0.795*R72)-0.0014 -> 0.43585 | AF72: 2 | AG72: =1 - EXP(-2*(AF72^2)) -> 0.99966454 | AH72: =(104.7*AD72+0.307*T72-15)*(T72^0.75)*10^-3 -> 0.77226517 | AI72: =AH72*AG72*AC72 -> 0.7720061 | AJ72: =(AI72 * P72) + (0.045 * AA72) -> 0.07720061 | AK72: =$BZ$2 -> 0.08 | AL72: =(AI72 * ((1 - R72) + (0.04 * AI72))) * ( 1 - AK72 ) -> 0.34154308 | AM72: =$BZ$1 -> 0.19 | AN72: =$CA$20 -> 0.6784 | AO72: =AL72 * AM72 * U72 * W72 * AN72 -> 0 | AP72: =AL72*AM72*V72*X72*AN72 -> 0.00020691063 | AQ72: =AO72+AP72 -> 0.00020691063 | AR72: =H72*AQ72*L72 -> 1.3216416 | BA72: =BA71 -> 20 | BC72: =Y72 * 1.6 -> 0 | BD72: =BD71 -> 0.043835616 | BE72: =N72 * 0.92 -> 0.046 | BF72: 50 | BG72: =T72 / BF72 -> 0.9 | BH72: =((0.045 * BC72) + (BD$11 * 0.84) + (BE72 * ((212 - 4 * ((BE72 * 1000)/(4* (BF72^0.75)) - 1)) - ((140 - 4 * (((BE72 * 1000)/(4 * BF72 ^0.75)) - 1))/(1 + EXP(-6 * (BG72 - 0.4)))))) * 10^-3) / 6.25 -> 0.0064708368 | BI72: =MAX((AJ72 / 6.25 ) - BH72, 0) -> 0.0058812608 | BJ72: =H72*BI72*L72 -> 37.566554
F73: Autumn | H73: 65 | I73: 0 | J73: 0 | L73: =$BZ$3 -> 91.25 | N73: 0 | P73: 0.09 | R73: 0.59 | T73: 45 | U73: =1-V73 -> 0 | V73: =V71 -> 1 | W73: =W71 -> 0.78 | X73: =$BZ$10 -> 0.0047 | Y73: =(I73/100)*(MIN(J73,100)/100) -> 0 | Z73: 0 | AA73: =1.6 * Z73 -> 0 | AB73: =$AB$11 -> 1.3 | AC73: =Y73*AB73+(1-Y73) -> 1 | AD73: =(0.795*R73)-0.0014 -> 0.46765 | AF73: 2.2 | AG73: =1 - EXP(-2*(AF73^2)) -> 0.99993748 | AH73: =(104.7*AD73+0.307*T73-15)*(T73^0.75)*10^-3 -> 0.83011248 | AI73: =AH73*AG73*AC73 -> 0.83006058 | AJ73: =(AI73 * P73) + (0.045 * AA73) -> 0.074705452 | AK73: =$BZ$2 -> 0.08 | AL73: =(AI73 * ((1 - R73) + (0.04 * AI73))) * ( 1 - AK73 ) -> 0.33845407 | AM73: =$BZ$1 -> 0.19 | AN73: =$CA$20 -> 0.6784 | AO73: =AL73 * AM73 * U73 * W73 * AN73 -> 0 | AP73: =AL73*AM73*V73*X73*AN73 -> 0.00020503927 | AQ73: =AO73+AP73 -> 0.00020503927 | AR73: =H73*AQ73*L73 -> 1.2161392 | BA73: =BA71 -> 20 | BC73: =Y73 * 1.6 -> 0 | BD73: =BD71 -> 0.043835616 | BE73: =N73 * 0.92 -> 0 | BF73: 50 | BG73: =T73 / BF73 -> 0.9 | BH73: =((0.045 * BC73) + (BD$11 * 0.84) + (BE73 * ((212 - 4 * ((BE73 * 1000)/(4* (BF73^0.75)) - 1)) - ((140 - 4 * (((BE73 * 1000)/(4 * BF73 ^0.75)) - 1))/(1 + EXP(-6 * (BG73 - 0.4)))))) * 10^-3) / 6.25 -> 0.0058915068 | BI73: =MAX((AJ73 / 6.25 ) - BH73, 0) -> 0.0060613655 | BJ73: =H73*BI73*L73 -> 35.951474
F74: Winter | H74: 80 | I74: 0 | J74: 0 | L74: =$BZ$3 -> 91.25 | N74: -0.03 | P74: 0.07 | R74: 0.58 | T74: 42 | U74: =1-V74 -> 0 | V74: =V71 -> 1 | W74: =W71 -> 0.78 | X74: =$BZ$10 -> 0.0047 | Y74: =(I74/100)*(MIN(J74,100)/100) -> 0 | Z74: 0 | AA74: =1.6 * Z74 -> 0 | AB74: =$AB$11 -> 1.3 | AC74: =Y74*AB74+(1-Y74) -> 1 | AD74: =(0.795*R74)-0.0014 -> 0.4597 | AF74: 1.7 | AG74: =1 - EXP(-2*(AF74^2)) -> 0.99691128 | AH74: =(104.7*AD74+0.307*T74-15)*(T74^0.75)*10^-3 -> 0.7593236 | AI74: =AH74*AG74*AC74 -> 0.75697826 | AJ74: =(AI74 * P74) + (0.045 * AA74) -> 0.052988478 | AK74: =$BZ$2 -> 0.08 | AL74: =(AI74 * ((1 - R74) + (0.04 * AI74))) * ( 1 - AK74 ) -> 0.31358339 | AM74: =$BZ$1 -> 0.19 | AN74: =$CA$20 -> 0.6784 | AO74: =AL74 * AM74 * U74 * W74 * AN74 -> 0 | AP74: =AL74*AM74*V74*X74*AN74 -> 0.00018997233 | AQ74: =AO74+AP74 -> 0.00018997233 | AR74: =H74*AQ74*L74 -> 1.386798 | BA74: =BA71 -> 20 | BC74: =Y74 * 1.6 -> 0 | BD74: =BD71 -> 0.043835616 | BE74: =N74 * 0.92 -> -0.0276 | BF74: 50 | BG74: =T74 / BF74 -> 0.84 | BH74: =((0.045 * BC74) + (BD$11 * 0.84) + (BE74 * ((212 - 4 * ((BE74 * 1000)/(4* (BF74^0.75)) - 1)) - ((140 - 4 * (((BE74 * 1000)/(4 * BF74 ^0.75)) - 1))/(1 + EXP(-6 * (BG74 - 0.4)))))) * 10^-3) / 6.25 -> 0.0055307668 | BI74: =MAX((AJ74 / 6.25 ) - BH74, 0) -> 0.0029473898 | BJ74: =H74*BI74*L74 -> 21.515945
E75: Lambs and hoggets | F75: Spring | H75: 200 | I75: 0 | J75: 0 | L75: =$BZ$3 -> 91.25 | N75: 0.2 | P75: 0.08 | R75: 0.51 | T75: 20 | U75: =1-V75 -> 0 | V75: =V71 -> 1 | W75: =W71 -> 0.78 | X75: =$BZ$10 -> 0.0047 | Y75: =(I75/100)*(MIN(J75,100)/100) -> 0 | Z75: 1 | AA75: =1.6 * Z75 -> 1.6 | AB75: =$AB$11 -> 1.3 | AC75: =Y75*AB75+(1-Y75) -> 1 | AD75: =(0.795*R75)-0.0014 -> 0.40405 | AF75: 1.5 | AG75: =1 - EXP(-2*(AF75^2)) -> 0.988891 | AH75: =(104.7*AD75+0.307*T75-15)*(T75^0.75)*10^-3 -> 0.31629415 | AI75: =AH75*AG75*AC75 -> 0.31278044 | AJ75: =(AI75 * P75) + (0.045 * AA75) -> 0.097022436 | AK75: =$BZ$2 -> 0.08 | AL75: =(AI75 * ((1 - R75) + (0.04 * AI75))) * ( 1 - AK75 ) -> 0.14460163 | AM75: =$BZ$1 -> 0.19 | AN75: =$CA$20 -> 0.6784 | AO75: =AL75 * AM75 * U75 * W75 * AN75 -> 0 | AP75: =AL75*AM75*V75*X75*AN75 -> 8.7601285e-05 | AQ75: =AO75+AP75 -> 8.7601285e-05 | AR75: =H75*AQ75*L75 -> 1.5987235 | BA75: 15 | BB75: 0.85 | BC75: =Y75 * 1.6 -> 0 | BD75: =(BA75 * BB75) / 365 -> 0.034931507 | BE75: =N75 * 0.92 -> 0.184 | BF75: 55 | BG75: =T75 / BF75 -> 0.36363636 | BH75: =((0.045 * BC75) + (BD$15 * 0.84) + (BE75 * ((212 - 4 * ((BE75 * 1000)/(4* (BF75^0.75)) - 1)) - ((140 - 4 * (((BE75 * 1000)/(4 * BF75 ^0.75)) - 1))/(1 + EXP(-6 * (BG75 - 0.4)))))) * 10^-3) / 6.25 -> 0.0090157995 | BI75: =MAX((AJ75 / 6.25 ) - BH75, 0) -> 0.0065077901 | BJ75: =H75*BI75*L75 -> 118.76717
F76: Summer | H76: 210 | I76: 0 | J76: 0 | L76: =$BZ$3 -> 91.25 | N76: 0.05 | P76: 0.1 | R76: 0.55 | T76: 25 | U76: =1-V76 -> 0 | V76: =V71 -> 1 | W76: =W71 -> 0.78 | X76: =$BZ$10 -> 0.0047 | Y76: =(I76/100)*(MIN(J76,100)/100) -> 0 | Z76: 0 | AA76: =1.6 * Z76 -> 0 | AB76: =$AB$11 -> 1.3 | AC76: =Y76*AB76+(1-Y76) -> 1 | AD76: =(0.795*R76)-0.0014 -> 0.43585 | AF76: 2 | AG76: =1 - EXP(-2*(AF76^2)) -> 0.99966454 | AH76: =(104.7*AD76+0.307*T76-15)*(T76^0.75)*10^-3 -> 0.42830199 | AI76: =AH76*AG76*AC76 -> 0.42815832 | AJ76: =(AI76 * P76) + (0.045 * AA76) -> 0.042815832 | AK76: =$BZ$2 -> 0.08 | AL76: =(AI76 * ((1 - R76) + (0.04 * AI76))) * ( 1 - AK76 ) -> 0.1840037 | AM76: =$BZ$1 -> 0.19 | AN76: =$CA$20 -> 0.6784 | AO76: =AL76 * AM76 * U76 * W76 * AN76 -> 0 | AP76: =AL76*AM76*V76*X76*AN76 -> 0.0001114715 | AQ76: =AO76+AP76 -> 0.0001114715 | AR76: =H76*AQ76*L76 -> 2.1360727 | BA76: =BA75 -> 15 | BC76: =Y76 * 1.6 -> 0 | BD76: =BD75 -> 0.034931507 | BE76: =N76 * 0.92 -> 0.046 | BF76: 55 | BG76: =T76 / BF76 -> 0.45454545 | BH76: =((0.045 * BC76) + (BD76 * 0.84) + (BE76 * ((212 - 4 * ((BE76 * 1000)/(4* (BF76^0.75)) - 1)) - ((140 - 4 * (((BE76 * 1000)/(4 * BF76 ^0.75)) - 1))/(1 + EXP(-6 * (BG76 - 0.4)))))) * 10^-3) / 6.25 -> 0.0056616638 | BI76: =MAX((AJ76 / 6.25 ) - BH76, 0) -> 0.0011888692 | BJ76: =H76*BI76*L76 -> 22.781706
F77: Autumn | H77: 170 | I77: 0 | J77: 0 | L77: =$BZ$3 -> 91.25 | N77: 0.2 | P77: 0.09 | R77: 0.59 | T77: 20 | U77: =1-V77 -> 0 | V77: =V71 -> 1 | W77: =W71 -> 0.78 | X77: =$BZ$10 -> 0.0047 | Y77: =(I77/100)*(MIN(J77,100)/100) -> 0 | Z77: 0 | AA77: =1.6 * Z77 -> 0 | AB77: =$AB$11 -> 1.3 | AC77: =Y77*AB77+(1-Y77) -> 1 | AD77: =(0.795*R77)-0.0014 -> 0.46765 | AF77: 2.2 | AG77: =1 - EXP(-2*(AF77^2)) -> 0.99993748 | AH77: =(104.7*AD77+0.307*T77-15)*(T77^0.75)*10^-3 -> 0.37927033 | AI77: =AH77*AG77*AC77 -> 0.37924662 | AJ77: =(AI77 * P77) + (0.045 * AA77) -> 0.034132196 | AK77: =$BZ$2 -> 0.08 | AL77: =(AI77 * ((1 - R77) + (0.04 * AI77))) * ( 1 - AK77 ) -> 0.1483447 | AM77: =$BZ$1 -> 0.19 | AN77: =$CA$20 -> 0.6784 | AO77: =AL77 * AM77 * U77 * W77 * AN77 -> 0 | AP77: =AL77*AM77*V77*X77*AN77 -> 8.9868878e-05 | AQ77: =AO77+AP77 -> 8.9868878e-05 | AR77: =H77*AQ77*L77 -> 1.394091 | BA77: =BA75 -> 15 | BC77: =Y77 * 1.6 -> 0 | BD77: =BD75 -> 0.034931507 | BE77: =N77 * 0.92 -> 0.184 | BF77: 55 | BG77: =T77 / BF77 -> 0.36363636 | BH77: =((0.045 * BC77) + (BD77 * 0.84) + (BE77 * ((212 - 4 * ((BE77 * 1000)/(4* (BF77^0.75)) - 1)) - ((140 - 4 * (((BE77 * 1000)/(4 * BF77 ^0.75)) - 1))/(1 + EXP(-6 * (BG77 - 0.4)))))) * 10^-3) / 6.25 -> 0.0090157995 | BI77: =MAX((AJ77 / 6.25 ) - BH77, 0) -> 0 | BJ77: =H77*BI77*L77 -> 0
F78: Winter | H78: 200 | I78: 0 | J78: 0 | L78: =$BZ$3 -> 91.25 | N78: 0.05 | P78: 0.07 | R78: 0.58 | T78: 25 | U78: =1-V78 -> 0 | V78: =V71 -> 1 | W78: =W71 -> 0.78 | X78: =$BZ$10 -> 0.0047 | Y78: =(I78/100)*(MIN(J78,100)/100) -> 0 | Z78: 0 | AA78: =1.6 * Z78 -> 0 | AB78: =$AB$11 -> 1.3 | AC78: =Y78*AB78+(1-Y78) -> 1 | AD78: =(0.795*R78)-0.0014 -> 0.4597 | AF78: 1.7 | AG78: =1 - EXP(-2*(AF78^2)) -> 0.99691128 | AH78: =(104.7*AD78+0.307*T78-15)*(T78^0.75)*10^-3 -> 0.45622037 | AI78: =AH78*AG78*AC78 -> 0.45481123 | AJ78: =(AI78 * P78) + (0.045 * AA78) -> 0.031836786 | AK78: =$BZ$2 -> 0.08 | AL78: =(AI78 * ((1 - R78) + (0.04 * AI78))) * ( 1 - AK78 ) -> 0.18335126 | AM78: =$BZ$1 -> 0.19 | AN78: =$CA$20 -> 0.6784 | AO78: =AL78 * AM78 * U78 * W78 * AN78 -> 0 | AP78: =AL78*AM78*V78*X78*AN78 -> 0.00011107625 | AQ78: =AO78+AP78 -> 0.00011107625 | AR78: =H78*AQ78*L78 -> 2.0271415 | BA78: =BA75 -> 15 | BC78: =Y78 * 1.6 -> 0 | BD78: =BD75 -> 0.034931507 | BE78: =N78 * 0.92 -> 0.046 | BF78: 55 | BG78: =T78 / BF78 -> 0.45454545 | BH78: =((0.045 * BC78) + (BD78 * 0.84) + (BE78 * ((212 - 4 * ((BE78 * 1000)/(4* (BF78^0.75)) - 1)) - ((140 - 4 * (((BE78 * 1000)/(4 * BF78 ^0.75)) - 1))/(1 + EXP(-6 * (BG78 - 0.4)))))) * 10^-3) / 6.25 -> 0.0056616638 | BI78: =MAX((AJ78 / 6.25 ) - BH78, 0) -> 0 | BJ78: =H78*BI78*L78 -> 0
E79: Maiden ewes | F79: Spring | H79: 100 | I79: 95 | J79: 92 | L79: =$BZ$3 -> 91.25 | N79: 0 | P79: 0.08 | R79: 0.51 | T79: 35 | U79: =1-V79 -> 0 | V79: =V71 -> 1 | W79: =W71 -> 0.78 | X79: =$BZ$10 -> 0.0047 | Y79: =(I79/100)*(MIN(J79,100)/100) -> 0.874 | Z79: 0 | AA79: =1.6 * Z79 -> 0 | AB79: =$AB$11 -> 1.3 | AC79: =Y79*AB79+(1-Y79) -> 1.2622 | AD79: =(0.795*R79)-0.0014 -> 0.40405 | AF79: 1.5 | AG79: =1 - EXP(-2*(AF79^2)) -> 0.988891 | AH79: =(104.7*AD79+0.307*T79-15)*(T79^0.75)*10^-3 -> 0.54751331 | AI79: =AH79*AG79*AC79 -> 0.68339419 | AJ79: =(AI79 * P79) + (0.045 * AA79) -> 0.054671535 | AK79: =$BZ$2 -> 0.08 | AL79: =(AI79 * ((1 - R79) + (0.04 * AI79))) * ( 1 - AK79 ) -> 0.32526072 | AM79: =$BZ$1 -> 0.19 | AN79: =$CA$20 -> 0.6784 | AO79: =AL79 * AM79 * U79 * W79 * AN79 -> 0 | AP79: =AL79*AM79*V79*X79*AN79 -> 0.00019704659 | AQ79: =AO79+AP79 -> 0.00019704659 | AR79: =H79*AQ79*L79 -> 1.7980501 | BA79: 18 | BB79: 0.8 | BC79: =Y79 * 1.6 -> 1.3984 | BD79: =(BA79 * BB79) / 365 -> 0.039452055 | BE79: =N79 * 0.92 -> 0 | BF79: 50 | BG79: =T79 / BF79 -> 0.7 | BH79: =((0.045 * BC79) + (BD79 * 0.84) + (BE79 * ((212 - 4 * ((BE79 * 1000)/(4* (BF79^0.75)) - 1)) - ((140 - 4 * (((BE79 * 1000)/(4 * BF79 ^0.75)) - 1))/(1 + EXP(-6 * (BG79 - 0.4)))))) * 10^-3) / 6.25 -> 0.015370836 | BI79: =MAX((AJ79 / 6.25 ) - BH79, 0) -> 0 | BJ79: =H79*BI79*L79 -> 0
F80: Summer | H80: 140 | I80: 0 | J80: 0 | L80: =$BZ$3 -> 91.25 | N80: 0.05 | P80: 0.1 | R80: 0.55 | T80: 40 | U80: =1-V80 -> 0 | V80: =V71 -> 1 | W80: =W71 -> 0.78 | X80: =$BZ$10 -> 0.0047 | Y80: =(I80/100)*(MIN(J80,100)/100) -> 0 | Z80: 0 | AA80: =1.6 * Z80 -> 0 | AB80: =$AB$11 -> 1.3 | AC80: =Y80*AB80+(1-Y80) -> 1 | AD80: =(0.795*R80)-0.0014 -> 0.43585 | AF80: 2 | AG80: =1 - EXP(-2*(AF80^2)) -> 0.99966454 | AH80: =(104.7*AD80+0.307*T80-15)*(T80^0.75)*10^-3 -> 0.68255693 | AI80: =AH80*AG80*AC80 -> 0.68232796 | AJ80: =(AI80 * P80) + (0.045 * AA80) -> 0.068232796 | AK80: =$BZ$2 -> 0.08 | AL80: =(AI80 * ((1 - R80) + (0.04 * AI80))) * ( 1 - AK80 ) -> 0.2996168 | AM80: =$BZ$1 -> 0.19 | AN80: =$CA$20 -> 0.6784 | AO80: =AL80 * AM80 * U80 * W80 * AN80 -> 0 | AP80: =AL80*AM80*V80*X80*AN80 -> 0.00018151121 | AQ80: =AO80+AP80 -> 0.00018151121 | AR80: =H80*AQ80*L80 -> 2.3188058 | BA80: =BA79 -> 18 | BC80: =Y80 * 1.6 -> 0 | BD80: =BD79 -> 0.039452055 | BE80: =N80 * 0.92 -> 0.046 | BF80: 50 | BG80: =T80 / BF80 -> 0.8 | BH80: =((0.045 * BC80) + (BD80 * 0.84) + (BE80 * ((212 - 4 * ((BE80 * 1000)/(4* (BF80^0.75)) - 1)) - ((140 - 4 * (((BE80 * 1000)/(4 * BF80 ^0.75)) - 1))/(1 + EXP(-6 * (BG80 - 0.4)))))) * 10^-3) / 6.25 -> 0.0059189283 | BI80: =MAX((AJ80 / 6.25 ) - BH80, 0) -> 0.004998319 | BJ80: =H80*BI80*L80 -> 63.853525
F81: Autumn | H81: 135 | I81: 0 | J81: 0 | L81: =$BZ$3 -> 91.25 | N81: 0 | P81: 0.09 | R81: 0.59 | T81: 40 | U81: =1-V81 -> 0 | V81: =V71 -> 1 | W81: =W71 -> 0.78 | X81: =$BZ$10 -> 0.0047 | Y81: =(I81/100)*(MIN(J81,100)/100) -> 0 | Z81: 0 | AA81: =1.6 * Z81 -> 0 | AB81: =$AB$11 -> 1.3 | AC81: =Y81*AB81+(1-Y81) -> 1 | AD81: =(0.795*R81)-0.0014 -> 0.46765 | AF81: 2.2 | AG81: =1 - EXP(-2*(AF81^2)) -> 0.99993748 | AH81: =(104.7*AD81+0.307*T81-15)*(T81^0.75)*10^-3 -> 0.73551337 | AI81: =AH81*AG81*AC81 -> 0.73546739 | AJ81: =(AI81 * P81) + (0.045 * AA81) -> 0.066192065 | AK81: =$BZ$2 -> 0.08 | AL81: =(AI81 * ((1 - R81) + (0.04 * AI81))) * ( 1 - AK81 ) -> 0.29732387 | AM81: =$BZ$1 -> 0.19 | AN81: =$CA$20 -> 0.6784 | AO81: =AL81 * AM81 * U81 * W81 * AN81 -> 0 | AP81: =AL81*AM81*V81*X81*AN81 -> 0.00018012213 | AQ81: =AO81+AP81 -> 0.00018012213 | AR81: =H81*AQ81*L81 -> 2.2188795 | BA81: =BA79 -> 18 | BC81: =Y81 * 1.6 -> 0 | BD81: =BD79 -> 0.039452055 | BE81: =N81 * 0.92 -> 0 | BF81: 50 | BG81: =T81 / BF81 -> 0.8 | BH81: =((0.045 * BC81) + (BD81 * 0.84) + (BE81 * ((212 - 4 * ((BE81 * 1000)/(4* (BF81^0.75)) - 1)) - ((140 - 4 * (((BE81 * 1000)/(4 * BF81 ^0.75)) - 1))/(1 + EXP(-6 * (BG81 - 0.4)))))) * 10^-3) / 6.25 -> 0.0053023562 | BI81: =MAX((AJ81 / 6.25 ) - BH81, 0) -> 0.0052883742 | BJ81: =H81*BI81*L81 -> 65.146159
F82: Winter | H82: 130 | I82: 0 | J82: 0 | L82: =$BZ$3 -> 91.25 | N82: -0.05 | P82: 0.07 | R82: 0.58 | T82: 35 | U82: =1-V82 -> 0 | V82: =V71 -> 1 | W82: =W71 -> 0.78 | X82: =$BZ$10 -> 0.0047 | Y82: =(I82/100)*(MIN(J82,100)/100) -> 0 | Z82: 0 | AA82: =1.6 * Z82 -> 0 | AB82: =$AB$11 -> 1.3 | AC82: =Y82*AB82+(1-Y82) -> 1 | AD82: =(0.795*R82)-0.0014 -> 0.4597 | AF82: 1.7 | AG82: =1 - EXP(-2*(AF82^2)) -> 0.99691128 | AH82: =(104.7*AD82+0.307*T82-15)*(T82^0.75)*10^-3 -> 0.63135555 | AI82: =AH82*AG82*AC82 -> 0.62940547 | AJ82: =(AI82 * P82) + (0.045 * AA82) -> 0.044058383 | AK82: =$BZ$2 -> 0.08 | AL82: =(AI82 * ((1 - R82) + (0.04 * AI82))) * ( 1 - AK82 ) -> 0.25778064 | AM82: =$BZ$1 -> 0.19 | AN82: =$CA$20 -> 0.6784 | AO82: =AL82 * AM82 * U82 * W82 * AN82 -> 0 | AP82: =AL82*AM82*V82*X82*AN82 -> 0.0001561664 | AQ82: =AO82+AP82 -> 0.0001561664 | AR82: =H82*AQ82*L82 -> 1.8525239 | BA82: =BA79 -> 18 | BC82: =Y82 * 1.6 -> 0 | BD82: =BD79 -> 0.039452055 | BE82: =N82 * 0.92 -> -0.046 | BF82: 50 | BG82: =T82 / BF82 -> 0.7 | BH82: =((0.045 * BC82) + (BD82 * 0.84) + (BE82 * ((212 - 4 * ((BE82 * 1000)/(4* (BF82^0.75)) - 1)) - ((140 - 4 * (((BE82 * 1000)/(4 * BF82 ^0.75)) - 1))/(1 + EXP(-6 * (BG82 - 0.4)))))) * 10^-3) / 6.25 -> 0.0046195426 | BI82: =MAX((AJ82 / 6.25 ) - BH82, 0) -> 0.0024297987 | BJ82: =H82*BI82*L82 -> 28.823487
E83: Other ewes | F83: Spring | H83: 200 | I83: 0 | J83: 0 | L83: =$BZ$3 -> 91.25 | N83: -0.03 | P83: 0.08 | R83: 0.51 | T83: 45 | U83: =1-V83 -> 0 | V83: =V71 -> 1 | W83: =W71 -> 0.78 | X83: =$BZ$10 -> 0.0047 | Y83: =(I83/100)*(MIN(J83,100)/100) -> 0 | Z83: 0 | AA83: =1.6 * Z83 -> 0 | AB83: =$AB$11 -> 1.3 | AC83: =Y83*AB83+(1-Y83) -> 1 | AD83: =(0.795*R83)-0.0014 -> 0.40405 | AF83: 1.5 | AG83: =1 - EXP(-2*(AF83^2)) -> 0.988891 | AH83: =(104.7*AD83+0.307*T83-15)*(T83^0.75)*10^-3 -> 0.71441785 | AI83: =AH83*AG83*AC83 -> 0.70648139 | AJ83: =(AI83 * P83) + (0.045 * AA83) -> 0.056518511 | AK83: =$BZ$2 -> 0.08 | AL83: =(AI83 * ((1 - R83) + (0.04 * AI83))) * ( 1 - AK83 ) -> 0.33684928 | AM83: =$BZ$1 -> 0.19 | AN83: =$CA$20 -> 0.6784 | AO83: =AL83 * AM83 * U83 * W83 * AN83 -> 0 | AP83: =AL83*AM83*V83*X83*AN83 -> 0.00020406706 | AQ83: =AO83+AP83 -> 0.00020406706 | AR83: =H83*AQ83*L83 -> 3.7242239 | BA83: 20 | BB83: 0.8 | BC83: =Y83 * 1.6 -> 0 | BD83: =(BA83 * BB83) / 365 -> 0.043835616 | BE83: =N83 * 0.92 -> -0.0276 | BF83: 50 | BG83: =T83 / BF83 -> 0.9 | BH83: =((0.045 * BC83) + (BD83 * 0.84) + (BE83 * ((212 - 4 * ((BE83 * 1000)/(4* (BF83^0.75)) - 1)) - ((140 - 4 * (((BE83 * 1000)/(4 * BF83 ^0.75)) - 1))/(1 + EXP(-6 * (BG83 - 0.4)))))) * 10^-3) / 6.25 -> 0.0055430891 | BI83: =MAX((AJ83 / 6.25 ) - BH83, 0) -> 0.0034998726 | BJ83: =H83*BI83*L83 -> 63.872676
F84: Summer | H84: 210 | I84: 0 | J84: 0 | L84: =$BZ$3 -> 91.25 | N84: 0.05 | P84: 0.1 | R84: 0.55 | T84: 50 | U84: =1-V84 -> 0 | V84: =V71 -> 1 | W84: =W71 -> 0.78 | X84: =$BZ$10 -> 0.0047 | Y84: =(I84/100)*(MIN(J84,100)/100) -> 0 | Z84: 0 | AA84: =1.6 * Z84 -> 0 | AB84: =$AB$11 -> 1.3 | AC84: =Y84*AB84+(1-Y84) -> 1 | AD84: =(0.795*R84)-0.0014 -> 0.43585 | AF84: 2 | AG84: =1 - EXP(-2*(AF84^2)) -> 0.99966454 | AH84: =(104.7*AD84+0.307*T84-15)*(T84^0.75)*10^-3 -> 0.86462837 | AI84: =AH84*AG84*AC84 -> 0.86433832 | AJ84: =(AI84 * P84) + (0.045 * AA84) -> 0.086433832 | AK84: =$BZ$2 -> 0.08 | AL84: =(AI84 * ((1 - R84) + (0.04 * AI84))) * ( 1 - AK84 ) -> 0.38532863 | AM84: =$BZ$1 -> 0.19 | AN84: =$CA$20 -> 0.6784 | AO84: =AL84 * AM84 * U84 * W84 * AN84 -> 0 | AP84: =AL84*AM84*V84*X84*AN84 -> 0.0002334364 | AQ84: =AO84+AP84 -> 0.0002334364 | AR84: =H84*AQ84*L84 -> 4.4732251 | BA84: =BA83 -> 20 | BC84: =Y84 * 1.6 -> 0 | BD84: =BD83 -> 0.043835616 | BE84: =N84 * 0.92 -> 0.046 | BF84: 50 | BG84: =T84 / BF84 -> 1 | BH84: =((0.045 * BC84) + (BD84 * 0.84) + (BE84 * ((212 - 4 * ((BE84 * 1000)/(4* (BF84^0.75)) - 1)) - ((140 - 4 * (((BE84 * 1000)/(4 * BF84 ^0.75)) - 1))/(1 + EXP(-6 * (BG84 - 0.4)))))) * 10^-3) / 6.25 -> 0.0064491365 | BI84: =MAX((AJ84 / 6.25 ) - BH84, 0) -> 0.0073802766 | BJ84: =H84*BI84*L84 -> 141.42455
F85: Autumn | H85: 190 | I85: 0 | J85: 0 | L85: =$BZ$3 -> 91.25 | N85: 0 | P85: 0.09 | R85: 0.59 | T85: 50 | U85: =1-V85 -> 0 | V85: =V71 -> 1 | W85: =W71 -> 0.78 | X85: =$BZ$10 -> 0.0047 | Y85: =(I85/100)*(MIN(J85,100)/100) -> 0 | Z85: 0 | AA85: =1.6 * Z85 -> 0 | AB85: =$AB$11 -> 1.3 | AC85: =Y85*AB85+(1-Y85) -> 1 | AD85: =(0.795*R85)-0.0014 -> 0.46765 | AF85: 2.2 | AG85: =1 - EXP(-2*(AF85^2)) -> 0.99993748 | AH85: =(104.7*AD85+0.307*T85-15)*(T85^0.75)*10^-3 -> 0.92723226 | AI85: =AH85*AG85*AC85 -> 0.92717428 | AJ85: =(AI85 * P85) + (0.045 * AA85) -> 0.083445686 | AK85: =$BZ$2 -> 0.08 | AL85: =(AI85 * ((1 - R85) + (0.04 * AI85))) * ( 1 - AK85 ) -> 0.38136534 | AM85: =$BZ$1 -> 0.19 | AN85: =$CA$20 -> 0.6784 | AO85: =AL85 * AM85 * U85 * W85 * AN85 -> 0 | AP85: =AL85*AM85*V85*X85*AN85 -> 0.00023103539 | AQ85: =AO85+AP85 -> 0.00023103539 | AR85: =H85*AQ85*L85 -> 4.0055761 | BA85: =BA83 -> 20 | BC85: =Y85 * 1.6 -> 0 | BD85: =BD83 -> 0.043835616 | BE85: =N85 * 0.92 -> 0 | BF85: 50 | BG85: =T85 / BF85 -> 1 | BH85: =((0.045 * BC85) + (BD85 * 0.84) + (BE85 * ((212 - 4 * ((BE85 * 1000)/(4* (BF85^0.75)) - 1)) - ((140 - 4 * (((BE85 * 1000)/(4 * BF85 ^0.75)) - 1))/(1 + EXP(-6 * (BG85 - 0.4)))))) * 10^-3) / 6.25 -> 0.0058915068 | BI85: =MAX((AJ85 / 6.25 ) - BH85, 0) -> 0.0074598028 | BJ85: =H85*BI85*L85 -> 129.33433
F86: Winter | H86: 180 | I86: 0 | J86: 0 | L86: =$BZ$3 -> 91.25 | N86: -0.02 | P86: 0.07 | R86: 0.58 | T86: 48 | U86: =1-V86 -> 0 | V86: =V71 -> 1 | W86: =W71 -> 0.78 | X86: =$BZ$10 -> 0.0047 | Y86: =(I86/100)*(MIN(J86,100)/100) -> 0 | Z86: 0 | AA86: =1.6 * Z86 -> 0 | AB86: =$AB$11 -> 1.3 | AC86: =Y86*AB86+(1-Y86) -> 1 | AD86: =(0.795*R86)-0.0014 -> 0.4597 | AF86: 1.7 | AG86: =1 - EXP(-2*(AF86^2)) -> 0.99691128 | AH86: =(104.7*AD86+0.307*T86-15)*(T86^0.75)*10^-3 -> 0.87289784 | AI86: =AH86*AG86*AC86 -> 0.8702017 | AJ86: =(AI86 * P86) + (0.045 * AA86) -> 0.060914119 | AK86: =$BZ$2 -> 0.08 | AL86: =(AI86 * ((1 - R86) + (0.04 * AI86))) * ( 1 - AK86 ) -> 0.36411278 | AM86: =$BZ$1 -> 0.19 | AN86: =$CA$20 -> 0.6784 | AO86: =AL86 * AM86 * U86 * W86 * AN86 -> 0 | AP86: =AL86*AM86*V86*X86*AN86 -> 0.0002205836 | AQ86: =AO86+AP86 -> 0.0002205836 | AR86: =H86*AQ86*L86 -> 3.6230856 | BA86: =BA83 -> 20 | BC86: =Y86 * 1.6 -> 0 | BD86: =BD83 -> 0.043835616 | BE86: =N86 * 0.92 -> -0.0184 | BF86: 50 | BG86: =T86 / BF86 -> 0.96 | BH86: =((0.045 * BC86) + (BD86 * 0.84) + (BE86 * ((212 - 4 * ((BE86 * 1000)/(4* (BF86^0.75)) - 1)) - ((140 - 4 * (((BE86 * 1000)/(4 * BF86 ^0.75)) - 1))/(1 + EXP(-6 * (BG86 - 0.4)))))) * 10^-3) / 6.25 -> 0.0056652109 | BI86: =MAX((AJ86 / 6.25 ) - BH86, 0) -> 0.0040810482 | BJ86: =H86*BI86*L86 -> 67.031216
E87: Rams | F87: Spring | H87: 50 | I87: 0 | J87: 0 | L87: =$BZ$3 -> 91.25 | N87: -0.02 | P87: 0.08 | R87: 0.51 | T87: 58 | U87: =1-V87 -> 0 | V87: =V71 -> 1 | W87: =W71 -> 0.78 | X87: =$BZ$10 -> 0.0047 | Y87: =(I87/100)*(MIN(J87,100)/100) -> 0 | Z87: 0 | AA87: =1.6 * Z87 -> 0 | AB87: =$AB$11 -> 1.3 | AC87: =Y87*AB87+(1-Y87) -> 1 | AD87: =(0.795*R87)-0.0014 -> 0.40405 | AF87: 1.5 | AG87: =1 - EXP(-2*(AF87^2)) -> 0.988891 | AH87: =(104.7*AD87+0.307*T87-15)*(T87^0.75)*10^-3 -> 0.9480782 | AI87: =AH87*AG87*AC87 -> 0.937546 | AJ87: =(AI87 * P87) + (0.045 * AA87) -> 0.07500368 | AK87: =$BZ$2 -> 0.08 | AL87: =(AI87 * ((1 - R87) + (0.04 * AI87))) * ( 1 - AK87 ) -> 0.45499266 | AM87: =$BZ$1 -> 0.19 | AN87: =$CA$20 -> 0.6784 | AO87: =AL87 * AM87 * U87 * W87 * AN87 -> 0 | AP87: =AL87*AM87*V87*X87*AN87 -> 0.00027563965 | AQ87: =AO87+AP87 -> 0.00027563965 | AR87: =H87*AQ87*L87 -> 1.2576059 | BA87: 15 | BB87: 0.85 | BC87: =Y87 * 1.6 -> 0 | BD87: =(BA87 * BB87) / 365 -> 0.034931507 | BE87: =N87 * 0.92 -> -0.0184 | BF87: 70 | BG87: =T87 / BF87 -> 0.82857143 | BH87: =((0.045 * BC87) + (BD87 * 0.84) + (BE87 * ((212 - 4 * ((BE87 * 1000)/(4* (BF87^0.75)) - 1)) - ((140 - 4 * (((BE87 * 1000)/(4 * BF87 ^0.75)) - 1))/(1 + EXP(-6 * (BG87 - 0.4)))))) * 10^-3) / 6.25 -> 0.0044525681 | BI87: =MAX((AJ87 / 6.25 ) - BH87, 0) -> 0.0075480207 | BJ87: =H87*BI87*L87 -> 34.437844
F88: Summer | H88: 55 | I88: 0 | J88: 0 | L88: =$BZ$3 -> 91.25 | N88: 0.03 | P88: 0.1 | R88: 0.55 | T88: 61 | U88: =1-V88 -> 0 | V88: =V71 -> 1 | W88: =W71 -> 0.78 | X88: =$BZ$10 -> 0.0047 | Y88: =(I88/100)*(MIN(J88,100)/100) -> 0 | Z88: 0 | AA88: =1.6 * Z88 -> 0 | AB88: =$AB$11 -> 1.3 | AC88: =Y88*AB88+(1-Y88) -> 1 | AD88: =(0.795*R88)-0.0014 -> 0.43585 | AF88: 2 | AG88: =1 - EXP(-2*(AF88^2)) -> 0.99966454 | AH88: =(104.7*AD88+0.307*T88-15)*(T88^0.75)*10^-3 -> 1.0773998 | AI88: =AH88*AG88*AC88 -> 1.0770384 | AJ88: =(AI88 * P88) + (0.045 * AA88) -> 0.10770384 | AK88: =$BZ$2 -> 0.08 | AL88: =(AI88 * ((1 - R88) + (0.04 * AI88))) * ( 1 - AK88 ) -> 0.48858231 | AM88: =$BZ$1 -> 0.19 | AN88: =$CA$20 -> 0.6784 | AO88: =AL88 * AM88 * U88 * W88 * AN88 -> 0 | AP88: =AL88*AM88*V88*X88*AN88 -> 0.00029598863 | AQ88: =AO88+AP88 -> 0.00029598863 | AR88: =H88*AQ88*L88 -> 1.485493 | BA88: =BA87 -> 15 | BC88: =Y88 * 1.6 -> 0 | BD88: =BD87 -> 0.034931507 | BE88: =N88 * 0.92 -> 0.0276 | BF88: 70 | BG88: =T88 / BF88 -> 0.87142857 | BH88: =((0.045 * BC88) + (BD88 * 0.84) + (BE88 * ((212 - 4 * ((BE88 * 1000)/(4* (BF88^0.75)) - 1)) - ((140 - 4 * (((BE88 * 1000)/(4 * BF88 ^0.75)) - 1))/(1 + EXP(-6 * (BG88 - 0.4)))))) * 10^-3) / 6.25 -> 0.0050479487 | BI88: =MAX((AJ88 / 6.25 ) - BH88, 0) -> 0.012184665 | BJ88: =H88*BI88*L88 -> 61.151787
F89: Autumn | H89: 60 | I89: 0 | J89: 0 | L89: =$BZ$3 -> 91.25 | N89: 0.02 | P89: 0.09 | R89: 0.59 | T89: 63 | U89: =1-V89 -> 0 | V89: =V71 -> 1 | W89: =W71 -> 0.78 | X89: =$BZ$10 -> 0.0047 | Y89: =(I89/100)*(MIN(J89,100)/100) -> 0 | Z89: 0 | AA89: =1.6 * Z89 -> 0 | AB89: =$AB$11 -> 1.3 | AC89: =Y89*AB89+(1-Y89) -> 1 | AD89: =(0.795*R89)-0.0014 -> 0.46765 | AF89: 2.2 | AG89: =1 - EXP(-2*(AF89^2)) -> 0.99993748 | AH89: =(104.7*AD89+0.307*T89-15)*(T89^0.75)*10^-3 -> 1.1919687 | AI89: =AH89*AG89*AC89 -> 1.1918942 | AJ89: =(AI89 * P89) + (0.045 * AA89) -> 0.10727047 | AK89: =$BZ$2 -> 0.08 | AL89: =(AI89 * ((1 - R89) + (0.04 * AI89))) * ( 1 - AK89 ) -> 0.50186099 | AM89: =$BZ$1 -> 0.19 | AN89: =$CA$20 -> 0.6784 | AO89: =AL89 * AM89 * U89 * W89 * AN89 -> 0 | AP89: =AL89*AM89*V89*X89*AN89 -> 0.00030403301 | AQ89: =AO89+AP89 -> 0.00030403301 | AR89: =H89*AQ89*L89 -> 1.6645807 | BA89: =BA87 -> 15 | BC89: =Y89 * 1.6 -> 0 | BD89: =BD87 -> 0.034931507 | BE89: =N89 * 0.92 -> 0.0184 | BF89: 70 | BG89: =T89 / BF89 -> 0.9 | BH89: =((0.045 * BC89) + (BD89 * 0.84) + (BE89 * ((212 - 4 * ((BE89 * 1000)/(4* (BF89^0.75)) - 1)) - ((140 - 4 * (((BE89 * 1000)/(4 * BF89 ^0.75)) - 1))/(1 + EXP(-6 * (BG89 - 0.4)))))) * 10^-3) / 6.25 -> 0.0049267619 | BI89: =MAX((AJ89 / 6.25 ) - BH89, 0) -> 0.012236514 | BJ89: =H89*BI89*L89 -> 66.994914
F90: Winter | H90: 65 | I90: 0 | J90: 0 | L90: =$BZ$3 -> 91.25 | N90: -0.03 | P90: 0.07 | R90: 0.58 | T90: 60 | U90: =1-V90 -> 0 | V90: =V71 -> 1 | W90: =W71 -> 0.78 | X90: =$BZ$10 -> 0.0047 | Y90: =(I90/100)*(MIN(J90,100)/100) -> 0 | Z90: 0 | AA90: =1.6 * Z90 -> 0 | AB90: =$AB$11 -> 1.3 | AC90: =Y90*AB90+(1-Y90) -> 1 | AD90: =(0.795*R90)-0.0014 -> 0.4597 | AF90: 1.7 | AG90: =1 - EXP(-2*(AF90^2)) -> 0.99691128 | AH90: =(104.7*AD90+0.307*T90-15)*(T90^0.75)*10^-3 -> 1.1113403 | AI90: =AH90*AG90*AC90 -> 1.1079077 | AJ90: =(AI90 * P90) + (0.045 * AA90) -> 0.077553541 | AK90: =$BZ$2 -> 0.08 | AL90: =(AI90 * ((1 - R90) + (0.04 * AI90))) * ( 1 - AK90 ) -> 0.47326605 | AM90: =$BZ$1 -> 0.19 | AN90: =$CA$20 -> 0.6784 | AO90: =AL90 * AM90 * U90 * W90 * AN90 -> 0 | AP90: =AL90*AM90*V90*X90*AN90 -> 0.00028670988 | AQ90: =AO90+AP90 -> 0.00028670988 | AR90: =H90*AQ90*L90 -> 1.700548 | BA90: =BA87 -> 15 | BC90: =Y90 * 1.6 -> 0 | BD90: =BD87 -> 0.034931507 | BE90: =N90 * 0.92 -> -0.0276 | BF90: 70 | BG90: =T90 / BF90 -> 0.85714286 | BH90: =((0.045 * BC90) + (BD90 * 0.84) + (BE90 * ((212 - 4 * ((BE90 * 1000)/(4* (BF90^0.75)) - 1)) - ((140 - 4 * (((BE90 * 1000)/(4 * BF90 ^0.75)) - 1))/(1 + EXP(-6 * (BG90 - 0.4)))))) * 10^-3) / 6.25 -> 0.0043380712 | BI90: =MAX((AJ90 / 6.25 ) - BH90, 0) -> 0.0080704953 | BJ90: =H90*BI90*L90 -> 47.868125
E91: Wethers | F91: Spring | H91: 50 | I91: 0 | J91: 0 | L91: =$BZ$3 -> 91.25 | N91: 0 | P91: 0.08 | R91: 0.51 | T91: 50 | U91: =1-V91 -> 0 | V91: =V71 -> 1 | W91: =W71 -> 0.78 | X91: =$BZ$10 -> 0.0047 | Y91: =(I91/100)*(MIN(J91,100)/100) -> 0 | Z91: 0 | AA91: =1.6 * Z91 -> 0 | AB91: =$AB$11 -> 1.3 | AC91: =Y91*AB91+(1-Y91) -> 1 | AD91: =(0.795*R91)-0.0014 -> 0.40405 | AF91: 1.5 | AG91: =1 - EXP(-2*(AF91^2)) -> 0.988891 | AH91: =(104.7*AD91+0.307*T91-15)*(T91^0.75)*10^-3 -> 0.80202448 | AI91: =AH91*AG91*AC91 -> 0.79311479 | AJ91: =(AI91 * P91) + (0.045 * AA91) -> 0.063449183 | AK91: =$BZ$2 -> 0.08 | AL91: =(AI91 * ((1 - R91) + (0.04 * AI91))) * ( 1 - AK91 ) -> 0.38068449 | AM91: =$BZ$1 -> 0.19 | AN91: =$CA$20 -> 0.6784 | AO91: =AL91 * AM91 * U91 * W91 * AN91 -> 0 | AP91: =AL91*AM91*V91*X91*AN91 -> 0.00023062293 | AQ91: =AO91+AP91 -> 0.00023062293 | AR91: =H91*AQ91*L91 -> 1.0522171 | BA91: 18 | BB91: 0.8 | BC91: =Y91 * 1.6 -> 0 | BD91: =(BA91 * BB91) / 365 -> 0.039452055 | BE91: =N91 * 0.92 -> 0 | BF91: 60 | BG91: =T91 / BF91 -> 0.83333333 | BH91: =((0.045 * BC91) + (BD91 * 0.84) + (BE91 * ((212 - 4 * ((BE91 * 1000)/(4* (BF91^0.75)) - 1)) - ((140 - 4 * (((BE91 * 1000)/(4 * BF91 ^0.75)) - 1))/(1 + EXP(-6 * (BG91 - 0.4)))))) * 10^-3) / 6.25 -> 0.0053023562 | BI91: =MAX((AJ91 / 6.25 ) - BH91, 0) -> 0.0048495132 | BJ91: =H91*BI91*L91 -> 22.125904
F92: Summer | H92: 100 | I92: 0 | J92: 0 | L92: =$BZ$3 -> 91.25 | N92: 0.05 | P92: 0.1 | R92: 0.55 | T92: 55 | U92: =1-V92 -> 0 | V92: =V71 -> 1 | W92: =W71 -> 0.78 | X92: =$BZ$10 -> 0.0047 | Y92: =(I92/100)*(MIN(J92,100)/100) -> 0 | Z92: 0 | AA92: =1.6 * Z92 -> 0 | AB92: =$AB$11 -> 1.3 | AC92: =Y92*AB92+(1-Y92) -> 1 | AD92: =(0.795*R92)-0.0014 -> 0.43585 | AF92: 2 | AG92: =1 - EXP(-2*(AF92^2)) -> 0.99966454 | AH92: =(104.7*AD92+0.307*T92-15)*(T92^0.75)*10^-3 -> 0.95969823 | AI92: =AH92*AG92*AC92 -> 0.95937629 | AJ92: =(AI92 * P92) + (0.045 * AA92) -> 0.095937629 | AK92: =$BZ$2 -> 0.08 | AL92: =(AI92 * ((1 - R92) + (0.04 * AI92))) * ( 1 - AK92 ) -> 0.43105261 | AM92: =$BZ$1 -> 0.19 | AN92: =$CA$20 -> 0.6784 | AO92: =AL92 * AM92 * U92 * W92 * AN92 -> 0 | AP92: =AL92*AM92*V92*X92*AN92 -> 0.0002611365 | AQ92: =AO92+AP92 -> 0.0002611365 | AR92: =H92*AQ92*L92 -> 2.3828705 | BA92: =BA91 -> 18 | BC92: =Y92 * 1.6 -> 0 | BD92: =BD91 -> 0.039452055 | BE92: =N92 * 0.92 -> 0.046 | BF92: 60 | BG92: =T92 / BF92 -> 0.91666667 | BH92: =((0.045 * BC92) + (BD92 * 0.84) + (BE92 * ((212 - 4 * ((BE92 * 1000)/(4* (BF92^0.75)) - 1)) - ((140 - 4 * (((BE92 * 1000)/(4 * BF92 ^0.75)) - 1))/(1 + EXP(-6 * (BG92 - 0.4)))))) * 10^-3) / 6.25 -> 0.005877286 | BI92: =MAX((AJ92 / 6.25 ) - BH92, 0) -> 0.0094727346 | BJ92: =H92*BI92*L92 -> 86.438704
F93: Autumn | H93: 90 | I93: 0 | J93: 0 | L93: =$BZ$3 -> 91.25 | N93: 0 | P93: 0.09 | R93: 0.59 | T93: 55 | U93: =1-V93 -> 0 | V93: =V71 -> 1 | W93: =W71 -> 0.78 | X93: =$BZ$10 -> 0.0047 | Y93: =(I93/100)*(MIN(J93,100)/100) -> 0 | Z93: 0 | AA93: =1.6 * Z93 -> 0 | AB93: =$AB$11 -> 1.3 | AC93: =Y93*AB93+(1-Y93) -> 1 | AD93: =(0.795*R93)-0.0014 -> 0.46765 | AF93: 2.2 | AG93: =1 - EXP(-2*(AF93^2)) -> 0.99993748 | AH93: =(104.7*AD93+0.307*T93-15)*(T93^0.75)*10^-3 -> 1.026941 | AI93: =AH93*AG93*AC93 -> 1.0268768 | AJ93: =(AI93 * P93) + (0.045 * AA93) -> 0.092418915 | AK93: =$BZ$2 -> 0.08 | AL93: =(AI93 * ((1 - R93) + (0.04 * AI93))) * ( 1 - AK93 ) -> 0.42614266 | AM93: =$BZ$1 -> 0.19 | AN93: =$CA$20 -> 0.6784 | AO93: =AL93 * AM93 * U93 * W93 * AN93 -> 0 | AP93: =AL93*AM93*V93*X93*AN93 -> 0.00025816199 | AQ93: =AO93+AP93 -> 0.00025816199 | AR93: =H93*AQ93*L93 -> 2.1201554 | BA93: =BA91 -> 18 | BC93: =Y93 * 1.6 -> 0 | BD93: =BD91 -> 0.039452055 | BE93: =N93 * 0.92 -> 0 | BF93: 60 | BG93: =T93 / BF93 -> 0.91666667 | BH93: =((0.045 * BC93) + (BD93 * 0.84) + (BE93 * ((212 - 4 * ((BE93 * 1000)/(4* (BF93^0.75)) - 1)) - ((140 - 4 * (((BE93 * 1000)/(4 * BF93 ^0.75)) - 1))/(1 + EXP(-6 * (BG93 - 0.4)))))) * 10^-3) / 6.25 -> 0.0053023562 | BI93: =MAX((AJ93 / 6.25 ) - BH93, 0) -> 0.0094846702 | BJ93: =H93*BI93*L93 -> 77.892854
F94: Winter | H94: 80 | I94: 0 | J94: 0 | L94: =$BZ$3 -> 91.25 | N94: -0.05 | P94: 0.07 | R94: 0.58 | T94: 50 | U94: =1-V94 -> 0 | V94: =V71 -> 1 | W94: =W71 -> 0.78 | X94: =$BZ$10 -> 0.0047 | Y94: =(I94/100)*(MIN(J94,100)/100) -> 0 | Z94: 0 | AA94: =1.6 * Z94 -> 0 | AB94: =$AB$11 -> 1.3 | AC94: =Y94*AB94+(1-Y94) -> 1 | AD94: =(0.795*R94)-0.0014 -> 0.4597 | AF94: 1.7 | AG94: =1 - EXP(-2*(AF94^2)) -> 0.99691128 | AH94: =(104.7*AD94+0.307*T94-15)*(T94^0.75)*10^-3 -> 0.91158128 | AI94: =AH94*AG94*AC94 -> 0.90876567 | AJ94: =(AI94 * P94) + (0.045 * AA94) -> 0.063613597 | AK94: =$BZ$2 -> 0.08 | AL94: =(AI94 * ((1 - R94) + (0.04 * AI94))) * ( 1 - AK94 ) -> 0.38153852 | AM94: =$BZ$1 -> 0.19 | AN94: =$CA$20 -> 0.6784 | AO94: =AL94 * AM94 * U94 * W94 * AN94 -> 0 | AP94: =AL94*AM94*V94*X94*AN94 -> 0.00023114031 | AQ94: =AO94+AP94 -> 0.00023114031 | AR94: =H94*AQ94*L94 -> 1.6873243 | BA94: =BA91 -> 18 | BC94: =Y94 * 1.6 -> 0 | BD94: =BD91 -> 0.039452055 | BE94: =N94 * 0.92 -> -0.046 | BF94: 60 | BG94: =T94 / BF94 -> 0.83333333 | BH94: =((0.045 * BC94) + (BD94 * 0.84) + (BE94 * ((212 - 4 * ((BE94 * 1000)/(4* (BF94^0.75)) - 1)) - ((140 - 4 * (((BE94 * 1000)/(4 * BF94 ^0.75)) - 1))/(1 + EXP(-6 * (BG94 - 0.4)))))) * 10^-3) / 6.25 -> 0.0046980747 | BI94: =MAX((AJ94 / 6.25 ) - BH94, 0) -> 0.0054801008 | BJ94: =H94*BI94*L94 -> 40.004736
A101: SA | B101: SA | C101: SA | D101: no | E101: Breeding ewes | F101: Spring | H101: 100 | I101: 95 | J101: 90 | L101: =$BZ$3 -> 91.25 | N101: {=_xlfn.DROP(_xlfn.XLOOKUP($C101,TableLWG2_1[[#Headers],[ACT/NSW]:[WA]],TableLWG2_1[[#All],[ACT/NSW]:[WA]]),1)} -> 0 | P101: {=_xlfn.DROP(_xlfn.XLOOKUP($C101,QueryCP[[#Headers],[ACT/NSW]:[WA]],QueryCP[[#All],[ACT/NSW]:[WA]]),1)} -> 0.16 | R101: {=_xlfn.DROP(_xlfn.XLOOKUP($C101,QueryDMD[[#Headers],[ACT/NSW]:[WA]],QueryDMD[[#All],[ACT/NSW]:[WA]]),1)} -> 0.7 | T101: {=_xlfn.DROP(_xlfn.XLOOKUP($C101,QueryW[[#Headers],[ACT/NSW]:[WA]],QueryW[[#All],[ACT/NSW]:[WA]]),1)} -> 55 | U101: =1-V101 -> 0.0026 | V101: =IF($D101="yes", 1, VLOOKUP($B101, $BY$26:$CA$32, 2)/100) -> 0.9974 | W101: =VLOOKUP($B101,$CA$10:$CB$16, 2, FALSE) -> 0.74 | X101: =$BZ$10 -> 0.0047 | Y101: =(I101/100)*(MIN(J101,100)/100) -> 0.855 | Z101: 0 | AA101: =1.6 * Z101 -> 0 | AB101: =$CC$1 -> 1.3 | AC101: =Y101*AB101+(1-Y101) -> 1.2565 | AD101: =(0.795*R101)-0.0014 -> 0.5551 | AF101: {=_xlfn.DROP(_xlfn.XLOOKUP($C101,QueryDMA[[#Headers],[ACT/NSW]:[WA]],QueryDMA[[#All],[ACT/NSW]:[WA]]),1)} -> 4 | AG101: =1 - EXP(-2*(AF101^2)) -> 1 | AH101: =(104.7*AD101+0.307*T101-15)*(T101^0.75)*10^-3 -> 1.2118587 | AI101: =AH101*AG101*AC101 -> 1.5227005 | AJ101: =(AI101 * P101) + (0.045 * AA101) -> 0.24363208 | AK101: =$BZ$2 -> 0.08 | AL101: =(AI101 * ((1 - R101) + (0.04 * AI101))) * ( 1 - AK101 ) -> 0.50559044 | AM101: =$BZ$1 -> 0.19 | AN101: =$CA$20 -> 0.6784 | AO101: =AL101 * AM101 * U101 * W101 * AN101 -> 0.00012538436 | AP101: =AL101*AM101*V101*X101*AN101 -> 0.00030549599 | AQ101: =AO101+AP101 -> 0.00043088035 | AR101: =H101*AQ101*L101 -> 3.9317832 | AS101: =SUM(AR101:AR124)*10^-3 -> 0.075276514 | AT101: no | AU101: =IF(AT101="yes", 1,0) -> 0 | AV101: =$BZ$4 -> 0.24 | AW101: Tropical wet | AX101: =VLOOKUP(AW101,$CD$37:$CF$46,2, FALSE) -> 0.006 | AY101: =$BZ$7 -> 1.57 | AZ101: =$BZ$5 -> 0.21 | BA101: 20 | BB101: 0.8 | BC101: =Y101 * 1.6 -> 1.368 | BD101: =(BA101 * BB101) / 365 -> 0.043835616 | BE101: =N101 * 0.92 -> 0 | BF101: {=_xlfn.DROP(_xlfn.XLOOKUP($C101,QuerySRW[[#Headers],[ACT/NSW]:[WA]],QuerySRW[[#All],[ACT/NSW]:[WA]]),1)} -> 60 | BG101: =T101 / BF101 -> 0.91666667 | BH101: =((0.045 * BC101) + (BD101 * 0.84) + (BE101 * ((212 - 4 * ((BE101 * 1000)/(4* (BF101^0.75)) - 1)) - ((140 - 4 * (((BE101 * 1000)/(4 * BF101 ^0.75)) - 1))/(1 + EXP(-6 * (BG101 - 0.4)))))) * 10^-3) / 6.25 -> 0.015741107 | BI101: =MAX((AJ101 / 6.25 ) - BH101, 0) -> 0.023240026 | BJ101: =H101*BI101*L101 -> 212.06524 | BK101: =SUM(BJ101:BJ124) -> 3881.3363 | BL101: =BK101*$AU$11*$AV$11 -> 931.52071 | BM101: =BK101 * AZ101 -> 815.08062 | BN101: Non-irrigated crop (high rainfall) | BO101: =VLOOKUP(BN101, $BY$37:$BZ$49, 2, FALSE) -> 0.008 | BP101: =BM101 * BO101 * AY101 * 10^-3 -> 0.010237413 | BQ101: =BK101 * AU101 * AV101 -> 0 | BR101: =$BZ$6 -> 0.011 | BS101: =BK101 * AX101 * AY101 * 10^-3 -> 0.036562188 | BT101: =BQ101 * BR101 * AY101 * 10^-3 -> 0
F102: Summer | H102: 70 | I102: 0 | J102: 0 | L102: =$BZ$3 -> 91.25 | N102: 0 | P102: 0.07 | R102: 0.55 | T102: 55 | U102: =1-V102 -> 0.0026 | V102: =V101 -> 0.9974 | W102: =W101 -> 0.74 | X102: =$BZ$10 -> 0.0047 | Y102: =(I102/100)*(MIN(J102,100)/100) -> 0 | Z102: 0 | AA102: =1.6 * Z102 -> 0 | AB102: =$AB$11 -> 1.3 | AC102: =Y102*AB102+(1-Y102) -> 1 | AD102: =(0.795*R102)-0.0014 -> 0.43585 | AF102: 2.5 | AG102: =1 - EXP(-2*(AF102^2)) -> 0.99999627 | AH102: =(104.7*AD102+0.307*T102-15)*(T102^0.75)*10^-3 -> 0.95969823 | AI102: =AH102*AG102*AC102 -> 0.95969465 | AJ102: =(AI102 * P102) + (0.045 * AA102) -> 0.067178626 | AK102: =$BZ$2 -> 0.08 | AL102: =(AI102 * ((1 - R102) + (0.04 * AI102))) * ( 1 - AK102 ) -> 0.4312069 | AM102: =$BZ$1 -> 0.19 | AN102: =$CA$20 -> 0.6784 | AO102: =AL102 * AM102 * U102 * W102 * AN102 -> 0.00010693754 | AP102: =AL102*AM102*V102*X102*AN102 -> 0.00026055077 | AQ102: =AO102+AP102 -> 0.00036748831 | AR102: =H102*AQ102*L102 -> 2.3473316 | BA102: =BA101 -> 20 | BC102: =Y102 * 1.6 -> 0 | BD102: =BD101 -> 0.043835616 | BE102: =N102 * 0.92 -> 0 | BF102: 60 | BG102: =T102 / BF102 -> 0.91666667 | BH102: =((0.045 * BC102) + (BD$11 * 0.84) + (BE102 * ((212 - 4 * ((BE102 * 1000)/(4* (BF102^0.75)) - 1)) - ((140 - 4 * (((BE102 * 1000)/(4 * BF102 ^0.75)) - 1))/(1 + EXP(-6 * (BG102 - 0.4)))))) * 10^-3) / 6.25 -> 0.0058915068 | BI102: =MAX((AJ102 / 6.25 ) - BH102, 0) -> 0.0048570733 | BJ102: =H102*BI102*L102 -> 31.024556
F103: Autumn | H103: 65 | I103: 0 | J103: 0 | L103: =$BZ$3 -> 91.25 | N103: 0 | P103: 0.09 | R103: 0.55 | T103: 55 | U103: =1-V103 -> 0.0026 | V103: =V101 -> 0.9974 | W103: =W101 -> 0.74 | X103: =$BZ$10 -> 0.0047 | Y103: =(I103/100)*(MIN(J103,100)/100) -> 0 | Z103: 0 | AA103: =1.6 * Z103 -> 0 | AB103: =$AB$11 -> 1.3 | AC103: =Y103*AB103+(1-Y103) -> 1 | AD103: =(0.795*R103)-0.0014 -> 0.43585 | AF103: 0.7 | AG103: =1 - EXP(-2*(AF103^2)) -> 0.6246889 | AH103: =(104.7*AD103+0.307*T103-15)*(T103^0.75)*10^-3 -> 0.95969823 | AI103: =AH103*AG103*AC103 -> 0.59951283 | AJ103: =(AI103 * P103) + (0.045 * AA103) -> 0.053956155 | AK103: =$BZ$2 -> 0.08 | AL103: =(AI103 * ((1 - R103) + (0.04 * AI103))) * ( 1 - AK103 ) -> 0.26142481 | AM103: =$BZ$1 -> 0.19 | AN103: =$CA$20 -> 0.6784 | AO103: =AL103 * AM103 * U103 * W103 * AN103 -> 6.4832282e-05 | AP103: =AL103*AM103*V103*X103*AN103 -> 0.0001579623 | AQ103: =AO103+AP103 -> 0.00022279459 | AR103: =H103*AQ103*L103 -> 1.3214504 | BA103: =BA101 -> 20 | BC103: =Y103 * 1.6 -> 0 | BD103: =BD101 -> 0.043835616 | BE103: =N103 * 0.92 -> 0 | BF103: 60 | BG103: =T103 / BF103 -> 0.91666667 | BH103: =((0.045 * BC103) + (BD$11 * 0.84) + (BE103 * ((212 - 4 * ((BE103 * 1000)/(4* (BF103^0.75)) - 1)) - ((140 - 4 * (((BE103 * 1000)/(4 * BF103 ^0.75)) - 1))/(1 + EXP(-6 * (BG103 - 0.4)))))) * 10^-3) / 6.25 -> 0.0058915068 | BI103: =MAX((AJ103 / 6.25 ) - BH103, 0) -> 0.002741478 | BJ103: =H103*BI103*L103 -> 16.260391
F104: Winter | H104: 80 | I104: 0 | J104: 0 | L104: =$BZ$3 -> 91.25 | N104: 0 | P104: 0.2 | R104: 0.75 | T104: 55 | U104: =1-V104 -> 0.0026 | V104: =V101 -> 0.9974 | W104: =W101 -> 0.74 | X104: =$BZ$10 -> 0.0047 | Y104: =(I104/100)*(MIN(J104,100)/100) -> 0 | Z104: 0 | AA104: =1.6 * Z104 -> 0 | AB104: =$AB$11 -> 1.3 | AC104: =Y104*AB104+(1-Y104) -> 1 | AD104: =(0.795*R104)-0.0014 -> 0.59485 | AF104: 0.9 | AG104: =1 - EXP(-2*(AF104^2)) -> 0.8021013 | AH104: =(104.7*AD104+0.307*T104-15)*(T104^0.75)*10^-3 -> 1.2959123 | AI104: =AH104*AG104*AC104 -> 1.0394529 | AJ104: =(AI104 * P104) + (0.045 * AA104) -> 0.20789058 | AK104: =$BZ$2 -> 0.08 | AL104: =(AI104 * ((1 - R104) + (0.04 * AI104))) * ( 1 - AK104 ) -> 0.27883518 | AM104: =$BZ$1 -> 0.19 | AN104: =$CA$20 -> 0.6784 | AO104: =AL104 * AM104 * U104 * W104 * AN104 -> 6.9149983e-05 | AP104: =AL104*AM104*V104*X104*AN104 -> 0.00016848228 | AQ104: =AO104+AP104 -> 0.00023763226 | AR104: =H104*AQ104*L104 -> 1.7347155 | BA104: =BA101 -> 20 | BC104: =Y104 * 1.6 -> 0 | BD104: =BD101 -> 0.043835616 | BE104: =N104 * 0.92 -> 0 | BF104: 60 | BG104: =T104 / BF104 -> 0.91666667 | BH104: =((0.045 * BC104) + (BD$11 * 0.84) + (BE104 * ((212 - 4 * ((BE104 * 1000)/(4* (BF104^0.75)) - 1)) - ((140 - 4 * (((BE104 * 1000)/(4 * BF104 ^0.75)) - 1))/(1 + EXP(-6 * (BG104 - 0.4)))))) * 10^-3) / 6.25 -> 0.0058915068 | BI104: =MAX((AJ104 / 6.25 ) - BH104, 0) -> 0.027370986 | BJ104: =H104*BI104*L104 -> 199.8082
E105: Lambs and hoggets | F105: Spring | H105: 200 | I105: 0 | J105: 0 | L105: =$BZ$3 -> 91.25 | N105: 0.11 | P105: 0.16 | R105: 0.7 | T105: 40 | U105: =1-V105 -> 0.0026 | V105: =V101 -> 0.9974 | W105: =W101 -> 0.74 | X105: =$BZ$10 -> 0.0047 | Y105: =(I105/100)*(MIN(J105,100)/100) -> 0 | Z105: 1 | AA105: =1.6 * Z105 -> 1.6 | AB105: =$AB$11 -> 1.3 | AC105: =Y105*AB105+(1-Y105) -> 1 | AD105: =(0.795*R105)-0.0014 -> 0.5551 | AF105: 4 | AG105: =1 - EXP(-2*(AF105^2)) -> 1 | AH105: =(104.7*AD105+0.307*T105-15)*(T105^0.75)*10^-3 -> 0.88114358 | AI105: =AH105*AG105*AC105 -> 0.88114358 | AJ105: =(AI105 * P105) + (0.045 * AA105) -> 0.21298297 | AK105: =$BZ$2 -> 0.08 | AL105: =(AI105 * ((1 - R105) + (0.04 * AI105))) * ( 1 - AK105 ) -> 0.27176767 | AM105: =$BZ$1 -> 0.19 | AN105: =$CA$20 -> 0.6784 | AO105: =AL105 * AM105 * U105 * W105 * AN105 -> 6.7397268e-05 | AP105: =AL105*AM105*V105*X105*AN105 -> 0.00016421183 | AQ105: =AO105+AP105 -> 0.0002316091 | AR105: =H105*AQ105*L105 -> 4.2268661 | BA105: 15 | BB105: 0.85 | BC105: =Y105 * 1.6 -> 0 | BD105: =(BA105 * BB105) / 365 -> 0.034931507 | BE105: =N105 * 0.92 -> 0.1012 | BF105: 66 | BG105: =T105 / BF105 -> 0.60606061 | BH105: =((0.045 * BC105) + (BD$15 * 0.84) + (BE105 * ((212 - 4 * ((BE105 * 1000)/(4* (BF105^0.75)) - 1)) - ((140 - 4 * (((BE105 * 1000)/(4 * BF105 ^0.75)) - 1))/(1 + EXP(-6 * (BG105 - 0.4)))))) * 10^-3) / 6.25 -> 0.0063694743 | BI105: =MAX((AJ105 / 6.25 ) - BH105, 0) -> 0.027707801 | BJ105: =H105*BI105*L105 -> 505.66738
F106: Summer | H106: 210 | I106: 0 | J106: 0 | L106: =$BZ$3 -> 91.25 | N106: 0.05 | P106: 0.07 | R106: 0.55 | T106: 45 | U106: =1-V106 -> 0.0026 | V106: =V101 -> 0.9974 | W106: =W101 -> 0.74 | X106: =$BZ$10 -> 0.0047 | Y106: =(I106/100)*(MIN(J106,100)/100) -> 0 | Z106: 0 | AA106: =1.6 * Z106 -> 0 | AB106: =$AB$11 -> 1.3 | AC106: =Y106*AB106+(1-Y106) -> 1 | AD106: =(0.795*R106)-0.0014 -> 0.43585 | AF106: 2.5 | AG106: =1 - EXP(-2*(AF106^2)) -> 0.99999627 | AH106: =(104.7*AD106+0.307*T106-15)*(T106^0.75)*10^-3 -> 0.77226517 | AI106: =AH106*AG106*AC106 -> 0.77226229 | AJ106: =(AI106 * P106) + (0.045 * AA106) -> 0.05405836 | AK106: =$BZ$2 -> 0.08 | AL106: =(AI106 * ((1 - R106) + (0.04 * AI106))) * ( 1 - AK106 ) -> 0.3416637 | AM106: =$BZ$1 -> 0.19 | AN106: =$CA$20 -> 0.6784 | AO106: =AL106 * AM106 * U106 * W106 * AN106 -> 8.4731199e-05 | AP106: =AL106*AM106*V106*X106*AN106 -> 0.00020644554 | AQ106: =AO106+AP106 -> 0.00029117674 | AR106: =H106*AQ106*L106 -> 5.5796743 | BA106: =BA105 -> 15 | BC106: =Y106 * 1.6 -> 0 | BD106: =BD105 -> 0.034931507 | BE106: =N106 * 0.92 -> 0.046 | BF106: 66 | BG106: =T106 / BF106 -> 0.68181818 | BH106: =((0.045 * BC106) + (BD106 * 0.84) + (BE106 * ((212 - 4 * ((BE106 * 1000)/(4* (BF106^0.75)) - 1)) - ((140 - 4 * (((BE106 * 1000)/(4 * BF106 ^0.75)) - 1))/(1 + EXP(-6 * (BG106 - 0.4)))))) * 10^-3) / 6.25 -> 0.0053874095 | BI106: =MAX((AJ106 / 6.25 ) - BH106, 0) -> 0.0032619282 | BJ106: =H106*BI106*L106 -> 62.506698
F107: Autumn | H107: 170 | I107: 0 | J107: 0 | L107: =$BZ$3 -> 91.25 | N107: 0.16 | P107: 0.09 | R107: 0.55 | T107: 20 | U107: =1-V107 -> 0.0026 | V107: =V101 -> 0.9974 | W107: =W101 -> 0.74 | X107: =$BZ$10 -> 0.0047 | Y107: =(I107/100)*(MIN(J107,100)/100) -> 0 | Z107: 0 | AA107: =1.6 * Z107 -> 0 | AB107: =$AB$11 -> 1.3 | AC107: =Y107*AB107+(1-Y107) -> 1 | AD107: =(0.795*R107)-0.0014 -> 0.43585 | AF107: 0.7 | AG107: =1 - EXP(-2*(AF107^2)) -> 0.6246889 | AH107: =(104.7*AD107+0.307*T107-15)*(T107^0.75)*10^-3 -> 0.34778224 | AI107: =AH107*AG107*AC107 -> 0.21725571 | AJ107: =(AI107 * P107) + (0.045 * AA107) -> 0.019553014 | AK107: =$BZ$2 -> 0.08 | AL107: =(AI107 * ((1 - R107) + (0.04 * AI107))) * ( 1 - AK107 ) -> 0.091680824 | AM107: =$BZ$1 -> 0.19 | AN107: =$CA$20 -> 0.6784 | AO107: =AL107 * AM107 * U107 * W107 * AN107 -> 2.2736469e-05 | AP107: =AL107*AM107*V107*X107*AN107 -> 5.5396863e-05 | AQ107: =AO107+AP107 -> 7.8133332e-05 | AR107: =H107*AQ107*L107 -> 1.2120433 | BA107: =BA105 -> 15 | BC107: =Y107 * 1.6 -> 0 | BD107: =BD105 -> 0.034931507 | BE107: =N107 * 0.92 -> 0.1472 | BF107: 66 | BG107: =T107 / BF107 -> 0.3030303 | BH107: =((0.045 * BC107) + (BD107 * 0.84) + (BE107 * ((212 - 4 * ((BE107 * 1000)/(4* (BF107^0.75)) - 1)) - ((140 - 4 * (((BE107 * 1000)/(4 * BF107 ^0.75)) - 1))/(1 + EXP(-6 * (BG107 - 0.4)))))) * 10^-3) / 6.25 -> 0.0084700867 | BI107: =MAX((AJ107 / 6.25 ) - BH107, 0) -> 0 | BJ107: =H107*BI107*L107 -> 0
F108: Winter | H108: 200 | I108: 0 | J108: 0 | L108: =$BZ$3 -> 91.25 | N108: 0.16 | P108: 0.2 | R108: 0.75 | T108: 30 | U108: =1-V108 -> 0.0026 | V108: =V101 -> 0.9974 | W108: =W101 -> 0.74 | X108: =$BZ$10 -> 0.0047 | Y108: =(I108/100)*(MIN(J108,100)/100) -> 0 | Z108: 0 | AA108: =1.6 * Z108 -> 0 | AB108: =$AB$11 -> 1.3 | AC108: =Y108*AB108+(1-Y108) -> 1 | AD108: =(0.795*R108)-0.0014 -> 0.59485 | AF108: 0.9 | AG108: =1 - EXP(-2*(AF108^2)) -> 0.8021013 | AH108: =(104.7*AD108+0.307*T108-15)*(T108^0.75)*10^-3 -> 0.72413348 | AI108: =AH108*AG108*AC108 -> 0.58082841 | AJ108: =(AI108 * P108) + (0.045 * AA108) -> 0.11616568 | AK108: =$BZ$2 -> 0.08 | AL108: =(AI108 * ((1 - R108) + (0.04 * AI108))) * ( 1 - AK108 ) -> 0.14600544 | AM108: =$BZ$1 -> 0.19 | AN108: =$CA$20 -> 0.6784 | AO108: =AL108 * AM108 * U108 * W108 * AN108 -> 3.6208752e-05 | AP108: =AL108*AM108*V108*X108*AN108 -> 8.8221757e-05 | AQ108: =AO108+AP108 -> 0.00012443051 | AR108: =H108*AQ108*L108 -> 2.2708568 | BA108: =BA105 -> 15 | BC108: =Y108 * 1.6 -> 0 | BD108: =BD105 -> 0.034931507 | BE108: =N108 * 0.92 -> 0.1472 | BF108: 66 | BG108: =T108 / BF108 -> 0.45454545 | BH108: =((0.045 * BC108) + (BD108 * 0.84) + (BE108 * ((212 - 4 * ((BE108 * 1000)/(4* (BF108^0.75)) - 1)) - ((140 - 4 * (((BE108 * 1000)/(4 * BF108 ^0.75)) - 1))/(1 + EXP(-6 * (BG108 - 0.4)))))) * 10^-3) / 6.25 -> 0.0077485296 | BI108: =MAX((AJ108 / 6.25 ) - BH108, 0) -> 0.010837979 | BJ108: =H108*BI108*L108 -> 197.79312
E109: Maiden ewes | F109: Spring | H109: 100 | I109: 95 | J109: 92 | L109: =$BZ$3 -> 91.25 | N109: 0 | P109: 0.16 | R109: 0.7 | T109: 52 | U109: =1-V109 -> 0.0026 | V109: =V101 -> 0.9974 | W109: =W101 -> 0.74 | X109: =$BZ$10 -> 0.0047 | Y109: =(I109/100)*(MIN(J109,100)/100) -> 0.874 | Z109: 0 | AA109: =1.6 * Z109 -> 0 | AB109: =$AB$11 -> 1.3 | AC109: =Y109*AB109+(1-Y109) -> 1.2622 | AD109: =(0.795*R109)-0.0014 -> 0.5551 | AF109: 4 | AG109: =1 - EXP(-2*(AF109^2)) -> 1 | AH109: =(104.7*AD109+0.307*T109-15)*(T109^0.75)*10^-3 -> 1.1441022 | AI109: =AH109*AG109*AC109 -> 1.4440858 | AJ109: =(AI109 * P109) + (0.045 * AA109) -> 0.23105373 | AK109: =$BZ$2 -> 0.08 | AL109: =(AI109 * ((1 - R109) + (0.04 * AI109))) * ( 1 - AK109 ) -> 0.47530981 | AM109: =$BZ$1 -> 0.19 | AN109: =$CA$20 -> 0.6784 | AO109: =AL109 * AM109 * U109 * W109 * AN109 -> 0.00011787489 | AP109: =AL109*AM109*V109*X109*AN109 -> 0.00028719934 | AQ109: =AO109+AP109 -> 0.00040507423 | AR109: =H109*AQ109*L109 -> 3.6963023 | BA109: 18 | BB109: 0.8 | BC109: =Y109 * 1.6 -> 1.3984 | BD109: =(BA109 * BB109) / 365 -> 0.039452055 | BE109: =N109 * 0.92 -> 0 | BF109: 60 | BG109: =T109 / BF109 -> 0.86666667 | BH109: =((0.045 * BC109) + (BD109 * 0.84) + (BE109 * ((212 - 4 * ((BE109 * 1000)/(4* (BF109^0.75)) - 1)) - ((140 - 4 * (((BE109 * 1000)/(4 * BF109 ^0.75)) - 1))/(1 + EXP(-6 * (BG109 - 0.4)))))) * 10^-3) / 6.25 -> 0.015370836 | BI109: =MAX((AJ109 / 6.25 ) - BH109, 0) -> 0.021597761 | BJ109: =H109*BI109*L109 -> 197.07957
F110: Summer | H110: 140 | I110: 0 | J110: 0 | L110: =$BZ$3 -> 91.25 | N110: 0 | P110: 0.07 | R110: 0.55 | T110: 52 | U110: =1-V110 -> 0.0026 | V110: =V101 -> 0.9974 | W110: =W101 -> 0.74 | X110: =$BZ$10 -> 0.0047 | Y110: =(I110/100)*(MIN(J110,100)/100) -> 0 | Z110: 0 | AA110: =1.6 * Z110 -> 0 | AB110: =$AB$11 -> 1.3 | AC110: =Y110*AB110+(1-Y110) -> 1 | AD110: =(0.795*R110)-0.0014 -> 0.43585 | AF110: 2.5 | AG110: =1 - EXP(-2*(AF110^2)) -> 0.99999627 | AH110: =(104.7*AD110+0.307*T110-15)*(T110^0.75)*10^-3 -> 0.90232934 | AI110: =AH110*AG110*AC110 -> 0.90232598 | AJ110: =(AI110 * P110) + (0.045 * AA110) -> 0.063162818 | AK110: =$BZ$2 -> 0.08 | AL110: =(AI110 * ((1 - R110) + (0.04 * AI110))) * ( 1 - AK110 ) -> 0.40352523 | AM110: =$BZ$1 -> 0.19 | AN110: =$CA$20 -> 0.6784 | AO110: =AL110 * AM110 * U110 * W110 * AN110 -> 0.0001000726 | AP110: =AL110*AM110*V110*X110*AN110 -> 0.0002438245 | AQ110: =AO110+AP110 -> 0.00034389711 | AR110: =H110*AQ110*L110 -> 4.3932856 | BA110: =BA109 -> 18 | BC110: =Y110 * 1.6 -> 0 | BD110: =BD109 -> 0.039452055 | BE110: =N110 * 0.92 -> 0 | BF110: 60 | BG110: =T110 / BF110 -> 0.86666667 | BH110: =((0.045 * BC110) + (BD110 * 0.84) + (BE110 * ((212 - 4 * ((BE110 * 1000)/(4* (BF110^0.75)) - 1)) - ((140 - 4 * (((BE110 * 1000)/(4 * BF110 ^0.75)) - 1))/(1 + EXP(-6 * (BG110 - 0.4)))))) * 10^-3) / 6.25 -> 0.0053023562 | BI110: =MAX((AJ110 / 6.25 ) - BH110, 0) -> 0.0048036948 | BJ110: =H110*BI110*L110 -> 61.367201
F111: Autumn | H111: 135 | I111: 0 | J111: 0 | L111: =$BZ$3 -> 91.25 | N111: 0 | P111: 0.09 | R111: 0.55 | T111: 52 | U111: =1-V111 -> 0.0026 | V111: =V101 -> 0.9974 | W111: =W101 -> 0.74 | X111: =$BZ$10 -> 0.0047 | Y111: =(I111/100)*(MIN(J111,100)/100) -> 0 | Z111: 0 | AA111: =1.6 * Z111 -> 0 | AB111: =$AB$11 -> 1.3 | AC111: =Y111*AB111+(1-Y111) -> 1 | AD111: =(0.795*R111)-0.0014 -> 0.43585 | AF111: 0.7 | AG111: =1 - EXP(-2*(AF111^2)) -> 0.6246889 | AH111: =(104.7*AD111+0.307*T111-15)*(T111^0.75)*10^-3 -> 0.90232934 | AI111: =AH111*AG111*AC111 -> 0.56367512 | AJ111: =(AI111 * P111) + (0.045 * AA111) -> 0.050730761 | AK111: =$BZ$2 -> 0.08 | AL111: =(AI111 * ((1 - R111) + (0.04 * AI111))) * ( 1 - AK111 ) -> 0.24505395 | AM111: =$BZ$1 -> 0.19 | AN111: =$CA$20 -> 0.6784 | AO111: =AL111 * AM111 * U111 * W111 * AN111 -> 6.0772376e-05 | AP111: =AL111*AM111*V111*X111*AN111 -> 0.00014807044 | AQ111: =AO111+AP111 -> 0.00020884282 | AR111: =H111*AQ111*L111 -> 2.5726825 | BA111: =BA109 -> 18 | BC111: =Y111 * 1.6 -> 0 | BD111: =BD109 -> 0.039452055 | BE111: =N111 * 0.92 -> 0 | BF111: 60 | BG111: =T111 / BF111 -> 0.86666667 | BH111: =((0.045 * BC111) + (BD111 * 0.84) + (BE111 * ((212 - 4 * ((BE111 * 1000)/(4* (BF111^0.75)) - 1)) - ((140 - 4 * (((BE111 * 1000)/(4 * BF111 ^0.75)) - 1))/(1 + EXP(-6 * (BG111 - 0.4)))))) * 10^-3) / 6.25 -> 0.0053023562 | BI111: =MAX((AJ111 / 6.25 ) - BH111, 0) -> 0.0028145656 | BJ111: =H111*BI111*L111 -> 34.67193
F112: Winter | H112: 130 | I112: 0 | J112: 0 | L112: =$BZ$3 -> 91.25 | N112: 0 | P112: 0.2 | R112: 0.75 | T112: 52 | U112: =1-V112 -> 0.0026 | V112: =V101 -> 0.9974 | W112: =W101 -> 0.74 | X112: =$BZ$10 -> 0.0047 | Y112: =(I112/100)*(MIN(J112,100)/100) -> 0 | Z112: 0 | AA112: =1.6 * Z112 -> 0 | AB112: =$AB$11 -> 1.3 | AC112: =Y112*AB112+(1-Y112) -> 1 | AD112: =(0.795*R112)-0.0014 -> 0.59485 | AF112: 0.9 | AG112: =1 - EXP(-2*(AF112^2)) -> 0.8021013 | AH112: =(104.7*AD112+0.307*T112-15)*(T112^0.75)*10^-3 -> 1.2246932 | AI112: =AH112*AG112*AC112 -> 0.98232799 | AJ112: =(AI112 * P112) + (0.045 * AA112) -> 0.1964656 | AK112: =$BZ$2 -> 0.08 | AL112: =(AI112 * ((1 - R112) + (0.04 * AI112))) * ( 1 - AK112 ) -> 0.26144627 | AM112: =$BZ$1 -> 0.19 | AN112: =$CA$20 -> 0.6784 | AO112: =AL112 * AM112 * U112 * W112 * AN112 -> 6.4837604e-05 | AP112: =AL112*AM112*V112*X112*AN112 -> 0.00015797527 | AQ112: =AO112+AP112 -> 0.00022281288 | AR112: =H112*AQ112*L112 -> 2.6431177 | BA112: =BA109 -> 18 | BC112: =Y112 * 1.6 -> 0 | BD112: =BD109 -> 0.039452055 | BE112: =N112 * 0.92 -> 0 | BF112: 60 | BG112: =T112 / BF112 -> 0.86666667 | BH112: =((0.045 * BC112) + (BD112 * 0.84) + (BE112 * ((212 - 4 * ((BE112 * 1000)/(4* (BF112^0.75)) - 1)) - ((140 - 4 * (((BE112 * 1000)/(4 * BF112 ^0.75)) - 1))/(1 + EXP(-6 * (BG112 - 0.4)))))) * 10^-3) / 6.25 -> 0.0053023562 | BI112: =MAX((AJ112 / 6.25 ) - BH112, 0) -> 0.026132139 | BJ112: =H112*BI112*L112 -> 309.9925
E113: Other ewes | F113: Spring | H113: 200 | I113: 0 | J113: 0 | L113: =$BZ$3 -> 91.25 | N113: 0 | P113: 0.16 | R113: 0.7 | T113: 55 | U113: =1-V113 -> 0.0026 | V113: =V101 -> 0.9974 | W113: =W101 -> 0.74 | X113: =$BZ$10 -> 0.0047 | Y113: =(I113/100)*(MIN(J113,100)/100) -> 0 | Z113: 0 | AA113: =1.6 * Z113 -> 0 | AB113: =$AB$11 -> 1.3 | AC113: =Y113*AB113+(1-Y113) -> 1 | AD113: =(0.795*R113)-0.0014 -> 0.5551 | AF113: 4 | AG113: =1 - EXP(-2*(AF113^2)) -> 1 | AH113: =(104.7*AD113+0.307*T113-15)*(T113^0.75)*10^-3 -> 1.2118587 | AI113: =AH113*AG113*AC113 -> 1.2118587 | AJ113: =(AI113 * P113) + (0.045 * AA113) -> 0.1938974 | AK113: =$BZ$2 -> 0.08 | AL113: =(AI113 * ((1 - R113) + (0.04 * AI113))) * ( 1 - AK113 ) -> 0.38851755 | AM113: =$BZ$1 -> 0.19 | AN113: =$CA$20 -> 0.6784 | AO113: =AL113 * AM113 * U113 * W113 * AN113 -> 9.6350762e-05 | AP113: =AL113*AM113*V113*X113*AN113 -> 0.00023475633 | AQ113: =AO113+AP113 -> 0.00033110709 | AR113: =H113*AQ113*L113 -> 6.0427044 | BA113: 20 | BB113: 0.8 | BC113: =Y113 * 1.6 -> 0 | BD113: =(BA113 * BB113) / 365 -> 0.043835616 | BE113: =N113 * 0.92 -> 0 | BF113: 60 | BG113: =T113 / BF113 -> 0.91666667 | BH113: =((0.045 * BC113) + (BD113 * 0.84) + (BE113 * ((212 - 4 * ((BE113 * 1000)/(4* (BF113^0.75)) - 1)) - ((140 - 4 * (((BE113 * 1000)/(4 * BF113 ^0.75)) - 1))/(1 + EXP(-6 * (BG113 - 0.4)))))) * 10^-3) / 6.25 -> 0.0058915068 | BI113: =MAX((AJ113 / 6.25 ) - BH113, 0) -> 0.025132077 | BJ113: =H113*BI113*L113 -> 458.66041
...

Sheet Tables
M1: 3.4.1 | N1: 3.4.1 | AC1: 3.4.1 321 | AP1: 3.4.1 | AS1: 3.4.1 | AT1: 3.4.1 | AU1: Ch 3.4.1 | BQ1: 1084 | BR1: Bo | BS1: 0.24 | BU1: FAk | BV1: 1.3
AD2: LEjk=3,4 * 1.6 | AE2: GWk * Yk / 365 | AF2: LWGjk * 0.92 | AH2: Wjk / SRWk | AJ2: 1.6 * PLjk=6 | AK2: ((0.045 * MPjk=3,4) + (WPk * 0.84) + (EBGjk * ((212 - 4 * ((EBGjk * 1000) / (4 * SRWk ^0.75) - 1)) - (140 - 4 * (EBGjk * 1000)) / (1 + e^-6 * (Zjk - 0.4)) * 10^-3) / 6.25 | AL2: (CPIjk ÷ 6.25 ) - NRjk | AV2: (Ijk * CPjk) + (0.045 * MCjk=6) | AX2: (Ijk * ((1 - DMDjk) + (0.04 * Ijk))) * ( 1 - A ) | BA2: VSjk * BO * MMSm * MCFim * 𝜌 | BC2: VSjk * BO * MMSm * MCFim * 𝜌 | BD2: SUM SUM SUM (Njk * Mjkm * Dj) * 10^-3 | BF2: SUM SUM (Njk * NEjk * Dj) | BH2: AE * FracGASMsoil | BI2: AE * FracWet * FracLEACH | BJ2: AE * EFPRP * CN2O * 10^-3 | BK2: Mvol * EFN2O * CN2O * 10^-3 | BL2: Mleach * EFleach * CN2O * 10^-3 | BQ2: 1087 | BR2: A | BS2: 0.08
J3: 1072 | K3: 1073 | L3: 1071 | M3: 342 | N3: 323 | O3: 1075 | P3: 1079 | Q3: 1078 | R3: 1077 | S3: 1081 | U3: 1085 | W3: 1082 | X3: 1092 | Y3: 1094 | Z3: 1095 | AA3: 1093 | AB3: 1091 | AC3: 1004 | AD3: 1003 | AE3: 1011 | AF3: 1017 | AG3: 1089 | AH3: 1021 | AI3: 990 | AJ3: 988 | AK3: 994 | AL3: 978 | AM3: 1090 | AN3: 1088 | AO3: 351 | AP3: 314 | AQ3: 302 | AR3: 349 | AS3: 308 | AT3: 296 | AU3: 946 | AV3: 983 | AW3: 1087 | AX3: 945 | AY3: 1084 | AZ3: 1086 | BA3: 930 | BC3: 930 | BD3: 922 | BF3: 970 | BH3: 1045 | BI3: 1062 | BJ3: 963 | BK3: 1037 | BL3: 1056 | BR3: Dj | BS3: 91.25
J4: input | K4: input | L4: input | O4: constant | P4: constant | Q4: constant | R4: constant | S4: constant | U4: constant | W4: constant | X4: constant | Y4: constant | Z4: constant | AA4: constant | AB4: constant | AC4: constant | AD4: expression | AE4: expression | AF4: expression | AG4: constant | AH4: expression | AI4: expression | AJ4: expression | AK4: expression | AL4: expression | AM4: constant | AN4: constant | AO4: constant | AP4: expression | AQ4: expression | AR4: constant | AS4: expression | AT4: expression | AU4: expression | AV4: expression | AW4: constant | AX4: expression | AY4: constant | AZ4: constant | BA4: expression | BC4: expression | BD4: expression | BF4: expression | BH4: expression | BI4: expression | BJ4: expression | BK4: expression | BL4: expression | BQ4: 1094 | BR4: FracLEACH | BS4: 0.24
O5: input | P5: input | Q5: input | R5: input | S5: input | W5: input | AR5: input | BQ5: 1093 | BR5: FracGASMSoil | BS5: 0.21 | BW5: A.1.4.5 | BX5: LWGjk
BQ6: 1095 | BR6: EFLeach | BS6: 0.011 | BW6: Season | BX6: Class | BY6: ACT/NSW | BZ6: QLD | CA6: SA | CB6: TAS | CC6: VIC | CD6: WA | CE6: SeasonOrder | CH6: Column1 | CI6: Column2 | CJ6: Column3 | CK6: Column4 | CL6: Column5 | CM6: Column6 | CN6: Column7 | CO6: Column8
BQ7: 1088 | BR7: CN2O | BS7: =[1]!common_cn2o -> 1.57 | BW7: Spring | BX7: Breeding ewes | BY7: 0.04 | BZ7: -0.02 | CA7: 0 | CB7: -0.02 | CC7: 0.11 | CD7: 0.05 | CE7: 1 | CH7: State | CI7: Season | CJ7: Rams | CK7: Wethers | CL7: Maiden ewes | CM7: Breeding ewes | CN7: Other ewes | CO7: Lambs and hoggets
J8: kg / head | K8: d | L8: head | O8: days | P8: kg | Q8: d | R8: d | S8: kg | U8: d | W8: d | X8: d | Y8: d | Z8: kg N2O-N / kg N | AA8: kg volatilised N/kg N | AB8: kg N2O-N/kg N | AC8: d | AD8: kg/head/day | AE8: kg/head/day | AF8: kg | AG8: kg | AH8: d | AI8: d | AJ8: kg / head / day | AK8: kg N/head/day | AL8: kg N/head/day | AM8: kg N2O-N/kg N deposited | AN8: d | AU8: kg DM/head/day | AV8: kg/head/day | AW8: d | AX8: kg/head/day | AY8: m3 CH4/kgVS | AZ8: kg/m3 | BA8: kg CH4/head/day | BC8: kg CH4/head/day | BD8: kg CH4 | BF8: kg N | BH8: kg N | BI8: kg N | BJ8: t N2O | BK8: t N2O | BL8: t N2O | BW8: Summer | BX8: Breeding ewes | BY8: -0.05 | BZ8: 0.05 | CA8: 0 | CB8: 0 | CC8: -0.05 | CD8: -0.05 | CE8: 2 | CH8: ACT/NSW | CI8: Spring | CJ8: 0.07 | CK8: 0.08 | CL8: 0.07 | CM8: 0.04 | CN8: 0.05 | CO8: 0.16
J9: greasy wool production per class | K9: average clean wool yield per class | L9: number of sheep in each time period and class | M9: Lambing rate | N9: Lamb marking rate | O9: number of days in each time period | P9: liveweight gain | Q9: crude protein content of feed intake | R9: dry matter digestibility | S9: liveweight | U9: fraction of waste in each MMS | W9: methane conversion factor for temperate zone and MMS | X9: fraction of N that is available for leaching and runoff | Y9: fraction of all N that is lost through leaching and runoff | Z9: emissions factor for leaching and runoff | AA9: fraction of nitrogen volatilised from urine and dung on pasture | AB9: NO2 emission factor for atmospheric deposition | AC9: proportion of ewes lactating each season or time period | AD9: milk production | AE9: clean wool production | AF9: empty body gain | AG9: standard reference weight | AH9: relative size | AI9: Proportion of lambs born in the time period | AJ9: Milk intake | AK9: amount of nitrogen retained by the body | AL9: Nitrogen excreted in each time period | AM9: Emissions factor for nitrous oxide from urine and dung | AN9: Factor to convert elemental mass of NO2 to molecular mass | AU9: dry matter intake | AV9: crude protein intake | AW9: ash content of feed intake | AX9: volatile solid production | AY9: emisions potential | AZ9: density of methane | BA9: methane produced from manure | BC9: methane produced from manure | BD9: annual methane production from manure | BF9: Total mass of nitrogen excreted on PRP | BH9: Mass of nitrogen volatilised | BI9: mass of nitrogen lost ot leaching and runoff | BJ9: annual direct NO2 from soils from deposition of urine and dung | BK9: annual atmospheric deposition emissions from urine and dung on pasture | BL9: Leaching and runoff emissions from urine and dung deposited on pasture | BS9: MCF | BU9: Lagoon | BW9: Autumn | BX9: Breeding ewes | BY9: 0.01 | BZ9: 0 | CA9: 0 | CB9: 0 | CC9: -0.02 | CD9: -0.05 | CE9: 3 | CI9: Summer | CJ9: 0 | CK9: -0.08 | CL9: 0 | CM9: -0.05 | CN9: -0.05 | CO9: 0.08
A10: Scenario | B10: State | C10: State | D10: No unfenced water | E10: Leaching zone | F10: Production system | G10: Climate zone | H10: Class | J10: GWk | K10: Yk | L10: Njk | M10: LR | N10: LMR | O10: Dj | P10: LWGjk | Q10: CPjk | R10: DMDjk | S10: Wjk | T10: MMSm=1 | U10: MMSm=14 | V10: MCFim=1 | W10: MCFim=14 | X10: FracWet | Y10: FracLEACH | Z10: EFleach | AA10: FracGASMsoil | AB10: EFN2O | AC10: LEjk=3,4 | AD10: MPjk=3,4 | AE10: WPk | AF10: EBGjk | AG10: SRWk | AH10: Zjk | AI10: PLjk=6 | AJ10: MCjk=6 | AK10: NRjk | AL10: NEjk | AM10: EFPRP | AN10: CN2O | AO10: FAk | AP10: MAjk | AQ10: qmjk | AR10: DMAjk | AS10: RIjk | AT10: PIjk | AU10: Ijk | AV10: CPIjk | AW10: A | AX10: VSjk | AY10: BO | AZ10: 𝜌 | BA10: Mjkm=1 | BB10: Mjkm=14 | BC10: Mjk | BD10: ECH4 | BE10: ECH4 | BF10: AE | BG10: AE | BH10: Mvol | BI10: Mleach | BJ10: EN2O,dir | BK10: EN2O,ad | BL10: ESN2O,leach | BR10: PRP | BS10: 0.0047 | BT10: ACT | BU10: 0.72 | BW10: Winter | BX10: Breeding ewes | BY10: 0 | BZ10: -0.03 | CA10: 0 | CB10: 0.02 | CC10: -0.03 | CD10: 0.05 | CE10: 4 | CI10: Autumn | CJ10: -0.07 | CK10: 0 | CL10: 0 | CM10: 0.01 | CN10: -0.01 | CO10: 0.05
A11: Baseline | B11: ACT | C11: ACT/NSW | D11: yes | E11: yes | F11: Irrigated pasture | G11: wet | H11: Breeding ewes | I11: Spring | J11: 4 | K11: 0.65 | L11: 100 | M11: 95 | N11: 90 | O11: =$BS$3 -> 91.25 | P11: {=_xlfn.DROP(_xlfn.XLOOKUP($C11,TableLWG2_1[[#Headers],[ACT/NSW]:[WA]],TableLWG2_1[[#All],[ACT/NSW]:[WA]]),1)} -> 0.04 | Q11: {=_xlfn.DROP(_xlfn.XLOOKUP($C11,QueryCP[[#Headers],[ACT/NSW]:[WA]],QueryCP[[#All],[ACT/NSW]:[WA]]),1)} -> 0.2 | R11: {=_xlfn.DROP(_xlfn.XLOOKUP($C11,QueryDMD[[#Headers],[ACT/NSW]:[WA]],QueryDMD[[#All],[ACT/NSW]:[WA]]),1)} -> 0.75 | S11: {=_xlfn.DROP(_xlfn.XLOOKUP($C11,QueryW[[#Headers],[ACT/NSW]:[WA]],QueryW[[#All],[ACT/NSW]:[WA]]),1)} -> 54 | T11: =1-U11 -> 0 | U11: =IF($D$11="yes", 1, VLOOKUP(B11, $BR$26:$BT$32, 1)) -> 1 | V11: =VLOOKUP($B$11,$BT$10:$BU$16, 2, FALSE) -> 0.72 | W11: =$BS$10 -> 0.0047 | X11: =IF(E11="yes",1,0) -> 1 | Y11: =$BS$4 -> 0.24 | Z11: =$BS$6 -> 0.011 | AA11: =$BS$5 -> 0.21 | AB11: =VLOOKUP($F$11,$BR$37:$BS$49,2,FALSE) -> 0.0059 | AC11: =(M11/100)*(MIN(N11,100)/100) -> 0.855 | AD11: =AC11 * 1.6 -> 1.368 | AE11: =J11 * K11 / 365 -> 0.0071232877 | AF11: =P11 * 0.92 -> 0.0368 | AG11: {=_xlfn.DROP(_xlfn.XLOOKUP($C11,QuerySRW[[#Headers],[ACT/NSW]:[WA]],QuerySRW[[#All],[ACT/NSW]:[WA]]),1)} -> 57 | AH11: =S11 / AG11 -> 0.94736842 | AI11: 0 | AJ11: =1.6 * AI11 -> 0 | AK11: =(0.045*AD11+AE11*0.84+ (AF11* ( (212 - 4*(AF11*1000/(4*AG11^0.75)-1))-((140 - 4 * (AF11*1000/(4*AG11^0.75)-1))/(1+EXP(-6*(AH11-0.4)))) ) )*10^-3 )/6.25 -> 0.011261151 | AL11: =(AV11 / 6.25 ) - AK11 -> 0.039886829 | AM11: =IF($G$11="wet",$BU$18,$BU$19) -> 0.006 | AN11: =$BS$7 -> 1.57 | AO11: =$BV$1 -> 1.3 | AP11: =AC11*AO11+(1-AC11) -> 1.2565 | AQ11: =(0.795*R11)-0.0014 -> 0.59485 | AR11: {=_xlfn.DROP(_xlfn.XLOOKUP($C11,QueryDMA[[#Headers],[ACT/NSW]:[WA]],QueryDMA[[#All],[ACT/NSW]:[WA]]),1)} -> 2.9 | AS11: =1 - EXP(-2*(AR11^2)) -> 0.99999995 | AT11: =(104.7*AQ11+0.307*S11-15)*(S11^0.75)*10^-3 -> 1.2720847 | AU11: =AT11*AS11*AP11 -> 1.5983744 | AV11: =(AU11 * Q11) + (0.045 * AJ11) -> 0.31967488 | AW11: =$BS$2 -> 0.08 | AX11: =(AU11 * ((1 - R11) + (0.04 * AU11))) * ( 1 - AW11 ) -> 0.46164277 | AY11: =$BS$1 -> 0.24 | AZ11: =$BT$20 -> 0.6784 | BA11: =AX11 * AY11 * T11 * V11 * AZ11 -> 0 | BB11: =AX11*AY11*U11*W11*AZ11 -> 0.0003532653 | BC11: =BA11+BB11 -> 0.0003532653 | BD11: =L11*BC11*O11 -> 3.2235459 | BE11: =SUM(BD11:BD34)*10^-3 -> 0.068147172 | BF11: =L11*AL11*O11 -> 363.96732 | BG11: =SUM(BF11:BF34) -> 6371.2697 | BH11: =BF11 * AA11 -> 76.433136 | BI11: =BF11 * X11 * Y11 -> 87.352156 | BJ11: =BF11 * AM11 * AN11 * 10^-3 -> 0.0034285721 | BK11: =BH11 * AB11 * AN11 * 10^-3 -> 0.00070800014 | BL11: =BI11 * Z11 * AN11 * 10^-3 -> 0.0015085717 | BT11: NSW | BU11: 0.75 | BW11: Spring | BX11: Lambs and hoggets | BY11: 0.16 | BZ11: 0.2 | CA11: 0.11 | CB11: 0.15 | CC11: 0.15 | CD11: 0.11 | CE11: 1 | CI11: Winter | CJ11: 0 | CK11: 0 | CL11: 0.02 | CM11: 0 | CN11: 0.01 | CO11: 0.04
I12: Summer | J12: =J11 -> 4 | K12: =K11 -> 0.65 | L12: 70 | M12: 0 | N12: 0 | O12: =$BS$3 -> 91.25 | P12: -0.05 | Q12: 0.1 | R12: 0.61 | S12: 49 | T12: =1-U12 -> 0 | U12: =IF($D$11="yes", 1, VLOOKUP(B12, $BR$26:$BT$32, 1)) -> 1 | V12: =VLOOKUP($B$11,$BT$10:$BU$16, 2, FALSE) -> 0.72 | W12: =$BS$10 -> 0.0047 | X12: =IF(E12="yes",1,0) -> 0 | Y12: =$BS$4 -> 0.24 | Z12: =$BS$6 -> 0.011 | AA12: =$BS$5 -> 0.21 | AB12: =VLOOKUP($F$11,$BR$37:$BS$49,2,FALSE) -> 0.0059 | AC12: =(M12/100)*(MIN(N12,100)/100) -> 0 | AD12: =AC12 * 1.6 -> 0 | AE12: =J12 * K12 / 365 -> 0.0071232877 | AF12: =P12 * 0.92 -> -0.046 | AG12: 57 | AH12: =S12 / AG12 -> 0.85964912 | AI12: 0 | AJ12: =1.6 * AI12 -> 0 | AK12: =(0.045*AD12+AE12*0.84+ (AF12* ( (212 - 4*(AF12*1000/(4*AG12^0.75)-1))-((140 - 4 * (AF12*1000/(4*AG12^0.75)-1))/(1+EXP(-6*(AH12-0.4)))) ) )*10^-3 )/6.25 -> 0.00036326515 | AL12: =(AV12 / 6.25 ) - AK12 -> 0.014651626 | AM12: =IF($G$11="wet",$BU$18,$BU$19) -> 0.006 | AN12: =$BS$7 -> 1.57 | AO12: =$BV$1 -> 1.3 | AP12: =AC12*AO12+(1-AC12) -> 1 | AQ12: =(0.795*R12)-0.0014 -> 0.48355 | AR12: 2.5 | AS12: =1 - EXP(-2*(AR12^2)) -> 0.99999627 | AT12: =(104.7*AQ12+0.307*S12-15)*(S12^0.75)*10^-3 -> 0.93843422 | AU12: =AT12*AS12*AP12 -> 0.93843072 | AV12: =(AU12 * Q12) + (0.045 * AJ12) -> 0.093843072 | AW12: =$BS$2 -> 0.08 | AX12: =(AU12 * ((1 - R12) + (0.04 * AU12))) * ( 1 - AW12 ) -> 0.36911694 | AY12: =$BS$1 -> 0.24 | AZ12: =$BT$20 -> 0.6784 | BA12: =AX12 * AY12 * T12 * V12 * AZ12 -> 0 | BB12: =AX12*AY12*U12*W12*AZ12 -> 0.00028246128 | BC12: =BA12+BB12 -> 0.00028246128 | BD12: =L12*BC12*O12 -> 1.8042214 | BF12: =L12*AL12*O12 -> 93.587264 | BT12: QLD | BU12: 0.78 | BW12: Summer | BX12: Lambs and hoggets | BY12: 0.08 | BZ12: 0.05 | CA12: 0.05 | CB12: 0.11 | CC12: 0.07 | CD12: 0 | CE12: 2 | CH12: Queensland | CI12: Spring | CJ12: -0.02 | CK12: 0 | CL12: 0 | CM12: -0.02 | CN12: -0.03 | CO12: 0.2
I13: Autumn | J13: =J12 -> 4 | K13: =K11 -> 0.65 | L13: 65 | M13: 0 | N13: 0 | O13: =$BS$3 -> 91.25 | P13: 0.01 | Q13: 0.12 | R13: 0.64 | S13: 50 | T13: =1-U13 -> 0 | U13: =IF($D$11="yes", 1, VLOOKUP(B13, $BR$26:$BT$32, 1)) -> 1 | V13: =VLOOKUP($B$11,$BT$10:$BU$16, 2, FALSE) -> 0.72 | W13: =$BS$10 -> 0.0047 | X13: =IF(E13="yes",1,0) -> 0 | Y13: =$BS$4 -> 0.24 | Z13: =$BS$6 -> 0.011 | AA13: =$BS$5 -> 0.21 | AB13: =VLOOKUP($F$11,$BR$37:$BS$49,2,FALSE) -> 0.0059 | AC13: =(M13/100)*(MIN(N13,100)/100) -> 0 | AD13: =AC13 * 1.6 -> 0 | AE13: =J13 * K13 / 365 -> 0.0071232877 | AF13: =P13 * 0.92 -> 0.0092 | AG13: 57 | AH13: =S13 / AG13 -> 0.87719298 | AI13: 0 | AJ13: =1.6 * AI13 -> 0 | AK13: =(0.045*AD13+AE13*0.84+ (AF13* ( (212 - 4*(AF13*1000/(4*AG13^0.75)-1))-((140 - 4 * (AF13*1000/(4*AG13^0.75)-1))/(1+EXP(-6*(AH13-0.4)))) ) )*10^-3 )/6.25 -> 0.001074766 | AL13: =(AV13 / 6.25 ) - AK13 -> 0.018115217 | AM13: =IF($G$11="wet",$BU$18,$BU$19) -> 0.006 | AN13: =$BS$7 -> 1.57 | AO13: =$BV$1 -> 1.3 | AP13: =AC13*AO13+(1-AC13) -> 1 | AQ13: =(0.795*R13)-0.0014 -> 0.5074 | AR13: 1.6 | AS13: =1 - EXP(-2*(AR13^2)) -> 0.99402398 | AT13: =(104.7*AQ13+0.307*S13-15)*(S13^0.75)*10^-3 -> 1.0054871 | AU13: =AT13*AS13*AP13 -> 0.9994783 | AV13: =(AU13 * Q13) + (0.045 * AJ13) -> 0.1199374 | AW13: =$BS$2 -> 0.08 | AX13: =(AU13 * ((1 - R13) + (0.04 * AU13))) * ( 1 - AW13 ) -> 0.36778883 | AY13: =$BS$1 -> 0.24 | AZ13: =$BT$20 -> 0.6784 | BA13: =AX13 * AY13 * T13 * V13 * AZ13 -> 0 | BB13: =AX13*AY13*U13*W13*AZ13 -> 0.00028144496 | BC13: =BA13+BB13 -> 0.00028144496 | BD13: =L13*BC13*O13 -> 1.6693204 | BF13: =L13*AL13*O13 -> 107.44588 | BT13: SA | BU13: 0.74 | BW13: Autumn | BX13: Lambs and hoggets | BY13: 0.05 | BZ13: 0.2 | CA13: 0.16 | CB13: 0.13 | CC13: 0.05 | CD13: 0.11 | CE13: 3 | CI13: Summer | CJ13: 0.03 | CK13: 0.05 | CL13: 0.05 | CM13: 0.05 | CN13: 0.05 | CO13: 0.05
I14: Winter | J14: =J13 -> 4 | K14: =K11 -> 0.65 | L14: 80 | M14: 0 | N14: 0 | O14: =$BS$3 -> 91.25 | P14: 0 | Q14: 0.18 | R14: 0.72 | S14: 50 | T14: =1-U14 -> 0 | U14: =IF($D$11="yes", 1, VLOOKUP(B14, $BR$26:$BT$32, 1)) -> 1 | V14: =VLOOKUP($B$11,$BT$10:$BU$16, 2, FALSE) -> 0.72 | W14: =$BS$10 -> 0.0047 | X14: =IF(E14="yes",1,0) -> 0 | Y14: =$BS$4 -> 0.24 | Z14: =$BS$6 -> 0.011 | AA14: =$BS$5 -> 0.21 | AB14: =VLOOKUP($F$11,$BR$37:$BS$49,2,FALSE) -> 0.0059 | AC14: =(M14/100)*(MIN(N14,100)/100) -> 0 | AD14: =AC14 * 1.6 -> 0 | AE14: =J14 * K14 / 365 -> 0.0071232877 | AF14: =P14 * 0.92 -> 0 | AG14: 57 | AH14: =S14 / AG14 -> 0.87719298 | AI14: 0 | AJ14: =1.6 * AI14 -> 0 | AK14: =(0.045*AD14+AE14*0.84+ (AF14* ( (212 - 4*(AF14*1000/(4*AG14^0.75)-1))-((140 - 4 * (AF14*1000/(4*AG14^0.75)-1))/(1+EXP(-6*(AH14-0.4)))) ) )*10^-3 )/6.25 -> 0.00095736986 | AL14: =(AV14 / 6.25 ) - AK14 -> 0.031506062 | AM14: =IF($G$11="wet",$BU$18,$BU$19) -> 0.006 | AN14: =$BS$7 -> 1.57 | AO14: =$BV$1 -> 1.3 | AP14: =AC14*AO14+(1-AC14) -> 1 | AQ14: =(0.795*R14)-0.0014 -> 0.571 | AR14: 1.7 | AS14: =1 - EXP(-2*(AR14^2)) -> 0.99691128 | AT14: =(104.7*AQ14+0.307*S14-15)*(S14^0.75)*10^-3 -> 1.1306949 | AU14: =AT14*AS14*AP14 -> 1.1272025 | AV14: =(AU14 * Q14) + (0.045 * AJ14) -> 0.20289645 | AW14: =$BS$2 -> 0.08 | AX14: =(AU14 * ((1 - R14) + (0.04 * AU14))) * ( 1 - AW14 ) -> 0.33712491 | AY14: =$BS$1 -> 0.24 | AZ14: =$BT$20 -> 0.6784 | BA14: =AX14 * AY14 * T14 * V14 * AZ14 -> 0 | BB14: =AX14*AY14*U14*W14*AZ14 -> 0.00025797985 | BC14: =BA14+BB14 -> 0.00025797985 | BD14: =L14*BC14*O14 -> 1.8832529 | BF14: =L14*AL14*O14 -> 229.99425 | BT14: TAS | BU14: 0.69 | BW14: Winter | BX14: Lambs and hoggets | BY14: 0.04 | BZ14: 0.05 | CA14: 0.16 | CB14: 0.07 | CC14: 0.02 | CD14: 0.11 | CE14: 4 | CI14: Autumn | CJ14: 0.02 | CK14: 0 | CL14: 0 | CM14: 0 | CN14: 0 | CO14: 0.2
H15: Lambs and hoggets | I15: Spring | J15: 3 | K15: 0.6 | L15: 200 | M15: 0 | N15: 0 | O15: =$BS$3 -> 91.25 | P15: 0.16 | Q15: 0.2 | R15: 0.75 | S15: 20 | T15: =1-U15 -> 0 | U15: =IF($D$11="yes", 1, VLOOKUP(B15, $BR$26:$BT$32, 1)) -> 1 | V15: =VLOOKUP($B$11,$BT$10:$BU$16, 2, FALSE) -> 0.72 | W15: =$BS$10 -> 0.0047 | X15: =IF(E15="yes",1,0) -> 0 | Y15: =$BS$4 -> 0.24 | Z15: =$BS$6 -> 0.011 | AA15: =$BS$5 -> 0.21 | AB15: =VLOOKUP($F$11,$BR$37:$BS$49,2,FALSE) -> 0.0059 | AC15: =(M15/100)*(MIN(N15,100)/100) -> 0 | AD15: =AC15 * 1.6 -> 0 | AE15: =J15 * K15 / 365 -> 0.0049315068 | AF15: =P15 * 0.92 -> 0.1472 | AG15: 60 | AH15: =S15 / AG15 -> 0.33333333 | AI15: 1 | AJ15: =1.6 * AI15 -> 1.6 | AK15: =(0.045*AD15+AE15*0.84+ (AF15* ( (212 - 4*(AF15*1000/(4*AG15^0.75)-1))-((140 - 4 * (AF15*1000/(4*AG15^0.75)-1))/(1+EXP(-6*(AH15-0.4)))) ) )*10^-3 )/6.25 -> 0.0042927036 | AL15: =(AV15 / 6.25 ) - AK15 -> 0.023394422 | AM15: =IF($G$11="wet",$BU$18,$BU$19) -> 0.006 | AN15: =$BS$7 -> 1.57 | AO15: =$BV$1 -> 1.3 | AP15: =AC15*AO15+(1-AC15) -> 1 | AQ15: =(0.795*R15)-0.0014 -> 0.59485 | AR15: 2.9 | AS15: =1 - EXP(-2*(AR15^2)) -> 0.99999995 | AT15: =(104.7*AQ15+0.307*S15-15)*(S15^0.75)*10^-3 -> 0.50522269 | AU15: =AT15*AS15*AP15 -> 0.50522266 | AV15: =(AU15 * Q15) + (0.045 * AJ15) -> 0.17304453 | AW15: =$BS$2 -> 0.08 | AX15: =(AU15 * ((1 - R15) + (0.04 * AU15))) * ( 1 - AW15 ) -> 0.12559441 | AY15: =$BS$1 -> 0.24 | AZ15: =$BT$20 -> 0.6784 | BA15: =AX15 * AY15 * T15 * V15 * AZ15 -> 0 | BB15: =AX15*AY15*U15*W15*AZ15 -> 9.6109263e-05 | BC15: =BA15+BB15 -> 9.6109263e-05 | BD15: =L15*BC15*O15 -> 1.7539941 | BF15: =L15*AL15*O15 -> 426.94819 | BT15: VIC | BU15: 0.73 | BW15: Spring | BX15: Maiden ewes | BY15: 0.07 | BZ15: 0 | CA15: 0 | CB15: 0.03 | CC15: 0.16 | CD15: 0.05 | CE15: 1 | CI15: Winter | CJ15: -0.03 | CK15: -0.05 | CL15: -0.05 | CM15: -0.03 | CN15: -0.02 | CO15: 0.05
I16: Summer | J16: =J15 -> 3 | K16: =K15 -> 0.6 | L16: 210 | M16: 0 | N16: 0 | O16: =$BS$3 -> 91.25 | P16: 0.08 | Q16: 0.1 | R16: 0.61 | S16: 27 | T16: =1-U16 -> 0 | U16: =IF($D$11="yes", 1, VLOOKUP(B16, $BR$26:$BT$32, 1)) -> 1 | V16: =VLOOKUP($B$11,$BT$10:$BU$16, 2, FALSE) -> 0.72 | W16: =$BS$10 -> 0.0047 | X16: =IF(E16="yes",1,0) -> 0 | Y16: =$BS$4 -> 0.24 | Z16: =$BS$6 -> 0.011 | AA16: =$BS$5 -> 0.21 | AB16: =VLOOKUP($F$11,$BR$37:$BS$49,2,FALSE) -> 0.0059 | AC16: =(M16/100)*(MIN(N16,100)/100) -> 0 | AD16: =AC16 * 1.6 -> 0 | AE16: =J16 * K16 / 365 -> 0.0049315068 | AF16: =P16 * 0.92 -> 0.0736 | AG16: 60 | AH16: =S16 / AG16 -> 0.45 | AI16: 0 | AJ16: =1.6 * AI16 -> 0 | AK16: =(0.045*AD16+AE16*0.84+ (AF16* ( (212 - 4*(AF16*1000/(4*AG16^0.75)-1))-((140 - 4 * (AF16*1000/(4*AG16^0.75)-1))/(1+EXP(-6*(AH16-0.4)))) ) )*10^-3 )/6.25 -> 0.0022151942 | AL16: =(AV16 / 6.25 ) - AK16 -> 0.0061076303 | AM16: =IF($G$11="wet",$BU$18,$BU$19) -> 0.006 | AN16: =$BS$7 -> 1.57 | AO16: =$BV$1 -> 1.3 | AP16: =AC16*AO16+(1-AC16) -> 1 | AQ16: =(0.795*R16)-0.0014 -> 0.48355 | AR16: 2.5 | AS16: =1 - EXP(-2*(AR16^2)) -> 0.99999627 | AT16: =(104.7*AQ16+0.307*S16-15)*(S16^0.75)*10^-3 -> 0.52017847 | AU16: =AT16*AS16*AP16 -> 0.52017653 | AV16: =(AU16 * Q16) + (0.045 * AJ16) -> 0.052017653 | AW16: =$BS$2 -> 0.08 | AX16: =(AU16 * ((1 - R16) + (0.04 * AU16))) * ( 1 - AW16 ) -> 0.19659682 | AY16: =$BS$1 -> 0.24 | AZ16: =$BT$20 -> 0.6784 | BA16: =AX16 * AY16 * T16 * V16 * AZ16 -> 0 | BB16: =AX16*AY16*U16*W16*AZ16 -> 0.0001504428 | BC16: =BA16+BB16 -> 0.0001504428 | BD16: =L16*BC16*O16 -> 2.8828602 | BF16: =L16*AL16*O16 -> 117.03747 | BT16: WA | BU16: 0.76 | BW16: Summer | BX16: Maiden ewes | BY16: 0 | BZ16: 0.05 | CA16: 0 | CB16: 0 | CC16: -0.05 | CD16: -0.05 | CE16: 2 | CH16: South Australia | CI16: Spring | CJ16: 0.11 | CK16: 0.11 | CL16: 0 | CM16: 0 | CN16: 0 | CO16: 0.11
I17: Autumn | J17: =J16 -> 3 | K17: =K16 -> 0.6 | L17: 170 | M17: 0 | N17: 0 | O17: =$BS$3 -> 91.25 | P17: 0.05 | Q17: 0.12 | R17: 0.64 | S17: 32 | T17: =1-U17 -> 0 | U17: =IF($D$11="yes", 1, VLOOKUP(B17, $BR$26:$BT$32, 1)) -> 1 | V17: =VLOOKUP($B$11,$BT$10:$BU$16, 2, FALSE) -> 0.72 | W17: =$BS$10 -> 0.0047 | X17: =IF(E17="yes",1,0) -> 0 | Y17: =$BS$4 -> 0.24 | Z17: =$BS$6 -> 0.011 | AA17: =$BS$5 -> 0.21 | AB17: =VLOOKUP($F$11,$BR$37:$BS$49,2,FALSE) -> 0.0059 | AC17: =(M17/100)*(MIN(N17,100)/100) -> 0 | AD17: =AC17 * 1.6 -> 0 | AE17: =J17 * K17 / 365 -> 0.0049315068 | AF17: =P17 * 0.92 -> 0.046 | AG17: 60 | AH17: =S17 / AG17 -> 0.53333333 | AI17: 0 | AJ17: =1.6 * AI17 -> 0 | AK17: =(0.045*AD17+AE17*0.84+ (AF17* ( (212 - 4*(AF17*1000/(4*AG17^0.75)-1))-((140 - 4 * (AF17*1000/(4*AG17^0.75)-1))/(1+EXP(-6*(AH17-0.4)))) ) )*10^-3 )/6.25 -> 0.0015164232 | AL17: =(AV17 / 6.25 ) - AK17 -> 0.010795847 | AM17: =IF($G$11="wet",$BU$18,$BU$19) -> 0.006 | AN17: =$BS$7 -> 1.57 | AO17: =$BV$1 -> 1.3 | AP17: =AC17*AO17+(1-AC17) -> 1 | AQ17: =(0.795*R17)-0.0014 -> 0.5074 | AR17: 1.6 | AS17: =1 - EXP(-2*(AR17^2)) -> 0.99402398 | AT17: =(104.7*AQ17+0.307*S17-15)*(S17^0.75)*10^-3 -> 0.64511932 | AU17: =AT17*AS17*AP17 -> 0.64126407 | AV17: =(AU17 * Q17) + (0.045 * AJ17) -> 0.076951688 | AW17: =$BS$2 -> 0.08 | AX17: =(AU17 * ((1 - R17) + (0.04 * AU17))) * ( 1 - AW17 ) -> 0.22751954 | AY17: =$BS$1 -> 0.24 | AZ17: =$BT$20 -> 0.6784 | BA17: =AX17 * AY17 * T17 * V17 * AZ17 -> 0 | BB17: =AX17*AY17*U17*W17*AZ17 -> 0.00017410596 | BC17: =BA17+BB17 -> 0.00017410596 | BD17: =L17*BC17*O17 -> 2.7008187 | BF17: =L17*AL17*O17 -> 167.47058 | BW17: Autumn | BX17: Maiden ewes | BY17: 0 | BZ17: 0 | CA17: 0 | CB17: 0 | CC17: -0.02 | CD17: 0.11 | CE17: 3 | CI17: Summer | CJ17: -0.1 | CK17: -0.1 | CL17: 0 | CM17: 0 | CN17: 0 | CO17: 0.05
I18: Winter | J18: =J17 -> 3 | K18: =K17 -> 0.6 | L18: 200 | M18: 0 | N18: 0 | O18: =$BS$3 -> 91.25 | P18: 0.04 | Q18: 0.18 | R18: 0.72 | S18: 34 | T18: =1-U18 -> 0 | U18: =IF($D$11="yes", 1, VLOOKUP(B18, $BR$26:$BT$32, 1)) -> 1 | V18: =VLOOKUP($B$11,$BT$10:$BU$16, 2, FALSE) -> 0.72 | W18: =$BS$10 -> 0.0047 | X18: =IF(E18="yes",1,0) -> 0 | Y18: =$BS$4 -> 0.24 | Z18: =$BS$6 -> 0.011 | AA18: =$BS$5 -> 0.21 | AB18: =VLOOKUP($F$11,$BR$37:$BS$49,2,FALSE) -> 0.0059 | AC18: =(M18/100)*(MIN(N18,100)/100) -> 0 | AD18: =AC18 * 1.6 -> 0 | AE18: =J18 * K18 / 365 -> 0.0049315068 | AF18: =P18 * 0.92 -> 0.0368 | AG18: 60 | AH18: =S18 / AG18 -> 0.56666667 | AI18: 0 | AJ18: =1.6 * AI18 -> 0 | AK18: =(0.045*AD18+AE18*0.84+ (AF18* ( (212 - 4*(AF18*1000/(4*AG18^0.75)-1))-((140 - 4 * (AF18*1000/(4*AG18^0.75)-1))/(1+EXP(-6*(AH18-0.4)))) ) )*10^-3 )/6.25 -> 0.0013120553 | AL18: =(AV18 / 6.25 ) - AK18 -> 0.021011736 | AM18: =IF($G$11="wet",$BU$18,$BU$19) -> 0.006 | AN18: =$BS$7 -> 1.57 | AO18: =$BV$1 -> 1.3 | AP18: =AC18*AO18+(1-AC18) -> 1 | AQ18: =(0.795*R18)-0.0014 -> 0.571 | AR18: 1.7 | AS18: =1 - EXP(-2*(AR18^2)) -> 0.99691128 | AT18: =(104.7*AQ18+0.307*S18-15)*(S18^0.75)*10^-3 -> 0.77753323 | AU18: =AT18*AS18*AP18 -> 0.77513165 | AV18: =(AU18 * Q18) + (0.045 * AJ18) -> 0.1395237 | AW18: =$BS$2 -> 0.08 | AX18: =(AU18 * ((1 - R18) + (0.04 * AU18))) * ( 1 - AW18 ) -> 0.22178442 | AY18: =$BS$1 -> 0.24 | AZ18: =$BT$20 -> 0.6784 | BA18: =AX18 * AY18 * T18 * V18 * AZ18 -> 0 | BB18: =AX18*AY18*U18*W18*AZ18 -> 0.00016971725 | BC18: =BA18+BB18 -> 0.00016971725 | BD18: =L18*BC18*O18 -> 3.0973398 | BF18: =L18*AL18*O18 -> 383.46419 | BS18: EFPRP | BT18: wet | BU18: 0.006 | BW18: Winter | BX18: Maiden ewes | BY18: 0.02 | BZ18: -0.05 | CA18: 0 | CB18: 0.5 | CC18: -0.03 | CD18: 0.05 | CE18: 4 | CI18: Autumn | CJ18: 0 | CK18: -0.1 | CL18: 0 | CM18: 0 | CN18: 0 | CO18: 0.16
H19: Maiden ewes | I19: Spring | J19: 2 | K19: 0.65 | L19: 100 | M19: 95 | N19: 105 | O19: =$BS$3 -> 91.25 | P19: 0.07 | Q19: 0.2 | R19: 0.75 | S19: 44 | T19: =1-U19 -> 0 | U19: =IF($D$11="yes", 1, VLOOKUP(B19, $BR$26:$BT$32, 1)) -> 1 | V19: =VLOOKUP($B$11,$BT$10:$BU$16, 2, FALSE) -> 0.72 | W19: =$BS$10 -> 0.0047 | X19: =IF(E19="yes",1,0) -> 0 | Y19: =$BS$4 -> 0.24 | Z19: =$BS$6 -> 0.011 | AA19: =$BS$5 -> 0.21 | AB19: =VLOOKUP($F$11,$BR$37:$BS$49,2,FALSE) -> 0.0059 | AC19: =(M19/100)*(MIN(N19,100)/100) -> 0.95 | AD19: =AC19 * 1.6 -> 1.52 | AE19: =J19 * K19 / 365 -> 0.0035616438 | AF19: =P19 * 0.92 -> 0.0644 | AG19: 57 | AH19: =S19 / AG19 -> 0.77192982 | AI19: 0 | AJ19: =1.6 * AI19 -> 0 | AK19: =(0.045*AD19+AE19*0.84+ (AF19* ( (212 - 4*(AF19*1000/(4*AG19^0.75)-1))-((140 - 4 * (AF19*1000/(4*AG19^0.75)-1))/(1+EXP(-6*(AH19-0.4)))) ) )*10^-3 )/6.25 -> 0.012305324 | AL19: =(AV19 / 6.25 ) - AK19 -> 0.030398437 | AM19: =IF($G$11="wet",$BU$18,$BU$19) -> 0.006 | AN19: =$BS$7 -> 1.57 | AO19: =$BV$1 -> 1.3 | AP19: =AC19*AO19+(1-AC19) -> 1.285 | AQ19: =(0.795*R19)-0.0014 -> 0.59485 | AR19: 2.9 | AS19: =1 - EXP(-2*(AR19^2)) -> 0.99999995 | AT19: =(104.7*AQ19+0.307*S19-15)*(S19^0.75)*10^-3 -> 1.0385156 | AU19: =AT19*AS19*AP19 -> 1.3344925 | AV19: =(AU19 * Q19) + (0.045 * AJ19) -> 0.26689851 | AW19: =$BS$2 -> 0.08 | AX19: =(AU19 * ((1 - R19) + (0.04 * AU19))) * ( 1 - AW19 ) -> 0.37246931 | AY19: =$BS$1 -> 0.24 | AZ19: =$BT$20 -> 0.6784 | BA19: =AX19 * AY19 * T19 * V19 * AZ19 -> 0 | BB19: =AX19*AY19*U19*W19*AZ19 -> 0.00028502663 | BC19: =BA19+BB19 -> 0.00028502663 | BD19: =L19*BC19*O19 -> 2.600868 | BF19: =L19*AL19*O19 -> 277.38574 | BT19: dry | BU19: 0.002 | BW19: Spring | BX19: Other ewes | BY19: 0.05 | BZ19: -0.03 | CA19: 0 | CB19: 0 | CC19: 0 | CD19: 0.05 | CE19: 1 | CI19: Winter | CJ19: 0 | CK19: 0 | CL19: 0 | CM19: 0 | CN19: 0 | CO19: 0.16
I20: Summer | J20: =J19 -> 2 | K20: =K19 -> 0.65 | L20: 140 | M20: 0 | N20: 0 | O20: =$BS$3 -> 91.25 | P20: 0 | Q20: 0.1 | R20: 0.61 | S20: 42 | T20: =1-U20 -> 0 | U20: =IF($D$11="yes", 1, VLOOKUP(B20, $BR$26:$BT$32, 1)) -> 1 | V20: =VLOOKUP($B$11,$BT$10:$BU$16, 2, FALSE) -> 0.72 | W20: =$BS$10 -> 0.0047 | X20: =IF(E20="yes",1,0) -> 0 | Y20: =$BS$4 -> 0.24 | Z20: =$BS$6 -> 0.011 | AA20: =$BS$5 -> 0.21 | AB20: =VLOOKUP($F$11,$BR$37:$BS$49,2,FALSE) -> 0.0059 | AC20: =(M20/100)*(MIN(N20,100)/100) -> 0 | AD20: =AC20 * 1.6 -> 0 | AE20: =J20 * K20 / 365 -> 0.0035616438 | AF20: =P20 * 0.92 -> 0 | AG20: 57 | AH20: =S20 / AG20 -> 0.73684211 | AI20: 0 | AJ20: =1.6 * AI20 -> 0 | AK20: =(0.045*AD20+AE20*0.84+ (AF20* ( (212 - 4*(AF20*1000/(4*AG20^0.75)-1))-((140 - 4 * (AF20*1000/(4*AG20^0.75)-1))/(1+EXP(-6*(AH20-0.4)))) ) )*10^-3 )/6.25 -> 0.00047868493 | AL20: =(AV20 / 6.25 ) - AK20 -> 0.012329607 | AM20: =IF($G$11="wet",$BU$18,$BU$19) -> 0.006 | AN20: =$BS$7 -> 1.57 | AO20: =$BV$1 -> 1.3 | AP20: =AC20*AO20+(1-AC20) -> 1 | AQ20: =(0.795*R20)-0.0014 -> 0.48355 | AR20: 2.5 | AS20: =1 - EXP(-2*(AR20^2)) -> 0.99999627 | AT20: =(104.7*AQ20+0.307*S20-15)*(S20^0.75)*10^-3 -> 0.80052121 | AU20: =AT20*AS20*AP20 -> 0.80051822 | AV20: =(AU20 * Q20) + (0.045 * AJ20) -> 0.080051822 | AW20: =$BS$2 -> 0.08 | AX20: =(AU20 * ((1 - R20) + (0.04 * AU20))) * ( 1 - AW20 ) -> 0.31080846 | AY20: =$BS$1 -> 0.24 | AZ20: =$BT$20 -> 0.6784 | BA20: =AX20 * AY20 * T20 * V20 * AZ20 -> 0 | BB20: =AX20*AY20*U20*W20*AZ20 -> 0.00023784158 | BC20: =BA20+BB20 -> 0.00023784158 | BD20: =L20*BC20*O20 -> 3.0384261 | BF20: =L20*AL20*O20 -> 157.51073 | BS20: p | BT20: 0.6784 | BW20: Summer | BX20: Other ewes | BY20: -0.05 | BZ20: 0.05 | CA20: 0 | CB20: 0 | CC20: 0 | CD20: -0.05 | CE20: 2 | CH20: Tasmania | CI20: Spring | CJ20: 0.16 | CK20: 0.11 | CL20: 0.03 | CM20: -0.02 | CN20: 0 | CO20: 0.15
I21: Autumn | J21: =J20 -> 2 | K21: =K20 -> 0.65 | L21: 135 | M21: 0 | N21: 0 | O21: =$BS$3 -> 91.25 | P21: 0 | Q21: 0.12 | R21: 0.64 | S21: 43 | T21: =1-U21 -> 0 | U21: =IF($D$11="yes", 1, VLOOKUP(B21, $BR$26:$BT$32, 1)) -> 1 | V21: =VLOOKUP($B$11,$BT$10:$BU$16, 2, FALSE) -> 0.72 | W21: =$BS$10 -> 0.0047 | X21: =IF(E21="yes",1,0) -> 0 | Y21: =$BS$4 -> 0.24 | Z21: =$BS$6 -> 0.011 | AA21: =$BS$5 -> 0.21 | AB21: =VLOOKUP($F$11,$BR$37:$BS$49,2,FALSE) -> 0.0059 | AC21: =(M21/100)*(MIN(N21,100)/100) -> 0 | AD21: =AC21 * 1.6 -> 0 | AE21: =J21 * K21 / 365 -> 0.0035616438 | AF21: =P21 * 0.92 -> 0 | AG21: 57 | AH21: =S21 / AG21 -> 0.75438596 | AI21: 0 | AJ21: =1.6 * AI21 -> 0 | AK21: =(0.045*AD21+AE21*0.84+ (AF21* ( (212 - 4*(AF21*1000/(4*AG21^0.75)-1))-((140 - 4 * (AF21*1000/(4*AG21^0.75)-1))/(1+EXP(-6*(AH21-0.4)))) ) )*10^-3 )/6.25 -> 0.00047868493 | AL21: =(AV21 / 6.25 ) - AK21 -> 0.015970144 | AM21: =IF($G$11="wet",$BU$18,$BU$19) -> 0.006 | AN21: =$BS$7 -> 1.57 | AO21: =$BV$1 -> 1.3 | AP21: =AC21*AO21+(1-AC21) -> 1 | AQ21: =(0.795*R21)-0.0014 -> 0.5074 | AR21: 1.6 | AS21: =1 - EXP(-2*(AR21^2)) -> 0.99402398 | AT21: =(104.7*AQ21+0.307*S21-15)*(S21^0.75)*10^-3 -> 0.86186035 | AU21: =AT21*AS21*AP21 -> 0.85670985 | AV21: =(AU21 * Q21) + (0.045 * AJ21) -> 0.10280518 | AW21: =$BS$2 -> 0.08 | AX21: =(AU21 * ((1 - R21) + (0.04 * AU21))) * ( 1 - AW21 ) -> 0.31075173 | AY21: =$BS$1 -> 0.24 | AZ21: =$BT$20 -> 0.6784 | BA21: =AX21 * AY21 * T21 * V21 * AZ21 -> 0 | BB21: =AX21*AY21*U21*W21*AZ21 -> 0.00023779816 | BC21: =BA21+BB21 -> 0.00023779816 | BD21: =L21*BC21*O21 -> 2.9293761 | BF21: =L21*AL21*O21 -> 196.73221 | BW21: Autumn | BX21: Other ewes | BY21: -0.01 | BZ21: 0 | CA21: 0 | CB21: 0 | CC21: 0 | CD21: -0.05 | CE21: 3 | CI21: Summer | CJ21: 0 | CK21: 0 | CL21: 0 | CM21: 0 | CN21: 0 | CO21: 0.11
I22: Winter | J22: =J21 -> 2 | K22: =K21 -> 0.65 | L22: 130 | M22: 0 | N22: 0 | O22: =$BS$3 -> 91.25 | P22: 0.02 | Q22: 0.18 | R22: 0.72 | S22: 45 | T22: =1-U22 -> 0 | U22: =IF($D$11="yes", 1, VLOOKUP(B22, $BR$26:$BT$32, 1)) -> 1 | V22: =VLOOKUP($B$11,$BT$10:$BU$16, 2, FALSE) -> 0.72 | W22: =$BS$10 -> 0.0047 | X22: =IF(E22="yes",1,0) -> 0 | Y22: =$BS$4 -> 0.24 | Z22: =$BS$6 -> 0.011 | AA22: =$BS$5 -> 0.21 | AB22: =VLOOKUP($F$11,$BR$37:$BS$49,2,FALSE) -> 0.0059 | AC22: =(M22/100)*(MIN(N22,100)/100) -> 0 | AD22: =AC22 * 1.6 -> 0 | AE22: =J22 * K22 / 365 -> 0.0035616438 | AF22: =P22 * 0.92 -> 0.0184 | AG22: 57 | AH22: =S22 / AG22 -> 0.78947368 | AI22: 0 | AJ22: =1.6 * AI22 -> 0 | AK22: =(0.045*AD22+AE22*0.84+ (AF22* ( (212 - 4*(AF22*1000/(4*AG22^0.75)-1))-((140 - 4 * (AF22*1000/(4*AG22^0.75)-1))/(1+EXP(-6*(AH22-0.4)))) ) )*10^-3 )/6.25 -> 0.00072777894 | AL22: =(AV22 / 6.25 ) - AK22 -> 0.028503402 | AM22: =IF($G$11="wet",$BU$18,$BU$19) -> 0.006 | AN22: =$BS$7 -> 1.57 | AO22: =$BV$1 -> 1.3 | AP22: =AC22*AO22+(1-AC22) -> 1 | AQ22: =(0.795*R22)-0.0014 -> 0.571 | AR22: 1.7 | AS22: =1 - EXP(-2*(AR22^2)) -> 0.99691128 | AT22: =(104.7*AQ22+0.307*S22-15)*(S22^0.75)*10^-3 -> 1.0181162 | AU22: =AT22*AS22*AP22 -> 1.0149716 | AV22: =(AU22 * Q22) + (0.045 * AJ22) -> 0.18269488 | AW22: =$BS$2 -> 0.08 | AX22: =(AU22 * ((1 - R22) + (0.04 * AU22))) * ( 1 - AW22 ) -> 0.29936683 | AY22: =$BS$1 -> 0.24 | AZ22: =$BT$20 -> 0.6784 | BA22: =AX22 * AY22 * T22 * V22 * AZ22 -> 0 | BB22: =AX22*AY22*U22*W22*AZ22 -> 0.00022908604 | BC22: =BA22+BB22 -> 0.00022908604 | BD22: =L22*BC22*O22 -> 2.7175331 | BF22: =L22*AL22*O22 -> 338.12161 | BW22: Winter | BX22: Other ewes | BY22: 0.01 | BZ22: -0.02 | CA22: 0 | CB22: 0 | CC22: 0 | CD22: 0.05 | CE22: 4 | CI22: Autumn | CJ22: -0.2 | CK22: -0.1 | CL22: 0 | CM22: 0 | CN22: 0 | CO22: 0.13
H23: Other ewes | I23: Spring | J23: 2 | K23: 0.7 | L23: 200 | M23: 0 | N23: 0 | O23: =$BS$3 -> 91.25 | P23: 0.05 | Q23: 0.2 | R23: 0.75 | S23: 56 | T23: =1-U23 -> 0 | U23: =IF($D$11="yes", 1, VLOOKUP(B23, $BR$26:$BT$32, 1)) -> 1 | V23: =VLOOKUP($B$11,$BT$10:$BU$16, 2, FALSE) -> 0.72 | W23: =$BS$10 -> 0.0047 | X23: =IF(E23="yes",1,0) -> 0 | Y23: =$BS$4 -> 0.24 | Z23: =$BS$6 -> 0.011 | AA23: =$BS$5 -> 0.21 | AB23: =VLOOKUP($F$11,$BR$37:$BS$49,2,FALSE) -> 0.0059 | AC23: =(M23/100)*(MIN(N23,100)/100) -> 0 | AD23: =AC23 * 1.6 -> 0 | AE23: =J23 * K23 / 365 -> 0.0038356164 | AF23: =P23 * 0.92 -> 0.046 | AG23: 57 | AH23: =S23 / AG23 -> 0.98245614 | AI23: 0 | AJ23: =1.6 * AI23 -> 0 | AK23: =(0.045*AD23+AE23*0.84+ (AF23* ( (212 - 4*(AF23*1000/(4*AG23^0.75)-1))-((140 - 4 * (AF23*1000/(4*AG23^0.75)-1))/(1+EXP(-6*(AH23-0.4)))) ) )*10^-3 )/6.25 -> 0.0010761714 | AL23: =(AV23 / 6.25 ) - AK23 -> 0.04115834 | AM23: =IF($G$11="wet",$BU$18,$BU$19) -> 0.006 | AN23: =$BS$7 -> 1.57 | AO23: =$BV$1 -> 1.3 | AP23: =AC23*AO23+(1-AC23) -> 1 | AQ23: =(0.795*R23)-0.0014 -> 0.59485 | AR23: 2.9 | AS23: =1 - EXP(-2*(AR23^2)) -> 0.99999995 | AT23: =(104.7*AQ23+0.307*S23-15)*(S23^0.75)*10^-3 -> 1.3198285 | AU23: =AT23*AS23*AP23 -> 1.3198285 | AV23: =(AU23 * Q23) + (0.045 * AJ23) -> 0.2639657 | AW23: =$BS$2 -> 0.08 | AX23: =(AU23 * ((1 - R23) + (0.04 * AU23))) * ( 1 - AW23 ) -> 0.36766421 | AY23: =$BS$1 -> 0.24 | AZ23: =$BT$20 -> 0.6784 | BA23: =AX23 * AY23 * T23 * V23 * AZ23 -> 0 | BB23: =AX23*AY23*U23*W23*AZ23 -> 0.00028134959 | BC23: =BA23+BB23 -> 0.00028134959 | BD23: =L23*BC23*O23 -> 5.1346301 | BF23: =L23*AL23*O23 -> 751.13971 | BW23: Spring | BX23: Rams | BY23: 0.07 | BZ23: -0.02 | CA23: 0.11 | CB23: 0.16 | CC23: 0.11 | CD23: 0.11 | CE23: 1 | CI23: Winter | CJ23: 0 | CK23: -0.1 | CL23: 0.5 | CM23: 0.02 | CN23: 0 | CO23: 0.07
I24: Summer | J24: =J23 -> 2 | K24: =K23 -> 0.7 | L24: 210 | M24: 0 | N24: 0 | O24: =$BS$3 -> 91.25 | P24: -0.05 | Q24: 0.1 | R24: 0.61 | S24: 51 | T24: =1-U24 -> 0 | U24: =IF($D$11="yes", 1, VLOOKUP(B24, $BR$26:$BT$32, 1)) -> 1 | V24: =VLOOKUP($B$11,$BT$10:$BU$16, 2, FALSE) -> 0.72 | W24: =$BS$10 -> 0.0047 | X24: =IF(E24="yes",1,0) -> 0 | Y24: =$BS$4 -> 0.24 | Z24: =$BS$6 -> 0.011 | AA24: =$BS$5 -> 0.21 | AB24: =VLOOKUP($F$11,$BR$37:$BS$49,2,FALSE) -> 0.0059 | AC24: =(M24/100)*(MIN(N24,100)/100) -> 0 | AD24: =AC24 * 1.6 -> 0 | AE24: =J24 * K24 / 365 -> 0.0038356164 | AF24: =P24 * 0.92 -> -0.046 | AG24: 57 | AH24: =S24 / AG24 -> 0.89473684 | AI24: 0 | AJ24: =1.6 * AI24 -> 0 | AK24: =(0.045*AD24+AE24*0.84+ (AF24* ( (212 - 4*(AF24*1000/(4*AG24^0.75)-1))-((140 - 4 * (AF24*1000/(4*AG24^0.75)-1))/(1+EXP(-6*(AH24-0.4)))) ) )*10^-3 )/6.25 -> -6.7008408e-05 | AL24: =(AV24 / 6.25 ) - AK24 -> 0.015726717 | AM24: =IF($G$11="wet",$BU$18,$BU$19) -> 0.006 | AN24: =$BS$7 -> 1.57 | AO24: =$BV$1 -> 1.3 | AP24: =AC24*AO24+(1-AC24) -> 1 | AQ24: =(0.795*R24)-0.0014 -> 0.48355 | AR24: 2.5 | AS24: =1 - EXP(-2*(AR24^2)) -> 0.99999627 | AT24: =(104.7*AQ24+0.307*S24-15)*(S24^0.75)*10^-3 -> 0.97873546 | AU24: =AT24*AS24*AP24 -> 0.97873182 | AV24: =(AU24 * Q24) + (0.045 * AJ24) -> 0.097873182 | AW24: =$BS$2 -> 0.08 | AX24: =(AU24 * ((1 - R24) + (0.04 * AU24))) * ( 1 - AW24 ) -> 0.38642028 | AY24: =$BS$1 -> 0.24 | AZ24: =$BT$20 -> 0.6784 | BA24: =AX24 * AY24 * T24 * V24 * AZ24 -> 0 | BB24: =AX24*AY24*U24*W24*AZ24 -> 0.0002957024 | BC24: =BA24+BB24 -> 0.0002957024 | BD24: =L24*BC24*O24 -> 5.6663973 | BF24: =L24*AL24*O24 -> 301.36322 | BW24: Summer | BX24: Rams | BY24: 0 | BZ24: 0.03 | CA24: -0.1 | CB24: 0 | CC24: -0.05 | CD24: -0.11 | CE24: 2 | CH24: Victoria | CI24: Spring | CJ24: 0.11 | CK24: 0.11 | CL24: 0.16 | CM24: 0.11 | CN24: 0 | CO24: 0.15
I25: Autumn | J25: =J24 -> 2 | K25: =K24 -> 0.7 | L25: 190 | M25: 0 | N25: 0 | O25: =$BS$3 -> 91.25 | P25: -0.01 | Q25: 0.12 | R25: 0.64 | S25: 50 | T25: =1-U25 -> 0 | U25: =IF($D$11="yes", 1, VLOOKUP(B25, $BR$26:$BT$32, 1)) -> 1 | V25: =VLOOKUP($B$11,$BT$10:$BU$16, 2, FALSE) -> 0.72 | W25: =$BS$10 -> 0.0047 | X25: =IF(E25="yes",1,0) -> 0 | Y25: =$BS$4 -> 0.24 | Z25: =$BS$6 -> 0.011 | AA25: =$BS$5 -> 0.21 | AB25: =VLOOKUP($F$11,$BR$37:$BS$49,2,FALSE) -> 0.0059 | AC25: =(M25/100)*(MIN(N25,100)/100) -> 0 | AD25: =AC25 * 1.6 -> 0 | AE25: =J25 * K25 / 365 -> 0.0038356164 | AF25: =P25 * 0.92 -> -0.0092 | AG25: 57 | AH25: =S25 / AG25 -> 0.87719298 | AI25: 0 | AJ25: =1.6 * AI25 -> 0 | AK25: =(0.045*AD25+AE25*0.84+ (AF25* ( (212 - 4*(AF25*1000/(4*AG25^0.75)-1))-((140 - 4 * (AF25*1000/(4*AG25^0.75)-1))/(1+EXP(-6*(AH25-0.4)))) ) )*10^-3 )/6.25 -> 0.00039804023 | AL25: =(AV25 / 6.25 ) - AK25 -> 0.018791943 | AM25: =IF($G$11="wet",$BU$18,$BU$19) -> 0.006 | AN25: =$BS$7 -> 1.57 | AO25: =$BV$1 -> 1.3 | AP25: =AC25*AO25+(1-AC25) -> 1 | AQ25: =(0.795*R25)-0.0014 -> 0.5074 | AR25: 1.6 | AS25: =1 - EXP(-2*(AR25^2)) -> 0.99402398 | AT25: =(104.7*AQ25+0.307*S25-15)*(S25^0.75)*10^-3 -> 1.0054871 | AU25: =AT25*AS25*AP25 -> 0.9994783 | AV25: =(AU25 * Q25) + (0.045 * AJ25) -> 0.1199374 | AW25: =$BS$2 -> 0.08 | AX25: =(AU25 * ((1 - R25) + (0.04 * AU25))) * ( 1 - AW25 ) -> 0.36778883 | AY25: =$BS$1 -> 0.24 | AZ25: =$BT$20 -> 0.6784 | BA25: =AX25 * AY25 * T25 * V25 * AZ25 -> 0 | BB25: =AX25*AY25*U25*W25*AZ25 -> 0.00028144496 | BC25: =BA25+BB25 -> 0.00028144496 | BD25: =L25*BC25*O25 -> 4.8795519 | BF25: =L25*AL25*O25 -> 325.80531 | BR25: MMS | BW25: Autumn | BX25: Rams | BY25: -0.07 | BZ25: 0.02 | CA25: 0 | CB25: -0.2 | CC25: 0 | CD25: 0 | CE25: 3 | CI25: Summer | CJ25: -0.05 | CK25: -0.05 | CL25: -0.05 | CM25: -0.05 | CN25: 0 | CO25: 0.07
I26: Winter | J26: =J25 -> 2 | K26: =K25 -> 0.7 | L26: 180 | M26: 0 | N26: 0 | O26: =$BS$3 -> 91.25 | P26: 0.01 | Q26: 0.18 | R26: 0.72 | S26: 51 | T26: =1-U26 -> 0 | U26: =IF($D$11="yes", 1, VLOOKUP(B26, $BR$26:$BT$32, 1)) -> 1 | V26: =VLOOKUP($B$11,$BT$10:$BU$16, 2, FALSE) -> 0.72 | W26: =$BS$10 -> 0.0047 | X26: =IF(E26="yes",1,0) -> 0 | Y26: =$BS$4 -> 0.24 | Z26: =$BS$6 -> 0.011 | AA26: =$BS$5 -> 0.21 | AB26: =VLOOKUP($F$11,$BR$37:$BS$49,2,FALSE) -> 0.0059 | AC26: =(M26/100)*(MIN(N26,100)/100) -> 0 | AD26: =AC26 * 1.6 -> 0 | AE26: =J26 * K26 / 365 -> 0.0038356164 | AF26: =P26 * 0.92 -> 0.0092 | AG26: 57 | AH26: =S26 / AG26 -> 0.89473684 | AI26: 0 | AJ26: =1.6 * AI26 -> 0 | AK26: =(0.045*AD26+AE26*0.84+ (AF26* ( (212 - 4*(AF26*1000/(4*AG26^0.75)-1))-((140 - 4 * (AF26*1000/(4*AG26^0.75)-1))/(1+EXP(-6*(AH26-0.4)))) ) )*10^-3 )/6.25 -> 0.00063181847 | AL26: =(AV26 / 6.25 ) - AK26 -> 0.032485573 | AM26: =IF($G$11="wet",$BU$18,$BU$19) -> 0.006 | AN26: =$BS$7 -> 1.57 | AO26: =$BV$1 -> 1.3 | AP26: =AC26*AO26+(1-AC26) -> 1 | AQ26: =(0.795*R26)-0.0014 -> 0.571 | AR26: 1.7 | AS26: =1 - EXP(-2*(AR26^2)) -> 0.99691128 | AT26: =(104.7*AQ26+0.307*S26-15)*(S26^0.75)*10^-3 -> 1.1534722 | AU26: =AT26*AS26*AP26 -> 1.1499094 | AV26: =(AU26 * Q26) + (0.045 * AJ26) -> 0.20698369 | AW26: =$BS$2 -> 0.08 | AX26: =(AU26 * ((1 - R26) + (0.04 * AU26))) * ( 1 - AW26 ) -> 0.344877 | AY26: =$BS$1 -> 0.24 | AZ26: =$BT$20 -> 0.6784 | BA26: =AX26 * AY26 * T26 * V26 * AZ26 -> 0 | BB26: =AX26*AY26*U26*W26*AZ26 -> 0.00026391202 | BC26: =BA26+BB26 -> 0.00026391202 | BD26: =L26*BC26*O26 -> 4.3347549 | BF26: =L26*AL26*O26 -> 533.57553 | BR26: ACT | BS26: 99.25 | BT26: 0.75 | BW26: Winter | BX26: Rams | BY26: 0 | BZ26: -0.03 | CA26: 0 | CB26: 0 | CC26: -0.05 | CD26: 0 | CE26: 4 | CI26: Autumn | CJ26: 0 | CK26: -0.03 | CL26: -0.02 | CM26: -0.02 | CN26: 0 | CO26: 0.05
H27: Rams | I27: Spring | J27: 1 | K27: 0.65 | L27: 50 | M27: 0 | N27: 0 | O27: =$BS$3 -> 91.25 | P27: 0.07 | Q27: 0.2 | R27: 0.75 | S27: 75 | T27: =1-U27 -> 0 | U27: =IF($D$11="yes", 1, VLOOKUP(B27, $BR$26:$BT$32, 1)) -> 1 | V27: =VLOOKUP($B$11,$BT$10:$BU$16, 2, FALSE) -> 0.72 | W27: =$BS$10 -> 0.0047 | X27: =IF(E27="yes",1,0) -> 0 | Y27: =$BS$4 -> 0.24 | Z27: =$BS$6 -> 0.011 | AA27: =$BS$5 -> 0.21 | AB27: =VLOOKUP($F$11,$BR$37:$BS$49,2,FALSE) -> 0.0059 | AC27: =(M27/100)*(MIN(N27,100)/100) -> 0 | AD27: =AC27 * 1.6 -> 0 | AE27: =J27 * K27 / 365 -> 0.0017808219 | AF27: =P27 * 0.92 -> 0.0644 | AG27: 78 | AH27: =S27 / AG27 -> 0.96153846 | AI27: 0 | AJ27: =1.6 * AI27 -> 0 | AK27: =(0.045*AD27+AE27*0.84+ (AF27* ( (212 - 4*(AF27*1000/(4*AG27^0.75)-1))-((140 - 4 * (AF27*1000/(4*AG27^0.75)-1))/(1+EXP(-6*(AH27-0.4)))) ) )*10^-3 )/6.25 -> 0.0010297561 | AL27: =(AV27 / 6.25 ) - AK27 -> 0.056307516 | AM27: =IF($G$11="wet",$BU$18,$BU$19) -> 0.006 | AN27: =$BS$7 -> 1.57 | AO27: =$BV$1 -> 1.3 | AP27: =AC27*AO27+(1-AC27) -> 1 | AQ27: =(0.795*R27)-0.0014 -> 0.59485 | AR27: 2.9 | AS27: =1 - EXP(-2*(AR27^2)) -> 0.99999995 | AT27: =(104.7*AQ27+0.307*S27-15)*(S27^0.75)*10^-3 -> 1.7917898 | AU27: =AT27*AS27*AP27 -> 1.7917898 | AV27: =(AU27 * Q27) + (0.045 * AJ27) -> 0.35835795 | AW27: =$BS$2 -> 0.08 | AX27: =(AU27 * ((1 - R27) + (0.04 * AU27))) * ( 1 - AW27 ) -> 0.53025843 | AY27: =$BS$1 -> 0.24 | AZ27: =$BT$20 -> 0.6784 | BA27: =AX27 * AY27 * T27 * V27 * AZ27 -> 0 | BB27: =AX27*AY27*U27*W27*AZ27 -> 0.00040577242 | BC27: =BA27+BB27 -> 0.00040577242 | BD27: =L27*BC27*O27 -> 1.8513367 | BF27: =L27*AL27*O27 -> 256.90304 | BR27: NSW | BS27: 99.55 | BT27: 0.45 | BW27: Spring | BX27: Wethers | BY27: 0.08 | BZ27: 0 | CA27: 0.11 | CB27: 0.11 | CC27: 0.11 | CD27: 0.13 | CE27: 1 | CI27: Winter | CJ27: -0.05 | CK27: -0.02 | CL27: -0.03 | CM27: -0.03 | CN27: 0 | CO27: 0.02
I28: Summer | J28: =J27 -> 1 | K28: =K27 -> 0.65 | L28: 55 | M28: 0 | N28: 0 | O28: =$BS$3 -> 91.25 | P28: 0 | Q28: 0.1 | R28: 0.61 | S28: 75 | T28: =1-U28 -> 0 | U28: =IF($D$11="yes", 1, VLOOKUP(B28, $BR$26:$BT$32, 1)) -> 1 | V28: =VLOOKUP($B$11,$BT$10:$BU$16, 2, FALSE) -> 0.72 | W28: =$BS$10 -> 0.0047 | X28: =IF(E28="yes",1,0) -> 0 | Y28: =$BS$4 -> 0.24 | Z28: =$BS$6 -> 0.011 | AA28: =$BS$5 -> 0.21 | AB28: =VLOOKUP($F$11,$BR$37:$BS$49,2,FALSE) -> 0.0059 | AC28: =(M28/100)*(MIN(N28,100)/100) -> 0 | AD28: =AC28 * 1.6 -> 0 | AE28: =J28 * K28 / 365 -> 0.0017808219 | AF28: =P28 * 0.92 -> 0 | AG28: 78 | AH28: =S28 / AG28 -> 0.96153846 | AI28: 0 | AJ28: =1.6 * AI28 -> 0 | AK28: =(0.045*AD28+AE28*0.84+ (AF28* ( (212 - 4*(AF28*1000/(4*AG28^0.75)-1))-((140 - 4 * (AF28*1000/(4*AG28^0.75)-1))/(1+EXP(-6*(AH28-0.4)))) ) )*10^-3 )/6.25 -> 0.00023934247 | AL28: =(AV28 / 6.25 ) - AK28 -> 0.02367741 | AM28: =IF($G$11="wet",$BU$18,$BU$19) -> 0.006 | AN28: =$BS$7 -> 1.57 | AO28: =$BV$1 -> 1.3 | AP28: =AC28*AO28+(1-AC28) -> 1 | AQ28: =(0.795*R28)-0.0014 -> 0.48355 | AR28: 2.5 | AS28: =1 - EXP(-2*(AR28^2)) -> 0.99999627 | AT28: =(104.7*AQ28+0.307*S28-15)*(S28^0.75)*10^-3 -> 1.4948026 | AU28: =AT28*AS28*AP28 -> 1.494797 | AV28: =(AU28 * Q28) + (0.045 * AJ28) -> 0.1494797 | AW28: =$BS$2 -> 0.08 | AX28: =(AU28 * ((1 - R28) + (0.04 * AU28))) * ( 1 - AW28 ) -> 0.61855976 | AY28: =$BS$1 -> 0.24 | AZ28: =$BT$20 -> 0.6784 | BA28: =AX28 * AY28 * T28 * V28 * AZ28 -> 0 | BB28: =AX28*AY28*U28*W28*AZ28 -> 0.0004733437 | BC28: =BA28+BB28 -> 0.0004733437 | BD28: =L28*BC28*O28 -> 2.3755937 | BF28: =L28*AL28*O28 -> 118.831 | BR28: QLD | BS28: 99.91 | BT28: 0.09 | BW28: Summer | BX28: Wethers | BY28: -0.08 | BZ28: 0.05 | CA28: -0.1 | CB28: 0 | CC28: -0.05 | CD28: -0.05 | CE28: 2 | CH28: Western Australia | CI28: Spring | CJ28: 0.11 | CK28: 0.13 | CL28: 0.05 | CM28: 0.05 | CN28: 0.05 | CO28: 0.11
I29: Autumn | J29: =J28 -> 1 | K29: =K28 -> 0.65 | L29: 60 | M29: 0 | N29: 0 | O29: =$BS$3 -> 91.25 | P29: -0.07 | Q29: 0.12 | R29: 0.64 | S29: 69 | T29: =1-U29 -> 0 | U29: =IF($D$11="yes", 1, VLOOKUP(B29, $BR$26:$BT$32, 1)) -> 1 | V29: =VLOOKUP($B$11,$BT$10:$BU$16, 2, FALSE) -> 0.72 | W29: =$BS$10 -> 0.0047 | X29: =IF(E29="yes",1,0) -> 0 | Y29: =$BS$4 -> 0.24 | Z29: =$BS$6 -> 0.011 | AA29: =$BS$5 -> 0.21 | AB29: =VLOOKUP($F$11,$BR$37:$BS$49,2,FALSE) -> 0.0059 | AC29: =(M29/100)*(MIN(N29,100)/100) -> 0 | AD29: =AC29 * 1.6 -> 0 | AE29: =J29 * K29 / 365 -> 0.0017808219 | AF29: =P29 * 0.92 -> -0.0644 | AG29: 78 | AH29: =S29 / AG29 -> 0.88461538 | AI29: 0 | AJ29: =1.6 * AI29 -> 0 | AK29: =(0.045*AD29+AE29*0.84+ (AF29* ( (212 - 4*(AF29*1000/(4*AG29^0.75)-1))-((140 - 4 * (AF29*1000/(4*AG29^0.75)-1))/(1+EXP(-6*(AH29-0.4)))) ) )*10^-3 )/6.25 -> -0.00058067646 | AL29: =(AV29 / 6.25 ) - AK29 -> 0.027679259 | AM29: =IF($G$11="wet",$BU$18,$BU$19) -> 0.006 | AN29: =$BS$7 -> 1.57 | AO29: =$BV$1 -> 1.3 | AP29: =AC29*AO29+(1-AC29) -> 1 | AQ29: =(0.795*R29)-0.0014 -> 0.5074 | AR29: 1.6 | AS29: =1 - EXP(-2*(AR29^2)) -> 0.99402398 | AT29: =(104.7*AQ29+0.307*S29-15)*(S29^0.75)*10^-3 -> 1.4198697 | AU29: =AT29*AS29*AP29 -> 1.4113845 | AV29: =(AU29 * Q29) + (0.045 * AJ29) -> 0.16936614 | AW29: =$BS$2 -> 0.08 | AX29: =(AU29 * ((1 - R29) + (0.04 * AU29))) * ( 1 - AW29 ) -> 0.54075638 | AY29: =$BS$1 -> 0.24 | AZ29: =$BT$20 -> 0.6784 | BA29: =AX29 * AY29 * T29 * V29 * AZ29 -> 0 | BB29: =AX29*AY29*U29*W29*AZ29 -> 0.00041380582 | BC29: =BA29+BB29 -> 0.00041380582 | BD29: =L29*BC29*O29 -> 2.2655868 | BF29: =L29*AL29*O29 -> 151.54394 | BR29: SA | BS29: 99.74 | BT29: 0.26 | BW29: Autumn | BX29: Wethers | BY29: 0 | BZ29: 0 | CA29: -0.1 | CB29: -0.1 | CC29: -0.03 | CD29: -0.08 | CE29: 3 | CI29: Summer | CJ29: -0.11 | CK29: -0.05 | CL29: -0.05 | CM29: -0.05 | CN29: -0.05 | CO29: 0
I30: Winter | J30: =J29 -> 1 | K30: =K29 -> 0.65 | L30: 65 | M30: 0 | N30: 0 | O30: =$BS$3 -> 91.25 | P30: 0 | Q30: 0.18 | R30: 0.72 | S30: 69 | T30: =1-U30 -> 0 | U30: =IF($D$11="yes", 1, VLOOKUP(B30, $BR$26:$BT$32, 1)) -> 1 | V30: =VLOOKUP($B$11,$BT$10:$BU$16, 2, FALSE) -> 0.72 | W30: =$BS$10 -> 0.0047 | X30: =IF(E30="yes",1,0) -> 0 | Y30: =$BS$4 -> 0.24 | Z30: =$BS$6 -> 0.011 | AA30: =$BS$5 -> 0.21 | AB30: =VLOOKUP($F$11,$BR$37:$BS$49,2,FALSE) -> 0.0059 | AC30: =(M30/100)*(MIN(N30,100)/100) -> 0 | AD30: =AC30 * 1.6 -> 0 | AE30: =J30 * K30 / 365 -> 0.0017808219 | AF30: =P30 * 0.92 -> 0 | AG30: 78 | AH30: =S30 / AG30 -> 0.88461538 | AI30: 0 | AJ30: =1.6 * AI30 -> 0 | AK30: =(0.045*AD30+AE30*0.84+ (AF30* ( (212 - 4*(AF30*1000/(4*AG30^0.75)-1))-((140 - 4 * (AF30*1000/(4*AG30^0.75)-1))/(1+EXP(-6*(AH30-0.4)))) ) )*10^-3 )/6.25 -> 0.00023934247 | AL30: =(AV30 / 6.25 ) - AK30 -> 0.045103692 | AM30: =IF($G$11="wet",$BU$18,$BU$19) -> 0.006 | AN30: =$BS$7 -> 1.57 | AO30: =$BV$1 -> 1.3 | AP30: =AC30*AO30+(1-AC30) -> 1 | AQ30: =(0.795*R30)-0.0014 -> 0.571 | AR30: 1.7 | AS30: =1 - EXP(-2*(AR30^2)) -> 0.99691128 | AT30: =(104.7*AQ30+0.307*S30-15)*(S30^0.75)*10^-3 -> 1.5792889 | AU30: =AT30*AS30*AP30 -> 1.5744109 | AV30: =(AU30 * Q30) + (0.045 * AJ30) -> 0.28339396 | AW30: =$BS$2 -> 0.08 | AX30: =(AU30 * ((1 - R30) + (0.04 * AU30))) * ( 1 - AW30 ) -> 0.49678697 | AY30: =$BS$1 -> 0.24 | AZ30: =$BT$20 -> 0.6784 | BA30: =AX30 * AY30 * T30 * V30 * AZ30 -> 0 | BB30: =AX30*AY30*U30*W30*AZ30 -> 0.00038015888 | BC30: =BA30+BB30 -> 0.00038015888 | BD30: =L30*BC30*O30 -> 2.2548174 | BF30: =L30*AL30*O30 -> 267.52127 | BR30: TAS | BS30: 99.50 | BT30: 0.5 | BW30: Winter | BX30: Wethers | BY30: 0 | BZ30: -0.05 | CA30: 0 | CB30: -0.1 | CC30: -0.02 | CD30: 0 | CE30: 4 | CI30: Autumn | CJ30: 0 | CK30: -0.08 | CL30: 0.11 | CM30: -0.05 | CN30: -0.05 | CO30: 0.11
H31: Wethers | I31: Spring | J31: 0.5 | K31: 0.65 | L31: 50 | M31: 0 | N31: 0 | O31: =$BS$3 -> 91.25 | P31: 0.08 | Q31: 0.2 | R31: 0.75 | S31: 62 | T31: =1-U31 -> 0 | U31: =IF($D$11="yes", 1, VLOOKUP(B31, $BR$26:$BT$32, 1)) -> 1 | V31: =VLOOKUP($B$11,$BT$10:$BU$16, 2, FALSE) -> 0.72 | W31: =$BS$10 -> 0.0047 | X31: =IF(E31="yes",1,0) -> 0 | Y31: =$BS$4 -> 0.24 | Z31: =$BS$6 -> 0.011 | AA31: =$BS$5 -> 0.21 | AB31: =VLOOKUP($F$11,$BR$37:$BS$49,2,FALSE) -> 0.0059 | AC31: =(M31/100)*(MIN(N31,100)/100) -> 0 | AD31: =AC31 * 1.6 -> 0 | AE31: =J31 * K31 / 365 -> 0.00089041096 | AF31: =P31 * 0.92 -> 0.0736 | AG31: 62 | AH31: =S31 / AG31 -> 1 | AI31: 0 | AJ31: =1.6 * AI31 -> 0 | AK31: =(0.045*AD31+AE31*0.84+ (AF31* ( (212 - 4*(AF31*1000/(4*AG31^0.75)-1))-((140 - 4 * (AF31*1000/(4*AG31^0.75)-1))/(1+EXP(-6*(AH31-0.4)))) ) )*10^-3 )/6.25 -> 0.0010116016 | AL31: =(AV31 / 6.25 ) - AK31 -> 0.045875583 | AM31: =IF($G$11="wet",$BU$18,$BU$19) -> 0.006 | AN31: =$BS$7 -> 1.57 | AO31: =$BV$1 -> 1.3 | AP31: =AC31*AO31+(1-AC31) -> 1 | AQ31: =(0.795*R31)-0.0014 -> 0.59485 | AR31: 2.9 | AS31: =1 - EXP(-2*(AR31^2)) -> 0.99999995 | AT31: =(104.7*AQ31+0.307*S31-15)*(S31^0.75)*10^-3 -> 1.4652246 | AU31: =AT31*AS31*AP31 -> 1.4652245 | AV31: =(AU31 * Q31) + (0.045 * AJ31) -> 0.2930449 | AW31: =$BS$2 -> 0.08 | AX31: =(AU31 * ((1 - R31) + (0.04 * AU31))) * ( 1 - AW31 ) -> 0.41600693 | AY31: =$BS$1 -> 0.24 | AZ31: =$BT$20 -> 0.6784 | BA31: =AX31 * AY31 * T31 * V31 * AZ31 -> 0 | BB31: =AX31*AY31*U31*W31*AZ31 -> 0.00031834315 | BC31: =BA31+BB31 -> 0.00031834315 | BD31: =L31*BC31*O31 -> 1.4524406 | BF31: =L31*AL31*O31 -> 209.30735 | BR31: VIC | BS31: 99.17 | BT31: 0.83 | CI31: Winter | CJ31: 0 | CK31: 0 | CL31: 0.05 | CM31: 0.05 | CN31: 0.05 | CO31: 0.11
I32: Summer | J32: =J31 -> 0.5 | K32: =K31 -> 0.65 | L32: 100 | M32: 0 | N32: 0 | O32: =$BS$3 -> 91.25 | P32: -0.08 | Q32: 0.1 | R32: 0.61 | S32: 55 | T32: =1-U32 -> 0 | U32: =IF($D$11="yes", 1, VLOOKUP(B32, $BR$26:$BT$32, 1)) -> 1 | V32: =VLOOKUP($B$11,$BT$10:$BU$16, 2, FALSE) -> 0.72 | W32: =$BS$10 -> 0.0047 | X32: =IF(E32="yes",1,0) -> 0 | Y32: =$BS$4 -> 0.24 | Z32: =$BS$6 -> 0.011 | AA32: =$BS$5 -> 0.21 | AB32: =VLOOKUP($F$11,$BR$37:$BS$49,2,FALSE) -> 0.0059 | AC32: =(M32/100)*(MIN(N32,100)/100) -> 0 | AD32: =AC32 * 1.6 -> 0 | AE32: =J32 * K32 / 365 -> 0.00089041096 | AF32: =P32 * 0.92 -> -0.0736 | AG32: 62 | AH32: =S32 / AG32 -> 0.88709677 | AI32: 0 | AJ32: =1.6 * AI32 -> 0 | AK32: =(0.045*AD32+AE32*0.84+ (AF32* ( (212 - 4*(AF32*1000/(4*AG32^0.75)-1))-((140 - 4 * (AF32*1000/(4*AG32^0.75)-1))/(1+EXP(-6*(AH32-0.4)))) ) )*10^-3 )/6.25 -> -0.00081676849 | AL32: =(AV32 / 6.25 ) - AK32 -> 0.017785704 | AM32: =IF($G$11="wet",$BU$18,$BU$19) -> 0.006 | AN32: =$BS$7 -> 1.57 | AO32: =$BV$1 -> 1.3 | AP32: =AC32*AO32+(1-AC32) -> 1 | AQ32: =(0.795*R32)-0.0014 -> 0.48355 | AR32: 2.5 | AS32: =1 - EXP(-2*(AR32^2)) -> 0.99999627 | AT32: =(104.7*AQ32+0.307*S32-15)*(S32^0.75)*10^-3 -> 1.0605624 | AU32: =AT32*AS32*AP32 -> 1.0605585 | AV32: =(AU32 * Q32) + (0.045 * AJ32) -> 0.10605585 | AW32: =$BS$2 -> 0.08 | AX32: =(AU32 * ((1 - R32) + (0.04 * AU32))) * ( 1 - AW32 ) -> 0.42192045 | AY32: =$BS$1 -> 0.24 | AZ32: =$BT$20 -> 0.6784 | BA32: =AX32 * AY32 * T32 * V32 * AZ32 -> 0 | BB32: =AX32*AY32*U32*W32*AZ32 -> 0.00032286838 | BC32: =BA32+BB32 -> 0.00032286838 | BD32: =L32*BC32*O32 -> 2.9461739 | BF32: =L32*AL32*O32 -> 162.29455 | BR32: WA | BS32: 99.59 | BT32: 0.41
I33: Autumn | J33: =J32 -> 0.5 | K33: =K32 -> 0.65 | L33: 90 | M33: 0 | N33: 0 | O33: =$BS$3 -> 91.25 | P33: 0 | Q33: 0.12 | R33: 0.64 | S33: 55 | T33: =1-U33 -> 0 | U33: =IF($D$11="yes", 1, VLOOKUP(B33, $BR$26:$BT$32, 1)) -> 1 | V33: =VLOOKUP($B$11,$BT$10:$BU$16, 2, FALSE) -> 0.72 | W33: =$BS$10 -> 0.0047 | X33: =IF(E33="yes",1,0) -> 0 | Y33: =$BS$4 -> 0.24 | Z33: =$BS$6 -> 0.011 | AA33: =$BS$5 -> 0.21 | AB33: =VLOOKUP($F$11,$BR$37:$BS$49,2,FALSE) -> 0.0059 | AC33: =(M33/100)*(MIN(N33,100)/100) -> 0 | AD33: =AC33 * 1.6 -> 0 | AE33: =J33 * K33 / 365 -> 0.00089041096 | AF33: =P33 * 0.92 -> 0 | AG33: 62 | AH33: =S33 / AG33 -> 0.88709677 | AI33: 0 | AJ33: =1.6 * AI33 -> 0 | AK33: =(0.045*AD33+AE33*0.84+ (AF33* ( (212 - 4*(AF33*1000/(4*AG33^0.75)-1))-((140 - 4 * (AF33*1000/(4*AG33^0.75)-1))/(1+EXP(-6*(AH33-0.4)))) ) )*10^-3 )/6.25 -> 0.00011967123 | AL33: =(AV33 / 6.25 ) - AK33 -> 0.021083949 | AM33: =IF($G$11="wet",$BU$18,$BU$19) -> 0.006 | AN33: =$BS$7 -> 1.57 | AO33: =$BV$1 -> 1.3 | AP33: =AC33*AO33+(1-AC33) -> 1 | AQ33: =(0.795*R33)-0.0014 -> 0.5074 | AR33: 1.6 | AS33: =1 - EXP(-2*(AR33^2)) -> 0.99402398 | AT33: =(104.7*AQ33+0.307*S33-15)*(S33^0.75)*10^-3 -> 1.1109945 | AU33: =AT33*AS33*AP33 -> 1.1043552 | AV33: =(AU33 * Q33) + (0.045 * AJ33) -> 0.13252263 | AW33: =$BS$2 -> 0.08 | AX33: =(AU33 * ((1 - R33) + (0.04 * AU33))) * ( 1 - AW33 ) -> 0.41064374 | AY33: =$BS$1 -> 0.24 | AZ33: =$BT$20 -> 0.6784 | BA33: =AX33 * AY33 * T33 * V33 * AZ33 -> 0 | BB33: =AX33*AY33*U33*W33*AZ33 -> 0.00031423905 | BC33: =BA33+BB33 -> 0.00031423905 | BD33: =L33*BC33*O33 -> 2.5806882 | BF33: =L33*AL33*O33 -> 173.15193
I34: Winter | J34: =J33 -> 0.5 | K34: =K33 -> 0.65 | L34: 80 | M34: 0 | N34: 0 | O34: =$BS$3 -> 91.25 | P34: 0 | Q34: 0.18 | R34: 0.72 | S34: 55 | T34: =1-U34 -> 0 | U34: =IF($D$11="yes", 1, VLOOKUP(B34, $BR$26:$BT$32, 1)) -> 1 | V34: =VLOOKUP($B$11,$BT$10:$BU$16, 2, FALSE) -> 0.72 | W34: =$BS$10 -> 0.0047 | X34: =IF(E34="yes",1,0) -> 0 | Y34: =$BS$4 -> 0.24 | Z34: =$BS$6 -> 0.011 | AA34: =$BS$5 -> 0.21 | AB34: =VLOOKUP($F$11,$BR$37:$BS$49,2,FALSE) -> 0.0059 | AC34: =(M34/100)*(MIN(N34,100)/100) -> 0 | AD34: =AC34 * 1.6 -> 0 | AE34: =J34 * K34 / 365 -> 0.00089041096 | AF34: =P34 * 0.92 -> 0 | AG34: 62 | AH34: =S34 / AG34 -> 0.88709677 | AI34: 0 | AJ34: =1.6 * AI34 -> 0 | AK34: =(0.045*AD34+AE34*0.84+ (AF34* ( (212 - 4*(AF34*1000/(4*AG34^0.75)-1))-((140 - 4 * (AF34*1000/(4*AG34^0.75)-1))/(1+EXP(-6*(AH34-0.4)))) ) )*10^-3 )/6.25 -> 0.00011967123 | AL34: =(AV34 / 6.25 ) - AK34 -> 0.035639365 | AM34: =IF($G$11="wet",$BU$18,$BU$19) -> 0.006 | AN34: =$BS$7 -> 1.57 | AO34: =$BV$1 -> 1.3 | AP34: =AC34*AO34+(1-AC34) -> 1 | AQ34: =(0.795*R34)-0.0014 -> 0.571 | AR34: 1.7 | AS34: =1 - EXP(-2*(AR34^2)) -> 0.99691128 | AT34: =(104.7*AQ34+0.307*S34-15)*(S34^0.75)*10^-3 -> 1.2454802 | AU34: =AT34*AS34*AP34 -> 1.2416332 | AV34: =(AU34 * Q34) + (0.045 * AJ34) -> 0.22349398 | AW34: =$BS$2 -> 0.08 | AX34: =(AU34 * ((1 - R34) + (0.04 * AU34))) * ( 1 - AW34 ) -> 0.37657755 | AY34: =$BS$1 -> 0.24 | AZ34: =$BT$20 -> 0.6784 | BA34: =AX34 * AY34 * T34 * V34 * AZ34 -> 0 | BB34: =AX34*AY34*U34*W34*AZ34 -> 0.0002881704 | BC34: =BA34+BB34 -> 0.0002881704 | BD34: =L34*BC34*O34 -> 2.1036439 | BF34: =L34*AL34*O34 -> 260.16737
BR36: EFN2O | BW36: A.1.4.4 | BX36: CPjk
BR37: Irrigated pasture | BS37: 0.0059 | BW37: Season | BX37: Class | BY37: ACT/NSW | BZ37: QLD | CA37: SA | CB37: TAS | CC37: VIC | CD37: WA | CE37: SeasonOrder | CH37: Column1 | CI37: Column2 | CJ37: Column3 | CK37: Column4 | CL37: Column5 | CM37: Column6 | CN37: Column7 | CO37: Column8
BR38: Irrigated crop | BS38: 0.007 | BW38: Spring | BX38: Breeding ewes | BY38: 0.2 | BZ38: 0.08 | CA38: 0.16 | CB38: 0.2 | CC38: 0.16 | CD38: 0.18 | CE38: 1 | CH38: State | CI38: Season | CJ38: Rams | CK38: Wethers | CL38: Maiden ewes | CM38: Breeding ewes | CN38: Other ewes | CO38: Lambs and hoggets
BR39: Non-irrigated pasture | BS39: 0.0018 | BW39: Summer | BX39: Breeding ewes | BY39: 0.1 | BZ39: 0.1 | CA39: 0.07 | CB39: 0.07 | CC39: 0.07 | CD39: 0.06 | CE39: 2 | CH39: ACT/NSW | CI39: Spring | CJ39: 0.2 | CK39: 0.2 | CL39: 0.2 | CM39: 0.2 | CN39: 0.2 | CO39: 0.2
BR40: Non-irrigated crop (low rainfall) | BS40: 0.0029 | BW40: Autumn | BX40: Breeding ewes | BY40: 0.12 | BZ40: 0.09 | CA40: 0.09 | CB40: 0.14 | CC40: 0.13 | CD40: 0.16 | CE40: 3 | CH40: ACT/NSW | CI40: Summer | CJ40: 0.1 | CK40: 0.1 | CL40: 0.1 | CM40: 0.1 | CN40: 0.1 | CO40: 0.1
BR41: Non-irrigated crop (high rainfall) | BS41: 0.008 | BW41: Winter | BX41: Breeding ewes | BY41: 0.18 | BZ41: 0.07 | CA41: 0.2 | CB41: 0.16 | CC41: 0.1 | CD41: 0.21 | CE41: 4 | CH41: ACT/NSW | CI41: Autumn | CJ41: 0.12 | CK41: 0.12 | CL41: 0.12 | CM41: 0.12 | CN41: 0.12 | CO41: 0.12
BR42: Sugar | BS42: 0.0199 | BW42: Spring | BX42: Lambs and hoggets | BY42: 0.2 | BZ42: 0.08 | CA42: 0.16 | CB42: 0.2 | CC42: 0.16 | CD42: 0.18 | CE42: 1 | CH42: ACT/NSW | CI42: Winter | CJ42: 0.18 | CK42: 0.18 | CL42: 0.18 | CM42: 0.18 | CN42: 0.18 | CO42: 0.18
BR43: Cotton | BS43: 0.0053 | BW43: Summer | BX43: Lambs and hoggets | BY43: 0.1 | BZ43: 0.1 | CA43: 0.07 | CB43: 0.07 | CC43: 0.07 | CD43: 0.06 | CE43: 2 | CH43: Queensland | CI43: Spring | CJ43: 0.08 | CK43: 0.08 | CL43: 0.08 | CM43: 0.08 | CN43: 0.08 | CO43: 0.08
BR44: Horticultural crops | BS44: 0.0064 | BW44: Autumn | BX44: Lambs and hoggets | BY44: 0.12 | BZ44: 0.09 | CA44: 0.09 | CB44: 0.14 | CC44: 0.13 | CD44: 0.16 | CE44: 3 | CH44: Queensland | CI44: Summer | CJ44: 0.1 | CK44: 0.1 | CL44: 0.1 | CM44: 0.1 | CN44: 0.1 | CO44: 0.1
BR45: Aquaculture | BS45: 0.0026 | BW45: Winter | BX45: Lambs and hoggets | BY45: 0.18 | BZ45: 0.07 | CA45: 0.2 | CB45: 0.16 | CC45: 0.1 | CD45: 0.21 | CE45: 4 | CH45: Queensland | CI45: Autumn | CJ45: 0.09 | CK45: 0.09 | CL45: 0.09 | CM45: 0.09 | CN45: 0.09 | CO45: 0.09
BR46: Rice (continuous flooding) | BS46: 0.003 | BW46: Spring | BX46: Maiden ewes | BY46: 0.2 | BZ46: 0.08 | CA46: 0.16 | CB46: 0.2 | CC46: 0.16 | CD46: 0.18 | CE46: 1 | CH46: Queensland | CI46: Winter | CJ46: 0.07 | CK46: 0.07 | CL46: 0.07 | CM46: 0.07 | CN46: 0.07 | CO46: 0.07
BR47: Rice (single and multiple drainage, or alternate wetting and drying) | BS47: 0.005 | BW47: Summer | BX47: Maiden ewes | BY47: 0.1 | BZ47: 0.1 | CA47: 0.07 | CB47: 0.07 | CC47: 0.07 | CD47: 0.06 | CE47: 2 | CH47: South Australia | CI47: Spring | CJ47: 0.16 | CK47: 0.16 | CL47: 0.16 | CM47: 0.16 | CN47: 0.16 | CO47: 0.16
BR48: Aquaculture | BS48: 0.0026 | BW48: Autumn | BX48: Maiden ewes | BY48: 0.12 | BZ48: 0.09 | CA48: 0.09 | CB48: 0.14 | CC48: 0.13 | CD48: 0.16 | CE48: 3 | CH48: South Australia | CI48: Summer | CJ48: 0.07 | CK48: 0.07 | CL48: 0.07 | CM48: 0.07 | CN48: 0.07 | CO48: 0.07
BR49: Forestry | BS49: 0.0018 | BW49: Winter | BX49: Maiden ewes | BY49: 0.18 | BZ49: 0.07 | CA49: 0.2 | CB49: 0.16 | CC49: 0.1 | CD49: 0.21 | CE49: 4 | CH49: South Australia | CI49: Autumn | CJ49: 0.09 | CK49: 0.09 | CL49: 0.09 | CM49: 0.09 | CN49: 0.09 | CO49: 0.09
BW50: Spring | BX50: Other ewes | BY50: 0.2 | BZ50: 0.08 | CA50: 0.16 | CB50: 0.2 | CC50: 0.16 | CD50: 0.18 | CE50: 1 | CH50: South Australia | CI50: Winter | CJ50: 0.2 | CK50: 0.2 | CL50: 0.2 | CM50: 0.2 | CN50: 0.2 | CO50: 0.2
BW51: Summer | BX51: Other ewes | BY51: 0.1 | BZ51: 0.1 | CA51: 0.07 | CB51: 0.07 | CC51: 0.07 | CD51: 0.06 | CE51: 2 | CH51: Tasmania | CI51: Spring | CJ51: 0.2 | CK51: 0.2 | CL51: 0.2 | CM51: 0.2 | CN51: 0.2 | CO51: 0.2
BW52: Autumn | BX52: Other ewes | BY52: 0.12 | BZ52: 0.09 | CA52: 0.09 | CB52: 0.14 | CC52: 0.13 | CD52: 0.06 | CE52: 3 | CH52: Tasmania | CI52: Summer | CJ52: 0.07 | CK52: 0.07 | CL52: 0.07 | CM52: 0.07 | CN52: 0.07 | CO52: 0.07
BW53: Winter | BX53: Other ewes | BY53: 0.18 | BZ53: 0.07 | CA53: 0.2 | CB53: 0.16 | CC53: 0.1 | CD53: 0.21 | CE53: 4 | CH53: Tasmania | CI53: Autumn | CJ53: 0.14 | CK53: 0.14 | CL53: 0.14 | CM53: 0.14 | CN53: 0.14 | CO53: 0.14
BW54: Spring | BX54: Rams | BY54: 0.2 | BZ54: 0.08 | CA54: 0.16 | CB54: 0.2 | CC54: 0.16 | CD54: 0.18 | CE54: 1 | CH54: Tasmania | CI54: Winter | CJ54: 0.16 | CK54: 0.16 | CL54: 0.16 | CM54: 0.16 | CN54: 0.16 | CO54: 0.16
BW55: Summer | BX55: Rams | BY55: 0.1 | BZ55: 0.1 | CA55: 0.07 | CB55: 0.07 | CC55: 0.07 | CD55: 0.06 | CE55: 2 | CH55: Victoria | CI55: Spring | CJ55: 0.16 | CK55: 0.16 | CL55: 0.16 | CM55: 0.16 | CN55: 0.16 | CO55: 0.16
BW56: Autumn | BX56: Rams | BY56: 0.12 | BZ56: 0.09 | CA56: 0.09 | CB56: 0.14 | CC56: 0.13 | CD56: 0.06 | CE56: 3 | CH56: Victoria | CI56: Summer | CJ56: 0.07 | CK56: 0.07 | CL56: 0.07 | CM56: 0.07 | CN56: 0.07 | CO56: 0.07
BW57: Winter | BX57: Rams | BY57: 0.18 | BZ57: 0.07 | CA57: 0.2 | CB57: 0.16 | CC57: 0.1 | CD57: 0.21 | CE57: 4 | CH57: Victoria | CI57: Autumn | CJ57: 0.13 | CK57: 0.13 | CL57: 0.13 | CM57: 0.13 | CN57: 0.13 | CO57: 0.13
BW58: Spring | BX58: Wethers | BY58: 0.2 | BZ58: 0.08 | CA58: 0.16 | CB58: 0.2 | CC58: 0.16 | CD58: 0.18 | CE58: 1 | CH58: Victoria | CI58: Winter | CJ58: 0.1 | CK58: 0.1 | CL58: 0.1 | CM58: 0.1 | CN58: 0.1 | CO58: 0.1
BW59: Summer | BX59: Wethers | BY59: 0.1 | BZ59: 0.1 | CA59: 0.07 | CB59: 0.07 | CC59: 0.07 | CD59: 0.06 | CE59: 2 | CH59: Western Australia | CI59: Spring | CJ59: 0.18 | CK59: 0.18 | CL59: 0.18 | CM59: 0.18 | CN59: 0.18 | CO59: 0.18
BW60: Autumn | BX60: Wethers | BY60: 0.12 | BZ60: 0.09 | CA60: 0.09 | CB60: 0.14 | CC60: 0.13 | CD60: 0.06 | CE60: 3 | CH60: Western Australia | CI60: Summer | CJ60: 0.06 | CK60: 0.06 | CL60: 0.06 | CM60: 0.06 | CN60: 0.06 | CO60: 0.06
BW61: Winter | BX61: Wethers | BY61: 0.18 | BZ61: 0.07 | CA61: 0.2 | CB61: 0.16 | CC61: 0.1 | CD61: 0.21 | CE61: 4 | CH61: Western Australia | CI61: Autumn | CJ61: 0.06 | CK61: 0.06 | CL61: 0.16 | CM61: 0.16 | CN61: 0.06 | CO61: 0.16
CH62: Western Australia | CI62: Winter | CJ62: 0.21 | CK62: 0.21 | CL62: 0.21 | CM62: 0.21 | CN62: 0.21 | CO62: 0.21
BW66: A.1.4.2 | BX66: DMDjk | CH66: Column1 | CI66: Column2 | CJ66: Column3 | CK66: Column4 | CL66: Column5 | CM66: Column6 | CN66: Column7 | CO66: Column8
BW67: Season | BX67: Class | BY67: ACT/NSW | BZ67: QLD | CA67: SA | CB67: TAS | CC67: VIC | CD67: WA | CE67: SeasonOrder | CH67: State | CI67: Season | CJ67: Rams | CK67: Wethers | CL67: Maiden ewes | CM67: Breeding ewes | CN67: Other ewes | CO67: Lambs and hoggets
BW68: Spring | BX68: Breeding ewes | BY68: 0.75 | BZ68: 0.51 | CA68: 0.7 | CB68: 0.75 | CC68: 0.7 | CD68: 0.73 | CE68: 1 | CH68: ACT/NSW | CI68: Spring | CJ68: 0.75 | CK68: 0.75 | CL68: 0.75 | CM68: 0.75 | CN68: 0.75 | CO68: 0.75
BW69: Summer | BX69: Breeding ewes | BY69: 0.61 | BZ69: 0.55 | CA69: 0.55 | CB69: 0.55 | CC69: 0.55 | CD69: 0.55 | CE69: 2 | CI69: Summer | CJ69: 0.61 | CK69: 0.61 | CL69: 0.61 | CM69: 0.61 | CN69: 0.61 | CO69: 0.61
BW70: Autumn | BX70: Breeding ewes | BY70: 0.64 | BZ70: 0.59 | CA70: 0.55 | CB70: 0.67 | CC70: 0.65 | CD70: 0.7 | CE70: 3 | CI70: Autumn | CJ70: 0.64 | CK70: 0.64 | CL70: 0.64 | CM70: 0.64 | CN70: 0.64 | CO70: 0.64
BW71: Winter | BX71: Breeding ewes | BY71: 0.72 | BZ71: 0.58 | CA71: 0.75 | CB71: 0.7 | CC71: 0.6 | CD71: 0.76 | CE71: 4 | CI71: Winter | CJ71: 0.72 | CK71: 0.72 | CL71: 0.72 | CM71: 0.72 | CN71: 0.72 | CO71: 0.72
BW72: Spring | BX72: Lambs and hoggets | BY72: 0.75 | BZ72: 0.51 | CA72: 0.7 | CB72: 0.75 | CC72: 0.7 | CD72: 0.73 | CE72: 1 | CH72: Queensland | CI72: Spring | CJ72: 0.51 | CK72: 0.51 | CL72: 0.51 | CM72: 0.51 | CN72: 0.51 | CO72: 0.51
BW73: Summer | BX73: Lambs and hoggets | BY73: 0.61 | BZ73: 0.55 | CA73: 0.55 | CB73: 0.55 | CC73: 0.55 | CD73: 0.55 | CE73: 2 | CI73: Summer | CJ73: 0.55 | CK73: 0.55 | CL73: 0.55 | CM73: 0.55 | CN73: 0.55 | CO73: 0.55
BW74: Autumn | BX74: Lambs and hoggets | BY74: 0.64 | BZ74: 0.59 | CA74: 0.55 | CB74: 0.67 | CC74: 0.65 | CD74: 0.7 | CE74: 3 | CI74: Autumn | CJ74: 0.59 | CK74: 0.59 | CL74: 0.59 | CM74: 0.59 | CN74: 0.59 | CO74: 0.59
BW75: Winter | BX75: Lambs and hoggets | BY75: 0.72 | BZ75: 0.58 | CA75: 0.75 | CB75: 0.7 | CC75: 0.6 | CD75: 0.76 | CE75: 4 | CI75: Winter | CJ75: 0.58 | CK75: 0.58 | CL75: 0.58 | CM75: 0.58 | CN75: 0.58 | CO75: 0.58
BW76: Spring | BX76: Maiden ewes | BY76: 0.75 | BZ76: 0.51 | CA76: 0.7 | CB76: 0.75 | CC76: 0.7 | CD76: 0.73 | CE76: 1 | CH76: South Australia | CI76: Spring | CJ76: 0.7 | CK76: 0.7 | CL76: 0.7 | CM76: 0.7 | CN76: 0.7 | CO76: 0.7
BW77: Summer | BX77: Maiden ewes | BY77: 0.61 | BZ77: 0.55 | CA77: 0.55 | CB77: 0.55 | CC77: 0.55 | CD77: 0.55 | CE77: 2 | CI77: Summer | CJ77: 0.55 | CK77: 0.55 | CL77: 0.55 | CM77: 0.55 | CN77: 0.55 | CO77: 0.55
BW78: Autumn | BX78: Maiden ewes | BY78: 0.64 | BZ78: 0.59 | CA78: 0.55 | CB78: 0.67 | CC78: 0.65 | CD78: 0.7 | CE78: 3 | CI78: Autumn | CJ78: 0.55 | CK78: 0.55 | CL78: 0.55 | CM78: 0.55 | CN78: 0.55 | CO78: 0.55
BW79: Winter | BX79: Maiden ewes | BY79: 0.72 | BZ79: 0.58 | CA79: 0.75 | CB79: 0.7 | CC79: 0.6 | CD79: 0.76 | CE79: 4 | CI79: Winter | CJ79: 0.75 | CK79: 0.75 | CL79: 0.75 | CM79: 0.75 | CN79: 0.75 | CO79: 0.75
BW80: Spring | BX80: Other ewes | BY80: 0.75 | BZ80: 0.51 | CA80: 0.7 | CB80: 0.75 | CC80: 0.7 | CD80: 0.73 | CE80: 1 | CH80: Tasmania | CI80: Spring | CJ80: 0.75 | CK80: 0.75 | CL80: 0.75 | CM80: 0.75 | CN80: 0.75 | CO80: 0.75
BW81: Summer | BX81: Other ewes | BY81: 0.61 | BZ81: 0.55 | CA81: 0.55 | CB81: 0.55 | CC81: 0.55 | CD81: 0.55 | CE81: 2 | CI81: Summer | CJ81: 0.55 | CK81: 0.55 | CL81: 0.55 | CM81: 0.55 | CN81: 0.55 | CO81: 0.55
BW82: Autumn | BX82: Other ewes | BY82: 0.64 | BZ82: 0.59 | CA82: 0.55 | CB82: 0.67 | CC82: 0.65 | CD82: 0.5 | CE82: 3 | CI82: Autumn | CJ82: 0.67 | CK82: 0.67 | CL82: 0.67 | CM82: 0.67 | CN82: 0.67 | CO82: 0.67
BW83: Winter | BX83: Other ewes | BY83: 0.72 | BZ83: 0.58 | CA83: 0.75 | CB83: 0.7 | CC83: 0.6 | CD83: 0.76 | CE83: 4 | CI83: Winter | CJ83: 0.7 | CK83: 0.7 | CL83: 0.7 | CM83: 0.7 | CN83: 0.7 | CO83: 0.7
BW84: Spring | BX84: Rams | BY84: 0.75 | BZ84: 0.51 | CA84: 0.7 | CB84: 0.75 | CC84: 0.7 | CD84: 0.73 | CE84: 1 | CH84: Victoria | CI84: Spring | CJ84: 0.7 | CK84: 0.7 | CL84: 0.7 | CM84: 0.7 | CN84: 0.7 | CO84: 0.7
BW85: Summer | BX85: Rams | BY85: 0.61 | BZ85: 0.55 | CA85: 0.55 | CB85: 0.55 | CC85: 0.55 | CD85: 0.55 | CE85: 2 | CI85: Summer | CJ85: 0.55 | CK85: 0.55 | CL85: 0.55 | CM85: 0.55 | CN85: 0.55 | CO85: 0.55
BW86: Autumn | BX86: Rams | BY86: 0.64 | BZ86: 0.59 | CA86: 0.55 | CB86: 0.67 | CC86: 0.65 | CD86: 0.5 | CE86: 3 | CI86: Autumn | CJ86: 0.65 | CK86: 0.65 | CL86: 0.65 | CM86: 0.65 | CN86: 0.65 | CO86: 0.65
BW87: Winter | BX87: Rams | BY87: 0.72 | BZ87: 0.58 | CA87: 0.75 | CB87: 0.7 | CC87: 0.6 | CD87: 0.76 | CE87: 4 | CI87: Winter | CJ87: 0.6 | CK87: 0.6 | CL87: 0.6 | CM87: 0.6 | CN87: 0.6 | CO87: 0.6
BW88: Spring | BX88: Wethers | BY88: 0.75 | BZ88: 0.51 | CA88: 0.7 | CB88: 0.75 | CC88: 0.7 | CD88: 0.73 | CE88: 1 | CH88: Western Australia | CI88: Spring | CJ88: 0.73 | CK88: 0.73 | CL88: 0.73 | CM88: 0.73 | CN88: 0.73 | CO88: 0.73
BW89: Summer | BX89: Wethers | BY89: 0.61 | BZ89: 0.55 | CA89: 0.55 | CB89: 0.55 | CC89: 0.55 | CD89: 0.55 | CE89: 2 | CI89: Summer | CJ89: 0.55 | CK89: 0.55 | CL89: 0.55 | CM89: 0.55 | CN89: 0.55 | CO89: 0.55
BW90: Autumn | BX90: Wethers | BY90: 0.64 | BZ90: 0.59 | CA90: 0.55 | CB90: 0.67 | CC90: 0.65 | CD90: 0.5 | CE90: 3 | CI90: Autumn | CJ90: 0.5 | CK90: 0.5 | CL90: 0.7 | CM90: 0.7 | CN90: 0.5 | CO90: 0.7
BW91: Winter | BX91: Wethers | BY91: 0.72 | BZ91: 0.58 | CA91: 0.75 | CB91: 0.7 | CC91: 0.6 | CD91: 0.76 | CE91: 4 | CI91: Winter | CJ91: 0.76 | CK91: 0.76 | CL91: 0.76 | CM91: 0.76 | CN91: 0.76 | CO91: 0.76
BW94: A.1.4.1 | BX94: Wjk
BW95: Season | BX95: Class | BY95: ACT/NSW | BZ95: QLD | CA95: SA | CB95: TAS | CC95: VIC | CD95: WA | CE95: SeasonOrder | CH95: Column1 | CI95: Column2 | CJ95: Column3 | CK95: Column4 | CL95: Column5 | CM95: Column6 | CN95: Column7 | CO95: Column8
BW96: Spring | BX96: Breeding ewes | BY96: 54 | BZ96: 40 | CA96: 55 | CB96: 50 | CC96: 55 | CD96: 55 | CE96: 1 | CH96: State | CI96: Season | CJ96: Rams | CK96: Wethers | CL96: Maiden ewes | CM96: Breeding ewes | CN96: Other ewes | CO96: Lambs and hoggets
BW97: Summer | BX97: Breeding ewes | BY97: 49 | BZ97: 45 | CA97: 55 | CB97: 50 | CC97: 50 | CD97: 50 | CE97: 2 | CH97: ACT/NSW | CI97: Spring | CJ97: 75 | CK97: 62 | CL97: 44 | CM97: 54 | CN97: 56 | CO97: 20
BW98: Autumn | BX98: Breeding ewes | BY98: 50 | BZ98: 45 | CA98: 55 | CB98: 50 | CC98: 48 | CD98: 45 | CE98: 3 | CI98: Summer | CJ98: 75 | CK98: 55 | CL98: 42 | CM98: 49 | CN98: 51 | CO98: 27
BW99: Winter | BX99: Breeding ewes | BY99: 50 | BZ99: 42 | CA99: 55 | CB99: 55 | CC99: 45 | CD99: 50 | CE99: 4 | CI99: Autumn | CJ99: 69 | CK99: 55 | CL99: 43 | CM99: 50 | CN99: 50 | CO99: 32
BW100: Spring | BX100: Lambs and hoggets | BY100: 20 | BZ100: 20 | CA100: 40 | CB100: 14 | CC100: 22 | CD100: 30 | CE100: 1 | CI100: Winter | CJ100: 69 | CK100: 55 | CL100: 45 | CM100: 50 | CN100: 51 | CO100: 34
BW101: Summer | BX101: Lambs and hoggets | BY101: 27 | BZ101: 25 | CA101: 45 | CB101: 24 | CC101: 28 | CD101: 30 | CE101: 2 | CH101: Queensland | CI101: Spring | CJ101: 58 | CK101: 50 | CL101: 35 | CM101: 40 | CN101: 45 | CO101: 20
BW102: Autumn | BX102: Lambs and hoggets | BY102: 32 | BZ102: 20 | CA102: 20 | CB102: 36 | CC102: 33 | CD102: 10 | CE102: 3 | CI102: Summer | CJ102: 61 | CK102: 55 | CL102: 40 | CM102: 45 | CN102: 50 | CO102: 25
BW103: Winter | BX103: Lambs and hoggets | BY103: 34 | BZ103: 25 | CA103: 30 | CB103: 42 | CC103: 35 | CD103: 20 | CE103: 4 | CI103: Autumn | CJ103: 63 | CK103: 55 | CL103: 40 | CM103: 45 | CN103: 50 | CO103: 20
BW104: Spring | BX104: Maiden ewes | BY104: 44 | BZ104: 35 | CA104: 52 | CB104: 45 | CC104: 50 | CD104: 50 | CE104: 1 | CI104: Winter | CJ104: 60 | CK104: 50 | CL104: 35 | CM104: 42 | CN104: 48 | CO104: 25
BW105: Summer | BX105: Maiden ewes | BY105: 42 | BZ105: 40 | CA105: 52 | CB105: 45 | CC105: 45 | CD105: 45 | CE105: 2 | CH105: South Australia | CI105: Spring | CJ105: 80 | CK105: 70 | CL105: 52 | CM105: 55 | CN105: 55 | CO105: 40
BW106: Autumn | BX106: Maiden ewes | BY106: 43 | BZ106: 40 | CA106: 52 | CB106: 45 | CC106: 43 | CD106: 40 | CE106: 3 | CI106: Summer | CJ106: 70 | CK106: 65 | CL106: 52 | CM106: 55 | CN106: 55 | CO106: 45
...

Sheet Backup
M1: 3.4.1 | N1: 3.4.1 | AC1: 3.4.1 321 | AP1: 3.4.1 | AS1: 3.4.1 | AT1: 3.4.1 | AU1: Ch 3.4.1 | BQ1: 1084 | BR1: Bo | BS1: 0.24 | BU1: FAk | BV1: 1.3
AD2: LEjk=3,4 * 1.6 | AE2: GWk * Yk / 365 | AF2: LWGjk * 0.92 | AH2: Wjk / SRWk | AJ2: 1.6 * PLjk=6 | AK2: ((0.045 * MPjk=3,4) + (WPk * 0.84) + (EBGjk * ((212 - 4 * ((EBGjk * 1000) / (4 * SRWk ^0.75) - 1)) - (140 - 4 * (EBGjk * 1000)) / (1 + e^-6 * (Zjk - 0.4)) * 10^-3) / 6.25 | AL2: (CPIjk ÷ 6.25 ) - NRjk | AV2: (Ijk * CPjk) + (0.045 * MCjk=6) | AX2: (Ijk * ((1 - DMDjk) + (0.04 * Ijk))) * ( 1 - A ) | BA2: VSjk * BO * MMSm * MCFim * 𝜌 | BC2: VSjk * BO * MMSm * MCFim * 𝜌 | BD2: SUM SUM SUM (Njk * Mjkm * Dj) * 10^-3 | BF2: SUM SUM (Njk * NEjk * Dj) | BH2: AE * FracGASMsoil | BI2: AE * FracWet * FracLEACH | BJ2: AE * EFPRP * CN2O * 10^-3 | BK2: Mvol * EFN2O * CN2O * 10^-3 | BL2: Mleach * EFleach * CN2O * 10^-3 | BQ2: 1087 | BR2: A | BS2: 0.08
J3: 1072 | K3: 1073 | L3: 1071 | M3: 342 | N3: 323 | O3: 1075 | P3: 1079 | Q3: 1078 | R3: 1077 | S3: 1081 | U3: 1085 | W3: 1082 | X3: 1092 | Y3: 1094 | Z3: 1095 | AA3: 1093 | AB3: 1091 | AC3: 1004 | AD3: 1003 | AE3: 1011 | AF3: 1017 | AG3: 1089 | AH3: 1021 | AI3: 990 | AJ3: 988 | AK3: 994 | AL3: 978 | AM3: 1090 | AN3: 1088 | AO3: 351 | AP3: 314 | AQ3: 302 | AR3: 349 | AS3: 308 | AT3: 296 | AU3: 946 | AV3: 983 | AW3: 1087 | AX3: 945 | AY3: 1084 | AZ3: 1086 | BA3: 930 | BC3: 930 | BD3: 922 | BF3: 970 | BH3: 1045 | BI3: 1062 | BJ3: 963 | BK3: 1037 | BL3: 1056 | BR3: Dj | BS3: 91.25
