Workbook
Name TableLWG: #REF!
Name TableLWG: #REF!
Name TableLWG: #REF!

Sheet 4.4.1.1 (original)
I1: 3.4.1 | J1: 3.4.1 | V1: 3.4.1 321 | Z1: 3.4.1 | AD1: 3.4.1 | AE1: 3.4.1 | AF1: Ch 3.4.1 | AT1: 1084 | AU1: Bo | AV1: 0.19 | AX1: FAk | AY1: 1.3
X2: 1.6 * PLjk=6 | AG2: (Ijk * CPjk) + (0.045 * MCjk=6) | AI2: (Ijk * ((1 - DMDjk) + (0.04 * Ijk))) * ( 1 - A ) | AL2: VSjk * BO * MMSm * MCFim * 𝜌 | AN2: VSjk * BO * MMSm * MCFim * 𝜌 | AO2: SUM SUM SUM (Njk * Mjkm * Dj) * 10^-3 | AT2: 1087 | AU2: A | AV2: 0.08
H3: 1071 | I3: 342 | J3: 323 | L3: 1075 | M3: 1078 | O3: 1077 | Q3: 1081 | S3: 1085 | U3: 1082 | V3: 1004 | W3: 990 | X3: 988 | Y3: 351 | Z3: 314 | AA3: 302 | AC3: 349 | AD3: 308 | AE3: 296 | AF3: 946 | AG3: 983 | AH3: 1087 | AI3: 945 | AJ3: 1084 | AK3: 1086 | AL3: 930 | AN3: 930 | AO3: 922 | AU3: Dj | AV3: 91.25
H4: input | L4: constant | M4: constant | O4: constant | Q4: constant | S4: constant | U4: constant | V4: constant | W4: expression | X4: expression | Y4: constant | Z4: expression | AA4: expression | AC4: constant | AD4: expression | AE4: expression | AF4: expression | AG4: expression | AH4: constant | AI4: expression | AJ4: constant | AK4: constant | AL4: expression | AN4: expression | AO4: expression | AT4: 1094 | AU4: FracLEACH | AV4: 0.24
L5: input | M5: input | O5: input | Q5: input | U5: input | AC5: input | AT5: 1093 | AU5: FracGASMSoil | AV5: 0.21
AT6: 1095 | AU6: EFLeach | AV6: 0.011
AT7: 1088 | AU7: CN2O | AV7: =44/28 -> 1.5714286
H8: head | L8: days | M8: d | O8: d | Q8: kg | S8: d | U8: d | V8: d | W8: d | X8: kg / head / day | AF8: kg DM/head/day | AG8: kg/head/day | AH8: d | AI8: kg/head/day | AJ8: m3 CH4/kgVS | AK8: kg/m3 | AL8: kg CH4/head/day | AN8: kg CH4/head/day | AO8: kg CH4
H9: number of sheep in each time period and class | I9: Lambing rate | J9: Lamb marking rate | L9: number of days in each time period | M9: crude protein content of feed intake | O9: dry matter digestibility | Q9: liveweight | S9: fraction of waste in each MMS | U9: methane conversion factor for temperate zone and MMS | V9: proportion of ewes lactating each season or time period | W9: Proportion of lambs born in the time period | X9: Milk intake | AF9: dry matter intake | AG9: crude protein intake | AH9: ash content of feed intake | AI9: volatile solid production | AJ9: emisions potential | AK9: density of methane | AL9: methane produced from manure | AN9: methane produced from manure | AO9: annual methane production from manure | AV9: MCF | AX9: Lagoon
A10: Scenario | B10: State | C10: State | D10: No unfenced water | E10: Class | G10: Month | H10: Njk | I10: LR | J10: LMR | K10: Custom Dj | L10: Dj | M10: CPjk | N10: Custom DMD | O10: DMDjk | P10: Custom liveweight | Q10: Wjk | R10: MMSm=1 | S10: MMSm=14 | T10: MCFim=1 | U10: MCFim=14 | V10: LEjk=3,4 | W10: PLjk=6 | X10: MCjk=6 | Y10: FAk | Z10: MAjk | AA10: qmjk | AB10: Custom DMA | AC10: DMAjk | AD10: RIjk | AE10: PIjk | AF10: Ijk | AG10: CPIjk | AH10: A | AI10: VSjk | AJ10: BO | AK10: 𝜌 | AL10: Mjkm=1 | AM10: Mjkm=14 | AN10: Mjk | AO10: ECH4 | AP10: ECH4 | AU10: PRP | AV10: 0.0047 | AW10: ACT | AX10: 0.72
A11: Baseline | B11: ACT | C11: ACT/NSW | D11: yes | E11: Breeding ewes | F11: Spring | H11: 100 | I11: 95 | J11: 90 | L11: =$AV$3 -> 91.25 | M11: {=_xludf.DROP(_xludf.XLOOKUP($C11,#REF!,#REF!),1)} -> #NAME? | O11: {=_xludf.DROP(_xludf.XLOOKUP($C11,#REF!,#REF!),1)} -> #NAME? | Q11: {=_xludf.DROP(_xludf.XLOOKUP($C11,#REF!,#REF!),1)} -> #NAME? | R11: =1-S11 -> 0 | S11: =IF($D$11="yes", 1, VLOOKUP($B$11, $AU$26:$AW$32, 1)) -> 1 | T11: =VLOOKUP($B$11,$AW$10:$AX$16, 2, FALSE) -> 0.72 | U11: =$AV$10 -> 0.0047 | V11: =(I11/100)*(MIN(J11,100)/100) -> 0.855 | W11: 0 | X11: =1.6 * W11 -> 0 | Y11: =$AY$1 -> 1.3 | Z11: =V11*Y11+(1-V11) -> 1.2565 | AA11: =(0.795*O11)-0.0014 -> #NAME? | AC11: {=_xludf.DROP(_xludf.XLOOKUP($C11,#REF!,#REF!),1)} -> #NAME? | AD11: =1 - EXP(-2*(AC11^2)) -> #NAME? | AE11: =(104.7*AA11+0.307*Q11-15)*(Q11^0.75)*10^-3 -> #NAME? | AF11: =AE11*AD11*Z11 -> #NAME? | AG11: =(AF11 * M11) + (0.045 * X11) -> #NAME? | AH11: =$AV$2 -> 0.08 | AI11: =(AF11 * ((1 - O11) + (0.04 * AF11))) * ( 1 - AH11 ) -> #NAME? | AJ11: =$AV$1 -> 0.19 | AK11: =$AW$20 -> 0.6784 | AL11: =AI11 * AJ11 * R11 * T11 * AK11 -> #NAME? | AM11: =AI11*AJ11*S11*U11*AK11 -> #NAME? | AN11: =AL11+AM11 -> #NAME? | AO11: =H11*AN11*L11 -> #NAME? | AP11: =SUM(AO11:AO34)*10^-3 -> #NAME? | AW11: NSW | AX11: 0.75
F12: Summer | H12: 70 | I12: 0 | J12: 0 | L12: =$AV$3 -> 91.25 | R12: =1-S12 -> 0 | S12: =IF($D$11="yes", 1, VLOOKUP($B$11, $AU$26:$AW$32, 1)) -> 1 | T12: =VLOOKUP($B$11,$AW$10:$AX$16, 2, FALSE) -> 0.72 | U12: =$AV$10 -> 0.0047 | V12: =(I12/100)*(MIN(J12,100)/100) -> 0 | W12: 0 | X12: =1.6 * W12 -> 0 | Y12: =$AY$1 -> 1.3 | Z12: =V12*Y12+(1-V12) -> 1 | AA12: =(0.795*O12)-0.0014 -> -0.0014 | AD12: =1 - EXP(-2*(AC12^2)) -> 0 | AE12: =(104.7*AA12+0.307*Q12-15)*(Q12^0.75)*10^-3 -> 0 | AF12: =AE12*AD12*Z12 -> 0 | AG12: =(AF12 * M12) + (0.045 * X12) -> 0 | AH12: =$AV$2 -> 0.08 | AI12: =(AF12 * ((1 - O12) + (0.04 * AF12))) * ( 1 - AH12 ) -> 0 | AJ12: =$AV$1 -> 0.19 | AK12: =$AW$20 -> 0.6784 | AL12: =AI12 * AJ12 * R12 * T12 * AK12 -> 0 | AM12: =AI12*AJ12*S12*U12*AK12 -> 0 | AN12: =AL12+AM12 -> 0 | AO12: =H12*AN12*L12 -> 0 | AW12: QLD | AX12: 0.78
F13: Autumn | H13: 65 | I13: 0 | J13: 0 | L13: =$AV$3 -> 91.25 | R13: =1-S13 -> 0 | S13: =IF($D$11="yes", 1, VLOOKUP($B$11, $AU$26:$AW$32, 1)) -> 1 | T13: =VLOOKUP($B$11,$AW$10:$AX$16, 2, FALSE) -> 0.72 | U13: =$AV$10 -> 0.0047 | V13: =(I13/100)*(MIN(J13,100)/100) -> 0 | W13: 0 | X13: =1.6 * W13 -> 0 | Y13: =$AY$1 -> 1.3 | Z13: =V13*Y13+(1-V13) -> 1 | AA13: =(0.795*O13)-0.0014 -> -0.0014 | AD13: =1 - EXP(-2*(AC13^2)) -> 0 | AE13: =(104.7*AA13+0.307*Q13-15)*(Q13^0.75)*10^-3 -> 0 | AF13: =AE13*AD13*Z13 -> 0 | AG13: =(AF13 * M13) + (0.045 * X13) -> 0 | AH13: =$AV$2 -> 0.08 | AI13: =(AF13 * ((1 - O13) + (0.04 * AF13))) * ( 1 - AH13 ) -> 0 | AJ13: =$AV$1 -> 0.19 | AK13: =$AW$20 -> 0.6784 | AL13: =AI13 * AJ13 * R13 * T13 * AK13 -> 0 | AM13: =AI13*AJ13*S13*U13*AK13 -> 0 | AN13: =AL13+AM13 -> 0 | AO13: =H13*AN13*L13 -> 0 | AW13: SA | AX13: 0.74
F14: Winter | H14: 80 | I14: 0 | J14: 0 | L14: =$AV$3 -> 91.25 | R14: =1-S14 -> 0 | S14: =IF($D$11="yes", 1, VLOOKUP($B$11, $AU$26:$AW$32, 1)) -> 1 | T14: =VLOOKUP($B$11,$AW$10:$AX$16, 2, FALSE) -> 0.72 | U14: =$AV$10 -> 0.0047 | V14: =(I14/100)*(MIN(J14,100)/100) -> 0 | W14: 0 | X14: =1.6 * W14 -> 0 | Y14: =$AY$1 -> 1.3 | Z14: =V14*Y14+(1-V14) -> 1 | AA14: =(0.795*O14)-0.0014 -> -0.0014 | AD14: =1 - EXP(-2*(AC14^2)) -> 0 | AE14: =(104.7*AA14+0.307*Q14-15)*(Q14^0.75)*10^-3 -> 0 | AF14: =AE14*AD14*Z14 -> 0 | AG14: =(AF14 * M14) + (0.045 * X14) -> 0 | AH14: =$AV$2 -> 0.08 | AI14: =(AF14 * ((1 - O14) + (0.04 * AF14))) * ( 1 - AH14 ) -> 0 | AJ14: =$AV$1 -> 0.19 | AK14: =$AW$20 -> 0.6784 | AL14: =AI14 * AJ14 * R14 * T14 * AK14 -> 0 | AM14: =AI14*AJ14*S14*U14*AK14 -> 0 | AN14: =AL14+AM14 -> 0 | AO14: =H14*AN14*L14 -> 0 | AW14: TAS | AX14: 0.69
E15: Lambs and hoggets | F15: Spring | H15: 200 | I15: 0 | J15: 0 | L15: =$AV$3 -> 91.25 | R15: =1-S15 -> 0 | S15: =IF($D$11="yes", 1, VLOOKUP($B$11, $AU$26:$AW$32, 1)) -> 1 | T15: =VLOOKUP($B$11,$AW$10:$AX$16, 2, FALSE) -> 0.72 | U15: =$AV$10 -> 0.0047 | V15: =(I15/100)*(MIN(J15,100)/100) -> 0 | W15: 1 | X15: =1.6 * W15 -> 1.6 | Y15: =$AY$1 -> 1.3 | Z15: =V15*Y15+(1-V15) -> 1 | AA15: =(0.795*O15)-0.0014 -> -0.0014 | AD15: =1 - EXP(-2*(AC15^2)) -> 0 | AE15: =(104.7*AA15+0.307*Q15-15)*(Q15^0.75)*10^-3 -> 0 | AF15: =AE15*AD15*Z15 -> 0 | AG15: =(AF15 * M15) + (0.045 * X15) -> 0.072 | AH15: =$AV$2 -> 0.08 | AI15: =(AF15 * ((1 - O15) + (0.04 * AF15))) * ( 1 - AH15 ) -> 0 | AJ15: =$AV$1 -> 0.19 | AK15: =$AW$20 -> 0.6784 | AL15: =AI15 * AJ15 * R15 * T15 * AK15 -> 0 | AM15: =AI15*AJ15*S15*U15*AK15 -> 0 | AN15: =AL15+AM15 -> 0 | AO15: =H15*AN15*L15 -> 0 | AW15: VIC | AX15: 0.73
F16: Summer | H16: 210 | I16: 0 | J16: 0 | L16: =$AV$3 -> 91.25 | R16: =1-S16 -> 0 | S16: =IF($D$11="yes", 1, VLOOKUP($B$11, $AU$26:$AW$32, 1)) -> 1 | T16: =VLOOKUP($B$11,$AW$10:$AX$16, 2, FALSE) -> 0.72 | U16: =$AV$10 -> 0.0047 | V16: =(I16/100)*(MIN(J16,100)/100) -> 0 | W16: 0 | X16: =1.6 * W16 -> 0 | Y16: =$AY$1 -> 1.3 | Z16: =V16*Y16+(1-V16) -> 1 | AA16: =(0.795*O16)-0.0014 -> -0.0014 | AD16: =1 - EXP(-2*(AC16^2)) -> 0 | AE16: =(104.7*AA16+0.307*Q16-15)*(Q16^0.75)*10^-3 -> 0 | AF16: =AE16*AD16*Z16 -> 0 | AG16: =(AF16 * M16) + (0.045 * X16) -> 0 | AH16: =$AV$2 -> 0.08 | AI16: =(AF16 * ((1 - O16) + (0.04 * AF16))) * ( 1 - AH16 ) -> 0 | AJ16: =$AV$1 -> 0.19 | AK16: =$AW$20 -> 0.6784 | AL16: =AI16 * AJ16 * R16 * T16 * AK16 -> 0 | AM16: =AI16*AJ16*S16*U16*AK16 -> 0 | AN16: =AL16+AM16 -> 0 | AO16: =H16*AN16*L16 -> 0 | AW16: WA | AX16: 0.76
F17: Autumn | H17: 170 | I17: 0 | J17: 0 | L17: =$AV$3 -> 91.25 | R17: =1-S17 -> 0 | S17: =IF($D$11="yes", 1, VLOOKUP($B$11, $AU$26:$AW$32, 1)) -> 1 | T17: =VLOOKUP($B$11,$AW$10:$AX$16, 2, FALSE) -> 0.72 | U17: =$AV$10 -> 0.0047 | V17: =(I17/100)*(MIN(J17,100)/100) -> 0 | W17: 0 | X17: =1.6 * W17 -> 0 | Y17: =$AY$1 -> 1.3 | Z17: =V17*Y17+(1-V17) -> 1 | AA17: =(0.795*O17)-0.0014 -> -0.0014 | AD17: =1 - EXP(-2*(AC17^2)) -> 0 | AE17: =(104.7*AA17+0.307*Q17-15)*(Q17^0.75)*10^-3 -> 0 | AF17: =AE17*AD17*Z17 -> 0 | AG17: =(AF17 * M17) + (0.045 * X17) -> 0 | AH17: =$AV$2 -> 0.08 | AI17: =(AF17 * ((1 - O17) + (0.04 * AF17))) * ( 1 - AH17 ) -> 0 | AJ17: =$AV$1 -> 0.19 | AK17: =$AW$20 -> 0.6784 | AL17: =AI17 * AJ17 * R17 * T17 * AK17 -> 0 | AM17: =AI17*AJ17*S17*U17*AK17 -> 0 | AN17: =AL17+AM17 -> 0 | AO17: =H17*AN17*L17 -> 0
F18: Winter | H18: 200 | I18: 0 | J18: 0 | L18: =$AV$3 -> 91.25 | R18: =1-S18 -> 0 | S18: =IF($D$11="yes", 1, VLOOKUP($B$11, $AU$26:$AW$32, 1)) -> 1 | T18: =VLOOKUP($B$11,$AW$10:$AX$16, 2, FALSE) -> 0.72 | U18: =$AV$10 -> 0.0047 | V18: =(I18/100)*(MIN(J18,100)/100) -> 0 | W18: 0 | X18: =1.6 * W18 -> 0 | Y18: =$AY$1 -> 1.3 | Z18: =V18*Y18+(1-V18) -> 1 | AA18: =(0.795*O18)-0.0014 -> -0.0014 | AD18: =1 - EXP(-2*(AC18^2)) -> 0 | AE18: =(104.7*AA18+0.307*Q18-15)*(Q18^0.75)*10^-3 -> 0 | AF18: =AE18*AD18*Z18 -> 0 | AG18: =(AF18 * M18) + (0.045 * X18) -> 0 | AH18: =$AV$2 -> 0.08 | AI18: =(AF18 * ((1 - O18) + (0.04 * AF18))) * ( 1 - AH18 ) -> 0 | AJ18: =$AV$1 -> 0.19 | AK18: =$AW$20 -> 0.6784 | AL18: =AI18 * AJ18 * R18 * T18 * AK18 -> 0 | AM18: =AI18*AJ18*S18*U18*AK18 -> 0 | AN18: =AL18+AM18 -> 0 | AO18: =H18*AN18*L18 -> 0 | AV18: EFPRP | AW18: wet | AX18: 0.006
E19: Maiden ewes | F19: Spring | H19: 100 | I19: 95 | J19: 92 | L19: =$AV$3 -> 91.25 | R19: =1-S19 -> 0 | S19: =IF($D$11="yes", 1, VLOOKUP($B$11, $AU$26:$AW$32, 1)) -> 1 | T19: =VLOOKUP($B$11,$AW$10:$AX$16, 2, FALSE) -> 0.72 | U19: =$AV$10 -> 0.0047 | V19: =(I19/100)*(MIN(J19,100)/100) -> 0.874 | W19: 0 | X19: =1.6 * W19 -> 0 | Y19: =$AY$1 -> 1.3 | Z19: =V19*Y19+(1-V19) -> 1.2622 | AA19: =(0.795*O19)-0.0014 -> -0.0014 | AD19: =1 - EXP(-2*(AC19^2)) -> 0 | AE19: =(104.7*AA19+0.307*Q19-15)*(Q19^0.75)*10^-3 -> 0 | AF19: =AE19*AD19*Z19 -> 0 | AG19: =(AF19 * M19) + (0.045 * X19) -> 0 | AH19: =$AV$2 -> 0.08 | AI19: =(AF19 * ((1 - O19) + (0.04 * AF19))) * ( 1 - AH19 ) -> 0 | AJ19: =$AV$1 -> 0.19 | AK19: =$AW$20 -> 0.6784 | AL19: =AI19 * AJ19 * R19 * T19 * AK19 -> 0 | AM19: =AI19*AJ19*S19*U19*AK19 -> 0 | AN19: =AL19+AM19 -> 0 | AO19: =H19*AN19*L19 -> 0 | AW19: dry | AX19: 0.002
F20: Summer | H20: 140 | I20: 0 | J20: 0 | L20: =$AV$3 -> 91.25 | R20: =1-S20 -> 0 | S20: =IF($D$11="yes", 1, VLOOKUP($B$11, $AU$26:$AW$32, 1)) -> 1 | T20: =VLOOKUP($B$11,$AW$10:$AX$16, 2, FALSE) -> 0.72 | U20: =$AV$10 -> 0.0047 | V20: =(I20/100)*(MIN(J20,100)/100) -> 0 | W20: 0 | X20: =1.6 * W20 -> 0 | Y20: =$AY$1 -> 1.3 | Z20: =V20*Y20+(1-V20) -> 1 | AA20: =(0.795*O20)-0.0014 -> -0.0014 | AD20: =1 - EXP(-2*(AC20^2)) -> 0 | AE20: =(104.7*AA20+0.307*Q20-15)*(Q20^0.75)*10^-3 -> 0 | AF20: =AE20*AD20*Z20 -> 0 | AG20: =(AF20 * M20) + (0.045 * X20) -> 0 | AH20: =$AV$2 -> 0.08 | AI20: =(AF20 * ((1 - O20) + (0.04 * AF20))) * ( 1 - AH20 ) -> 0 | AJ20: =$AV$1 -> 0.19 | AK20: =$AW$20 -> 0.6784 | AL20: =AI20 * AJ20 * R20 * T20 * AK20 -> 0 | AM20: =AI20*AJ20*S20*U20*AK20 -> 0 | AN20: =AL20+AM20 -> 0 | AO20: =H20*AN20*L20 -> 0 | AV20: p | AW20: 0.6784
F21: Autumn | H21: 135 | I21: 0 | J21: 0 | L21: =$AV$3 -> 91.25 | R21: =1-S21 -> 0 | S21: =IF($D$11="yes", 1, VLOOKUP($B$11, $AU$26:$AW$32, 1)) -> 1 | T21: =VLOOKUP($B$11,$AW$10:$AX$16, 2, FALSE) -> 0.72 | U21: =$AV$10 -> 0.0047 | V21: =(I21/100)*(MIN(J21,100)/100) -> 0 | W21: 0 | X21: =1.6 * W21 -> 0 | Y21: =$AY$1 -> 1.3 | Z21: =V21*Y21+(1-V21) -> 1 | AA21: =(0.795*O21)-0.0014 -> -0.0014 | AD21: =1 - EXP(-2*(AC21^2)) -> 0 | AE21: =(104.7*AA21+0.307*Q21-15)*(Q21^0.75)*10^-3 -> 0 | AF21: =AE21*AD21*Z21 -> 0 | AG21: =(AF21 * M21) + (0.045 * X21) -> 0 | AH21: =$AV$2 -> 0.08 | AI21: =(AF21 * ((1 - O21) + (0.04 * AF21))) * ( 1 - AH21 ) -> 0 | AJ21: =$AV$1 -> 0.19 | AK21: =$AW$20 -> 0.6784 | AL21: =AI21 * AJ21 * R21 * T21 * AK21 -> 0 | AM21: =AI21*AJ21*S21*U21*AK21 -> 0 | AN21: =AL21+AM21 -> 0 | AO21: =H21*AN21*L21 -> 0
F22: Winter | H22: 130 | I22: 0 | J22: 0 | L22: =$AV$3 -> 91.25 | R22: =1-S22 -> 0 | S22: =IF($D$11="yes", 1, VLOOKUP($B$11, $AU$26:$AW$32, 1)) -> 1 | T22: =VLOOKUP($B$11,$AW$10:$AX$16, 2, FALSE) -> 0.72 | U22: =$AV$10 -> 0.0047 | V22: =(I22/100)*(MIN(J22,100)/100) -> 0 | W22: 0 | X22: =1.6 * W22 -> 0 | Y22: =$AY$1 -> 1.3 | Z22: =V22*Y22+(1-V22) -> 1 | AA22: =(0.795*O22)-0.0014 -> -0.0014 | AD22: =1 - EXP(-2*(AC22^2)) -> 0 | AE22: =(104.7*AA22+0.307*Q22-15)*(Q22^0.75)*10^-3 -> 0 | AF22: =AE22*AD22*Z22 -> 0 | AG22: =(AF22 * M22) + (0.045 * X22) -> 0 | AH22: =$AV$2 -> 0.08 | AI22: =(AF22 * ((1 - O22) + (0.04 * AF22))) * ( 1 - AH22 ) -> 0 | AJ22: =$AV$1 -> 0.19 | AK22: =$AW$20 -> 0.6784 | AL22: =AI22 * AJ22 * R22 * T22 * AK22 -> 0 | AM22: =AI22*AJ22*S22*U22*AK22 -> 0 | AN22: =AL22+AM22 -> 0 | AO22: =H22*AN22*L22 -> 0
E23: Other ewes | F23: Spring | H23: 200 | I23: 0 | J23: 0 | L23: =$AV$3 -> 91.25 | R23: =1-S23 -> 0 | S23: =IF($D$11="yes", 1, VLOOKUP($B$11, $AU$26:$AW$32, 1)) -> 1 | T23: =VLOOKUP($B$11,$AW$10:$AX$16, 2, FALSE) -> 0.72 | U23: =$AV$10 -> 0.0047 | V23: =(I23/100)*(MIN(J23,100)/100) -> 0 | W23: 0 | X23: =1.6 * W23 -> 0 | Y23: =$AY$1 -> 1.3 | Z23: =V23*Y23+(1-V23) -> 1 | AA23: =(0.795*O23)-0.0014 -> -0.0014 | AD23: =1 - EXP(-2*(AC23^2)) -> 0 | AE23: =(104.7*AA23+0.307*Q23-15)*(Q23^0.75)*10^-3 -> 0 | AF23: =AE23*AD23*Z23 -> 0 | AG23: =(AF23 * M23) + (0.045 * X23) -> 0 | AH23: =$AV$2 -> 0.08 | AI23: =(AF23 * ((1 - O23) + (0.04 * AF23))) * ( 1 - AH23 ) -> 0 | AJ23: =$AV$1 -> 0.19 | AK23: =$AW$20 -> 0.6784 | AL23: =AI23 * AJ23 * R23 * T23 * AK23 -> 0 | AM23: =AI23*AJ23*S23*U23*AK23 -> 0 | AN23: =AL23+AM23 -> 0 | AO23: =H23*AN23*L23 -> 0
F24: Summer | H24: 210 | I24: 0 | J24: 0 | L24: =$AV$3 -> 91.25 | R24: =1-S24 -> 0 | S24: =IF($D$11="yes", 1, VLOOKUP($B$11, $AU$26:$AW$32, 1)) -> 1 | T24: =VLOOKUP($B$11,$AW$10:$AX$16, 2, FALSE) -> 0.72 | U24: =$AV$10 -> 0.0047 | V24: =(I24/100)*(MIN(J24,100)/100) -> 0 | W24: 0 | X24: =1.6 * W24 -> 0 | Y24: =$AY$1 -> 1.3 | Z24: =V24*Y24+(1-V24) -> 1 | AA24: =(0.795*O24)-0.0014 -> -0.0014 | AD24: =1 - EXP(-2*(AC24^2)) -> 0 | AE24: =(104.7*AA24+0.307*Q24-15)*(Q24^0.75)*10^-3 -> 0 | AF24: =AE24*AD24*Z24 -> 0 | AG24: =(AF24 * M24) + (0.045 * X24) -> 0 | AH24: =$AV$2 -> 0.08 | AI24: =(AF24 * ((1 - O24) + (0.04 * AF24))) * ( 1 - AH24 ) -> 0 | AJ24: =$AV$1 -> 0.19 | AK24: =$AW$20 -> 0.6784 | AL24: =AI24 * AJ24 * R24 * T24 * AK24 -> 0 | AM24: =AI24*AJ24*S24*U24*AK24 -> 0 | AN24: =AL24+AM24 -> 0 | AO24: =H24*AN24*L24 -> 0
F25: Autumn | H25: 190 | I25: 0 | J25: 0 | L25: =$AV$3 -> 91.25 | R25: =1-S25 -> 0 | S25: =IF($D$11="yes", 1, VLOOKUP($B$11, $AU$26:$AW$32, 1)) -> 1 | T25: =VLOOKUP($B$11,$AW$10:$AX$16, 2, FALSE) -> 0.72 | U25: =$AV$10 -> 0.0047 | V25: =(I25/100)*(MIN(J25,100)/100) -> 0 | W25: 0 | X25: =1.6 * W25 -> 0 | Y25: =$AY$1 -> 1.3 | Z25: =V25*Y25+(1-V25) -> 1 | AA25: =(0.795*O25)-0.0014 -> -0.0014 | AD25: =1 - EXP(-2*(AC25^2)) -> 0 | AE25: =(104.7*AA25+0.307*Q25-15)*(Q25^0.75)*10^-3 -> 0 | AF25: =AE25*AD25*Z25 -> 0 | AG25: =(AF25 * M25) + (0.045 * X25) -> 0 | AH25: =$AV$2 -> 0.08 | AI25: =(AF25 * ((1 - O25) + (0.04 * AF25))) * ( 1 - AH25 ) -> 0 | AJ25: =$AV$1 -> 0.19 | AK25: =$AW$20 -> 0.6784 | AL25: =AI25 * AJ25 * R25 * T25 * AK25 -> 0 | AM25: =AI25*AJ25*S25*U25*AK25 -> 0 | AN25: =AL25+AM25 -> 0 | AO25: =H25*AN25*L25 -> 0 | AU25: MMS
F26: Winter | H26: 180 | I26: 0 | J26: 0 | L26: =$AV$3 -> 91.25 | R26: =1-S26 -> 0 | S26: =IF($D$11="yes", 1, VLOOKUP($B$11, $AU$26:$AW$32, 1)) -> 1 | T26: =VLOOKUP($B$11,$AW$10:$AX$16, 2, FALSE) -> 0.72 | U26: =$AV$10 -> 0.0047 | V26: =(I26/100)*(MIN(J26,100)/100) -> 0 | W26: 0 | X26: =1.6 * W26 -> 0 | Y26: =$AY$1 -> 1.3 | Z26: =V26*Y26+(1-V26) -> 1 | AA26: =(0.795*O26)-0.0014 -> -0.0014 | AD26: =1 - EXP(-2*(AC26^2)) -> 0 | AE26: =(104.7*AA26+0.307*Q26-15)*(Q26^0.75)*10^-3 -> 0 | AF26: =AE26*AD26*Z26 -> 0 | AG26: =(AF26 * M26) + (0.045 * X26) -> 0 | AH26: =$AV$2 -> 0.08 | AI26: =(AF26 * ((1 - O26) + (0.04 * AF26))) * ( 1 - AH26 ) -> 0 | AJ26: =$AV$1 -> 0.19 | AK26: =$AW$20 -> 0.6784 | AL26: =AI26 * AJ26 * R26 * T26 * AK26 -> 0 | AM26: =AI26*AJ26*S26*U26*AK26 -> 0 | AN26: =AL26+AM26 -> 0 | AO26: =H26*AN26*L26 -> 0 | AU26: ACT | AV26: 99.25 | AW26: 0.75
E27: Rams | F27: Spring | H27: 50 | I27: 0 | J27: 0 | L27: =$AV$3 -> 91.25 | R27: =1-S27 -> 0 | S27: =IF($D$11="yes", 1, VLOOKUP($B$11, $AU$26:$AW$32, 1)) -> 1 | T27: =VLOOKUP($B$11,$AW$10:$AX$16, 2, FALSE) -> 0.72 | U27: =$AV$10 -> 0.0047 | V27: =(I27/100)*(MIN(J27,100)/100) -> 0 | W27: 0 | X27: =1.6 * W27 -> 0 | Y27: =$AY$1 -> 1.3 | Z27: =V27*Y27+(1-V27) -> 1 | AA27: =(0.795*O27)-0.0014 -> -0.0014 | AD27: =1 - EXP(-2*(AC27^2)) -> 0 | AE27: =(104.7*AA27+0.307*Q27-15)*(Q27^0.75)*10^-3 -> 0 | AF27: =AE27*AD27*Z27 -> 0 | AG27: =(AF27 * M27) + (0.045 * X27) -> 0 | AH27: =$AV$2 -> 0.08 | AI27: =(AF27 * ((1 - O27) + (0.04 * AF27))) * ( 1 - AH27 ) -> 0 | AJ27: =$AV$1 -> 0.19 | AK27: =$AW$20 -> 0.6784 | AL27: =AI27 * AJ27 * R27 * T27 * AK27 -> 0 | AM27: =AI27*AJ27*S27*U27*AK27 -> 0 | AN27: =AL27+AM27 -> 0 | AO27: =H27*AN27*L27 -> 0 | AU27: NSW | AV27: 99.55 | AW27: 0.45
F28: Summer | H28: 55 | I28: 0 | J28: 0 | L28: =$AV$3 -> 91.25 | R28: =1-S28 -> 0 | S28: =IF($D$11="yes", 1, VLOOKUP($B$11, $AU$26:$AW$32, 1)) -> 1 | T28: =VLOOKUP($B$11,$AW$10:$AX$16, 2, FALSE) -> 0.72 | U28: =$AV$10 -> 0.0047 | V28: =(I28/100)*(MIN(J28,100)/100) -> 0 | W28: 0 | X28: =1.6 * W28 -> 0 | Y28: =$AY$1 -> 1.3 | Z28: =V28*Y28+(1-V28) -> 1 | AA28: =(0.795*O28)-0.0014 -> -0.0014 | AD28: =1 - EXP(-2*(AC28^2)) -> 0 | AE28: =(104.7*AA28+0.307*Q28-15)*(Q28^0.75)*10^-3 -> 0 | AF28: =AE28*AD28*Z28 -> 0 | AG28: =(AF28 * M28) + (0.045 * X28) -> 0 | AH28: =$AV$2 -> 0.08 | AI28: =(AF28 * ((1 - O28) + (0.04 * AF28))) * ( 1 - AH28 ) -> 0 | AJ28: =$AV$1 -> 0.19 | AK28: =$AW$20 -> 0.6784 | AL28: =AI28 * AJ28 * R28 * T28 * AK28 -> 0 | AM28: =AI28*AJ28*S28*U28*AK28 -> 0 | AN28: =AL28+AM28 -> 0 | AO28: =H28*AN28*L28 -> 0 | AU28: QLD | AV28: 99.91 | AW28: 0.09
F29: Autumn | H29: 60 | I29: 0 | J29: 0 | L29: =$AV$3 -> 91.25 | R29: =1-S29 -> 0 | S29: =IF($D$11="yes", 1, VLOOKUP($B$11, $AU$26:$AW$32, 1)) -> 1 | T29: =VLOOKUP($B$11,$AW$10:$AX$16, 2, FALSE) -> 0.72 | U29: =$AV$10 -> 0.0047 | V29: =(I29/100)*(MIN(J29,100)/100) -> 0 | W29: 0 | X29: =1.6 * W29 -> 0 | Y29: =$AY$1 -> 1.3 | Z29: =V29*Y29+(1-V29) -> 1 | AA29: =(0.795*O29)-0.0014 -> -0.0014 | AD29: =1 - EXP(-2*(AC29^2)) -> 0 | AE29: =(104.7*AA29+0.307*Q29-15)*(Q29^0.75)*10^-3 -> 0 | AF29: =AE29*AD29*Z29 -> 0 | AG29: =(AF29 * M29) + (0.045 * X29) -> 0 | AH29: =$AV$2 -> 0.08 | AI29: =(AF29 * ((1 - O29) + (0.04 * AF29))) * ( 1 - AH29 ) -> 0 | AJ29: =$AV$1 -> 0.19 | AK29: =$AW$20 -> 0.6784 | AL29: =AI29 * AJ29 * R29 * T29 * AK29 -> 0 | AM29: =AI29*AJ29*S29*U29*AK29 -> 0 | AN29: =AL29+AM29 -> 0 | AO29: =H29*AN29*L29 -> 0 | AU29: SA | AV29: 99.74 | AW29: 0.26
F30: Winter | H30: 65 | I30: 0 | J30: 0 | L30: =$AV$3 -> 91.25 | R30: =1-S30 -> 0 | S30: =IF($D$11="yes", 1, VLOOKUP($B$11, $AU$26:$AW$32, 1)) -> 1 | T30: =VLOOKUP($B$11,$AW$10:$AX$16, 2, FALSE) -> 0.72 | U30: =$AV$10 -> 0.0047 | V30: =(I30/100)*(MIN(J30,100)/100) -> 0 | W30: 0 | X30: =1.6 * W30 -> 0 | Y30: =$AY$1 -> 1.3 | Z30: =V30*Y30+(1-V30) -> 1 | AA30: =(0.795*O30)-0.0014 -> -0.0014 | AD30: =1 - EXP(-2*(AC30^2)) -> 0 | AE30: =(104.7*AA30+0.307*Q30-15)*(Q30^0.75)*10^-3 -> 0 | AF30: =AE30*AD30*Z30 -> 0 | AG30: =(AF30 * M30) + (0.045 * X30) -> 0 | AH30: =$AV$2 -> 0.08 | AI30: =(AF30 * ((1 - O30) + (0.04 * AF30))) * ( 1 - AH30 ) -> 0 | AJ30: =$AV$1 -> 0.19 | AK30: =$AW$20 -> 0.6784 | AL30: =AI30 * AJ30 * R30 * T30 * AK30 -> 0 | AM30: =AI30*AJ30*S30*U30*AK30 -> 0 | AN30: =AL30+AM30 -> 0 | AO30: =H30*AN30*L30 -> 0 | AU30: TAS | AV30: 99.5 | AW30: 0.5
E31: Wethers | F31: Spring | H31: 50 | I31: 0 | J31: 0 | L31: =$AV$3 -> 91.25 | R31: =1-S31 -> 0 | S31: =IF($D$11="yes", 1, VLOOKUP($B$11, $AU$26:$AW$32, 1)) -> 1 | T31: =VLOOKUP($B$11,$AW$10:$AX$16, 2, FALSE) -> 0.72 | U31: =$AV$10 -> 0.0047 | V31: =(I31/100)*(MIN(J31,100)/100) -> 0 | W31: 0 | X31: =1.6 * W31 -> 0 | Y31: =$AY$1 -> 1.3 | Z31: =V31*Y31+(1-V31) -> 1 | AA31: =(0.795*O31)-0.0014 -> -0.0014 | AD31: =1 - EXP(-2*(AC31^2)) -> 0 | AE31: =(104.7*AA31+0.307*Q31-15)*(Q31^0.75)*10^-3 -> 0 | AF31: =AE31*AD31*Z31 -> 0 | AG31: =(AF31 * M31) + (0.045 * X31) -> 0 | AH31: =$AV$2 -> 0.08 | AI31: =(AF31 * ((1 - O31) + (0.04 * AF31))) * ( 1 - AH31 ) -> 0 | AJ31: =$AV$1 -> 0.19 | AK31: =$AW$20 -> 0.6784 | AL31: =AI31 * AJ31 * R31 * T31 * AK31 -> 0 | AM31: =AI31*AJ31*S31*U31*AK31 -> 0 | AN31: =AL31+AM31 -> 0 | AO31: =H31*AN31*L31 -> 0 | AU31: VIC | AV31: 99.17 | AW31: 0.83
F32: Summer | H32: 100 | I32: 0 | J32: 0 | L32: =$AV$3 -> 91.25 | R32: =1-S32 -> 0 | S32: =IF($D$11="yes", 1, VLOOKUP($B$11, $AU$26:$AW$32, 1)) -> 1 | T32: =VLOOKUP($B$11,$AW$10:$AX$16, 2, FALSE) -> 0.72 | U32: =$AV$10 -> 0.0047 | V32: =(I32/100)*(MIN(J32,100)/100) -> 0 | W32: 0 | X32: =1.6 * W32 -> 0 | Y32: =$AY$1 -> 1.3 | Z32: =V32*Y32+(1-V32) -> 1 | AA32: =(0.795*O32)-0.0014 -> -0.0014 | AD32: =1 - EXP(-2*(AC32^2)) -> 0 | AE32: =(104.7*AA32+0.307*Q32-15)*(Q32^0.75)*10^-3 -> 0 | AF32: =AE32*AD32*Z32 -> 0 | AG32: =(AF32 * M32) + (0.045 * X32) -> 0 | AH32: =$AV$2 -> 0.08 | AI32: =(AF32 * ((1 - O32) + (0.04 * AF32))) * ( 1 - AH32 ) -> 0 | AJ32: =$AV$1 -> 0.19 | AK32: =$AW$20 -> 0.6784 | AL32: =AI32 * AJ32 * R32 * T32 * AK32 -> 0 | AM32: =AI32*AJ32*S32*U32*AK32 -> 0 | AN32: =AL32+AM32 -> 0 | AO32: =H32*AN32*L32 -> 0 | AU32: WA | AV32: 99.59 | AW32: 0.41
F33: Autumn | H33: 90 | I33: 0 | J33: 0 | L33: =$AV$3 -> 91.25 | R33: =1-S33 -> 0 | S33: =IF($D$11="yes", 1, VLOOKUP($B$11, $AU$26:$AW$32, 1)) -> 1 | T33: =VLOOKUP($B$11,$AW$10:$AX$16, 2, FALSE) -> 0.72 | U33: =$AV$10 -> 0.0047 | V33: =(I33/100)*(MIN(J33,100)/100) -> 0 | W33: 0 | X33: =1.6 * W33 -> 0 | Y33: =$AY$1 -> 1.3 | Z33: =V33*Y33+(1-V33) -> 1 | AA33: =(0.795*O33)-0.0014 -> -0.0014 | AD33: =1 - EXP(-2*(AC33^2)) -> 0 | AE33: =(104.7*AA33+0.307*Q33-15)*(Q33^0.75)*10^-3 -> 0 | AF33: =AE33*AD33*Z33 -> 0 | AG33: =(AF33 * M33) + (0.045 * X33) -> 0 | AH33: =$AV$2 -> 0.08 | AI33: =(AF33 * ((1 - O33) + (0.04 * AF33))) * ( 1 - AH33 ) -> 0 | AJ33: =$AV$1 -> 0.19 | AK33: =$AW$20 -> 0.6784 | AL33: =AI33 * AJ33 * R33 * T33 * AK33 -> 0 | AM33: =AI33*AJ33*S33*U33*AK33 -> 0 | AN33: =AL33+AM33 -> 0 | AO33: =H33*AN33*L33 -> 0
F34: Winter | H34: 80 | I34: 0 | J34: 0 | L34: =$AV$3 -> 91.25 | R34: =1-S34 -> 0 | S34: =IF($D$11="yes", 1, VLOOKUP($B$11, $AU$26:$AW$32, 1)) -> 1 | T34: =VLOOKUP($B$11,$AW$10:$AX$16, 2, FALSE) -> 0.72 | U34: =$AV$10 -> 0.0047 | V34: =(I34/100)*(MIN(J34,100)/100) -> 0 | W34: 0 | X34: =1.6 * W34 -> 0 | Y34: =$AY$1 -> 1.3 | Z34: =V34*Y34+(1-V34) -> 1 | AA34: =(0.795*O34)-0.0014 -> -0.0014 | AD34: =1 - EXP(-2*(AC34^2)) -> 0 | AE34: =(104.7*AA34+0.307*Q34-15)*(Q34^0.75)*10^-3 -> 0 | AF34: =AE34*AD34*Z34 -> 0 | AG34: =(AF34 * M34) + (0.045 * X34) -> 0 | AH34: =$AV$2 -> 0.08 | AI34: =(AF34 * ((1 - O34) + (0.04 * AF34))) * ( 1 - AH34 ) -> 0 | AJ34: =$AV$1 -> 0.19 | AK34: =$AW$20 -> 0.6784 | AL34: =AI34 * AJ34 * R34 * T34 * AK34 -> 0 | AM34: =AI34*AJ34*S34*U34*AK34 -> 0 | AN34: =AL34+AM34 -> 0 | AO34: =H34*AN34*L34 -> 0
AU36: EFN2O
AU37: Irrigated pasture | AV37: 0.0059
AU38: Irrigated crop | AV38: 0.007
AU39: Non-irrigated pasture | AV39: 0.0018
AU40: Non-irrigated crop (low rainfall) | AV40: 0.0029
A41: NSW | B41: NSW | C41: ACT/NSW | D41: no | E41: Breeding ewes | F41: Spring | H41: 100 | I41: 95 | J41: 90 | L41: =$AV$3 -> 91.25 | M41: {=_xludf.DROP(_xludf.XLOOKUP($C41,#REF!,#REF!),1)} -> #NAME? | O41: {=_xludf.DROP(_xludf.XLOOKUP($C41,#REF!,#REF!),1)} -> #NAME? | Q41: {=_xludf.DROP(_xludf.XLOOKUP($C41,#REF!,#REF!),1)} -> #NAME? | R41: =1-S41 -> 0.0045 | S41: =IF($D41="yes", 1, VLOOKUP($B41, $AU$26:$AW$32, 2, FALSE)/100) -> 0.9955 | T41: =VLOOKUP($B41,$AW$10:$AX$16, 2, FALSE) -> 0.75 | U41: =$AV$10 -> 0.0047 | V41: =(I41/100)*(MIN(J41,100)/100) -> 0.855 | W41: 0 | X41: =1.6 * W41 -> 0 | Y41: =$AY$1 -> 1.3 | Z41: =V41*Y41+(1-V41) -> 1.2565 | AA41: =(0.795*O41)-0.0014 -> #NAME? | AC41: {=_xludf.DROP(_xludf.XLOOKUP($C41,#REF!,#REF!),1)} -> #NAME? | AD41: =1 - EXP(-2*(AC41^2)) -> #NAME? | AE41: =(104.7*AA41+0.307*Q41-15)*(Q41^0.75)*10^-3 -> #NAME? | AF41: =AE41*AD41*Z41 -> #NAME? | AG41: =(AF41 * M41) + (0.045 * X41) -> #NAME? | AH41: =$AV$2 -> 0.08 | AI41: =(AF41 * ((1 - O41) + (0.04 * AF41))) * ( 1 - AH41 ) -> #NAME? | AJ41: =$AV$1 -> 0.19 | AK41: =$AW$20 -> 0.6784 | AL41: =AI41 * AJ41 * R41 * T41 * AK41 -> #NAME? | AM41: =AI41*AJ41*S41*U41*AK41 -> #NAME? | AN41: =AL41+AM41 -> #NAME? | AO41: =H41*AN41*L41 -> #NAME? | AP41: =SUM(AO41:AO64)*10^-3 -> #NAME? | AU41: Non-irrigated crop (high rainfall) | AV41: 0.008
F42: Summer | H42: 70 | I42: 0 | J42: 0 | L42: =$AV$3 -> 91.25 | R42: =1-S42 -> 0.0045 | S42: =S41 -> 0.9955 | T42: =T41 -> 0.75 | U42: =$AV$10 -> 0.0047 | V42: =(I42/100)*(MIN(J42,100)/100) -> 0 | W42: 0 | X42: =1.6 * W42 -> 0 | Y42: =$AY$1 -> 1.3 | Z42: =V42*Y42+(1-V42) -> 1 | AA42: =(0.795*O42)-0.0014 -> -0.0014 | AD42: =1 - EXP(-2*(AC42^2)) -> 0 | AE42: =(104.7*AA42+0.307*Q42-15)*(Q42^0.75)*10^-3 -> 0 | AF42: =AE42*AD42*Z42 -> 0 | AG42: =(AF42 * M42) + (0.045 * X42) -> 0 | AH42: =$AV$2 -> 0.08 | AI42: =(AF42 * ((1 - O42) + (0.04 * AF42))) * ( 1 - AH42 ) -> 0 | AJ42: =$AV$1 -> 0.19 | AK42: =$AW$20 -> 0.6784 | AL42: =AI42 * AJ42 * R42 * T42 * AK42 -> 0 | AM42: =AI42*AJ42*S42*U42*AK42 -> 0 | AN42: =AL42+AM42 -> 0 | AO42: =H42*AN42*L42 -> 0 | AU42: Sugar | AV42: 0.0199
F43: Autumn | H43: 65 | I43: 0 | J43: 0 | L43: =$AV$3 -> 91.25 | R43: =1-S43 -> 0.0045 | S43: =S41 -> 0.9955 | T43: =T41 -> 0.75 | U43: =$AV$10 -> 0.0047 | V43: =(I43/100)*(MIN(J43,100)/100) -> 0 | W43: 0 | X43: =1.6 * W43 -> 0 | Y43: =$AY$1 -> 1.3 | Z43: =V43*Y43+(1-V43) -> 1 | AA43: =(0.795*O43)-0.0014 -> -0.0014 | AD43: =1 - EXP(-2*(AC43^2)) -> 0 | AE43: =(104.7*AA43+0.307*Q43-15)*(Q43^0.75)*10^-3 -> 0 | AF43: =AE43*AD43*Z43 -> 0 | AG43: =(AF43 * M43) + (0.045 * X43) -> 0 | AH43: =$AV$2 -> 0.08 | AI43: =(AF43 * ((1 - O43) + (0.04 * AF43))) * ( 1 - AH43 ) -> 0 | AJ43: =$AV$1 -> 0.19 | AK43: =$AW$20 -> 0.6784 | AL43: =AI43 * AJ43 * R43 * T43 * AK43 -> 0 | AM43: =AI43*AJ43*S43*U43*AK43 -> 0 | AN43: =AL43+AM43 -> 0 | AO43: =H43*AN43*L43 -> 0 | AU43: Cotton | AV43: 0.0053
F44: Winter | H44: 80 | I44: 0 | J44: 0 | L44: =$AV$3 -> 91.25 | R44: =1-S44 -> 0.0045 | S44: =S41 -> 0.9955 | T44: =T41 -> 0.75 | U44: =$AV$10 -> 0.0047 | V44: =(I44/100)*(MIN(J44,100)/100) -> 0 | W44: 0 | X44: =1.6 * W44 -> 0 | Y44: =$AY$1 -> 1.3 | Z44: =V44*Y44+(1-V44) -> 1 | AA44: =(0.795*O44)-0.0014 -> -0.0014 | AD44: =1 - EXP(-2*(AC44^2)) -> 0 | AE44: =(104.7*AA44+0.307*Q44-15)*(Q44^0.75)*10^-3 -> 0 | AF44: =AE44*AD44*Z44 -> 0 | AG44: =(AF44 * M44) + (0.045 * X44) -> 0 | AH44: =$AV$2 -> 0.08 | AI44: =(AF44 * ((1 - O44) + (0.04 * AF44))) * ( 1 - AH44 ) -> 0 | AJ44: =$AV$1 -> 0.19 | AK44: =$AW$20 -> 0.6784 | AL44: =AI44 * AJ44 * R44 * T44 * AK44 -> 0 | AM44: =AI44*AJ44*S44*U44*AK44 -> 0 | AN44: =AL44+AM44 -> 0 | AO44: =H44*AN44*L44 -> 0 | AU44: Horticultural crops | AV44: 0.0064
E45: Lambs and hoggets | F45: Spring | H45: 200 | I45: 0 | J45: 0 | L45: =$AV$3 -> 91.25 | R45: =1-S45 -> 0.0045 | S45: =S41 -> 0.9955 | T45: =T41 -> 0.75 | U45: =$AV$10 -> 0.0047 | V45: =(I45/100)*(MIN(J45,100)/100) -> 0 | W45: 1 | X45: =1.6 * W45 -> 1.6 | Y45: =$AY$1 -> 1.3 | Z45: =V45*Y45+(1-V45) -> 1 | AA45: =(0.795*O45)-0.0014 -> -0.0014 | AD45: =1 - EXP(-2*(AC45^2)) -> 0 | AE45: =(104.7*AA45+0.307*Q45-15)*(Q45^0.75)*10^-3 -> 0 | AF45: =AE45*AD45*Z45 -> 0 | AG45: =(AF45 * M45) + (0.045 * X45) -> 0.072 | AH45: =$AV$2 -> 0.08 | AI45: =(AF45 * ((1 - O45) + (0.04 * AF45))) * ( 1 - AH45 ) -> 0 | AJ45: =$AV$1 -> 0.19 | AK45: =$AW$20 -> 0.6784 | AL45: =AI45 * AJ45 * R45 * T45 * AK45 -> 0 | AM45: =AI45*AJ45*S45*U45*AK45 -> 0 | AN45: =AL45+AM45 -> 0 | AO45: =H45*AN45*L45 -> 0 | AU45: Aquaculture | AV45: 0.0026
F46: Summer | H46: 210 | I46: 0 | J46: 0 | L46: =$AV$3 -> 91.25 | R46: =1-S46 -> 0.0045 | S46: =S41 -> 0.9955 | T46: =T41 -> 0.75 | U46: =$AV$10 -> 0.0047 | V46: =(I46/100)*(MIN(J46,100)/100) -> 0 | W46: 0 | X46: =1.6 * W46 -> 0 | Y46: =$AY$1 -> 1.3 | Z46: =V46*Y46+(1-V46) -> 1 | AA46: =(0.795*O46)-0.0014 -> -0.0014 | AD46: =1 - EXP(-2*(AC46^2)) -> 0 | AE46: =(104.7*AA46+0.307*Q46-15)*(Q46^0.75)*10^-3 -> 0 | AF46: =AE46*AD46*Z46 -> 0 | AG46: =(AF46 * M46) + (0.045 * X46) -> 0 | AH46: =$AV$2 -> 0.08 | AI46: =(AF46 * ((1 - O46) + (0.04 * AF46))) * ( 1 - AH46 ) -> 0 | AJ46: =$AV$1 -> 0.19 | AK46: =$AW$20 -> 0.6784 | AL46: =AI46 * AJ46 * R46 * T46 * AK46 -> 0 | AM46: =AI46*AJ46*S46*U46*AK46 -> 0 | AN46: =AL46+AM46 -> 0 | AO46: =H46*AN46*L46 -> 0 | AU46: Rice (continuous flooding) | AV46: 0.003
F47: Autumn | H47: 170 | I47: 0 | J47: 0 | L47: =$AV$3 -> 91.25 | R47: =1-S47 -> 0.0045 | S47: =S41 -> 0.9955 | T47: =T41 -> 0.75 | U47: =$AV$10 -> 0.0047 | V47: =(I47/100)*(MIN(J47,100)/100) -> 0 | W47: 0 | X47: =1.6 * W47 -> 0 | Y47: =$AY$1 -> 1.3 | Z47: =V47*Y47+(1-V47) -> 1 | AA47: =(0.795*O47)-0.0014 -> -0.0014 | AD47: =1 - EXP(-2*(AC47^2)) -> 0 | AE47: =(104.7*AA47+0.307*Q47-15)*(Q47^0.75)*10^-3 -> 0 | AF47: =AE47*AD47*Z47 -> 0 | AG47: =(AF47 * M47) + (0.045 * X47) -> 0 | AH47: =$AV$2 -> 0.08 | AI47: =(AF47 * ((1 - O47) + (0.04 * AF47))) * ( 1 - AH47 ) -> 0 | AJ47: =$AV$1 -> 0.19 | AK47: =$AW$20 -> 0.6784 | AL47: =AI47 * AJ47 * R47 * T47 * AK47 -> 0 | AM47: =AI47*AJ47*S47*U47*AK47 -> 0 | AN47: =AL47+AM47 -> 0 | AO47: =H47*AN47*L47 -> 0 | AU47: Rice (single and multiple drainage, or alternate wetting and drying) | AV47: 0.005
F48: Winter | H48: 200 | I48: 0 | J48: 0 | L48: =$AV$3 -> 91.25 | R48: =1-S48 -> 0.0045 | S48: =S41 -> 0.9955 | T48: =T41 -> 0.75 | U48: =$AV$10 -> 0.0047 | V48: =(I48/100)*(MIN(J48,100)/100) -> 0 | W48: 0 | X48: =1.6 * W48 -> 0 | Y48: =$AY$1 -> 1.3 | Z48: =V48*Y48+(1-V48) -> 1 | AA48: =(0.795*O48)-0.0014 -> -0.0014 | AD48: =1 - EXP(-2*(AC48^2)) -> 0 | AE48: =(104.7*AA48+0.307*Q48-15)*(Q48^0.75)*10^-3 -> 0 | AF48: =AE48*AD48*Z48 -> 0 | AG48: =(AF48 * M48) + (0.045 * X48) -> 0 | AH48: =$AV$2 -> 0.08 | AI48: =(AF48 * ((1 - O48) + (0.04 * AF48))) * ( 1 - AH48 ) -> 0 | AJ48: =$AV$1 -> 0.19 | AK48: =$AW$20 -> 0.6784 | AL48: =AI48 * AJ48 * R48 * T48 * AK48 -> 0 | AM48: =AI48*AJ48*S48*U48*AK48 -> 0 | AN48: =AL48+AM48 -> 0 | AO48: =H48*AN48*L48 -> 0 | AU48: Aquaculture | AV48: 0.0026
E49: Maiden ewes | F49: Spring | H49: 100 | I49: 95 | J49: 92 | L49: =$AV$3 -> 91.25 | R49: =1-S49 -> 0.0045 | S49: =S41 -> 0.9955 | T49: =T41 -> 0.75 | U49: =$AV$10 -> 0.0047 | V49: =(I49/100)*(MIN(J49,100)/100) -> 0.874 | W49: 0 | X49: =1.6 * W49 -> 0 | Y49: =$AY$1 -> 1.3 | Z49: =V49*Y49+(1-V49) -> 1.2622 | AA49: =(0.795*O49)-0.0014 -> -0.0014 | AD49: =1 - EXP(-2*(AC49^2)) -> 0 | AE49: =(104.7*AA49+0.307*Q49-15)*(Q49^0.75)*10^-3 -> 0 | AF49: =AE49*AD49*Z49 -> 0 | AG49: =(AF49 * M49) + (0.045 * X49) -> 0 | AH49: =$AV$2 -> 0.08 | AI49: =(AF49 * ((1 - O49) + (0.04 * AF49))) * ( 1 - AH49 ) -> 0 | AJ49: =$AV$1 -> 0.19 | AK49: =$AW$20 -> 0.6784 | AL49: =AI49 * AJ49 * R49 * T49 * AK49 -> 0 | AM49: =AI49*AJ49*S49*U49*AK49 -> 0 | AN49: =AL49+AM49 -> 0 | AO49: =H49*AN49*L49 -> 0 | AU49: Forestry | AV49: 0.0018
F50: Summer | H50: 140 | I50: 0 | J50: 0 | L50: =$AV$3 -> 91.25 | R50: =1-S50 -> 0.0045 | S50: =S41 -> 0.9955 | T50: =T41 -> 0.75 | U50: =$AV$10 -> 0.0047 | V50: =(I50/100)*(MIN(J50,100)/100) -> 0 | W50: 0 | X50: =1.6 * W50 -> 0 | Y50: =$AY$1 -> 1.3 | Z50: =V50*Y50+(1-V50) -> 1 | AA50: =(0.795*O50)-0.0014 -> -0.0014 | AD50: =1 - EXP(-2*(AC50^2)) -> 0 | AE50: =(104.7*AA50+0.307*Q50-15)*(Q50^0.75)*10^-3 -> 0 | AF50: =AE50*AD50*Z50 -> 0 | AG50: =(AF50 * M50) + (0.045 * X50) -> 0 | AH50: =$AV$2 -> 0.08 | AI50: =(AF50 * ((1 - O50) + (0.04 * AF50))) * ( 1 - AH50 ) -> 0 | AJ50: =$AV$1 -> 0.19 | AK50: =$AW$20 -> 0.6784 | AL50: =AI50 * AJ50 * R50 * T50 * AK50 -> 0 | AM50: =AI50*AJ50*S50*U50*AK50 -> 0 | AN50: =AL50+AM50 -> 0 | AO50: =H50*AN50*L50 -> 0
F51: Autumn | H51: 135 | I51: 0 | J51: 0 | L51: =$AV$3 -> 91.25 | R51: =1-S51 -> 0.0045 | S51: =S41 -> 0.9955 | T51: =T41 -> 0.75 | U51: =$AV$10 -> 0.0047 | V51: =(I51/100)*(MIN(J51,100)/100) -> 0 | W51: 0 | X51: =1.6 * W51 -> 0 | Y51: =$AY$1 -> 1.3 | Z51: =V51*Y51+(1-V51) -> 1 | AA51: =(0.795*O51)-0.0014 -> -0.0014 | AD51: =1 - EXP(-2*(AC51^2)) -> 0 | AE51: =(104.7*AA51+0.307*Q51-15)*(Q51^0.75)*10^-3 -> 0 | AF51: =AE51*AD51*Z51 -> 0 | AG51: =(AF51 * M51) + (0.045 * X51) -> 0 | AH51: =$AV$2 -> 0.08 | AI51: =(AF51 * ((1 - O51) + (0.04 * AF51))) * ( 1 - AH51 ) -> 0 | AJ51: =$AV$1 -> 0.19 | AK51: =$AW$20 -> 0.6784 | AL51: =AI51 * AJ51 * R51 * T51 * AK51 -> 0 | AM51: =AI51*AJ51*S51*U51*AK51 -> 0 | AN51: =AL51+AM51 -> 0 | AO51: =H51*AN51*L51 -> 0
F52: Winter | H52: 130 | I52: 0 | J52: 0 | L52: =$AV$3 -> 91.25 | R52: =1-S52 -> 0.0045 | S52: =S41 -> 0.9955 | T52: =T41 -> 0.75 | U52: =$AV$10 -> 0.0047 | V52: =(I52/100)*(MIN(J52,100)/100) -> 0 | W52: 0 | X52: =1.6 * W52 -> 0 | Y52: =$AY$1 -> 1.3 | Z52: =V52*Y52+(1-V52) -> 1 | AA52: =(0.795*O52)-0.0014 -> -0.0014 | AD52: =1 - EXP(-2*(AC52^2)) -> 0 | AE52: =(104.7*AA52+0.307*Q52-15)*(Q52^0.75)*10^-3 -> 0 | AF52: =AE52*AD52*Z52 -> 0 | AG52: =(AF52 * M52) + (0.045 * X52) -> 0 | AH52: =$AV$2 -> 0.08 | AI52: =(AF52 * ((1 - O52) + (0.04 * AF52))) * ( 1 - AH52 ) -> 0 | AJ52: =$AV$1 -> 0.19 | AK52: =$AW$20 -> 0.6784 | AL52: =AI52 * AJ52 * R52 * T52 * AK52 -> 0 | AM52: =AI52*AJ52*S52*U52*AK52 -> 0 | AN52: =AL52+AM52 -> 0 | AO52: =H52*AN52*L52 -> 0
E53: Other ewes | F53: Spring | H53: 200 | I53: 0 | J53: 0 | L53: =$AV$3 -> 91.25 | R53: =1-S53 -> 0.0045 | S53: =S41 -> 0.9955 | T53: =T41 -> 0.75 | U53: =$AV$10 -> 0.0047 | V53: =(I53/100)*(MIN(J53,100)/100) -> 0 | W53: 0 | X53: =1.6 * W53 -> 0 | Y53: =$AY$1 -> 1.3 | Z53: =V53*Y53+(1-V53) -> 1 | AA53: =(0.795*O53)-0.0014 -> -0.0014 | AD53: =1 - EXP(-2*(AC53^2)) -> 0 | AE53: =(104.7*AA53+0.307*Q53-15)*(Q53^0.75)*10^-3 -> 0 | AF53: =AE53*AD53*Z53 -> 0 | AG53: =(AF53 * M53) + (0.045 * X53) -> 0 | AH53: =$AV$2 -> 0.08 | AI53: =(AF53 * ((1 - O53) + (0.04 * AF53))) * ( 1 - AH53 ) -> 0 | AJ53: =$AV$1 -> 0.19 | AK53: =$AW$20 -> 0.6784 | AL53: =AI53 * AJ53 * R53 * T53 * AK53 -> 0 | AM53: =AI53*AJ53*S53*U53*AK53 -> 0 | AN53: =AL53+AM53 -> 0 | AO53: =H53*AN53*L53 -> 0
F54: Summer | H54: 210 | I54: 0 | J54: 0 | L54: =$AV$3 -> 91.25 | R54: =1-S54 -> 0.0045 | S54: =S41 -> 0.9955 | T54: =T41 -> 0.75 | U54: =$AV$10 -> 0.0047 | V54: =(I54/100)*(MIN(J54,100)/100) -> 0 | W54: 0 | X54: =1.6 * W54 -> 0 | Y54: =$AY$1 -> 1.3 | Z54: =V54*Y54+(1-V54) -> 1 | AA54: =(0.795*O54)-0.0014 -> -0.0014 | AD54: =1 - EXP(-2*(AC54^2)) -> 0 | AE54: =(104.7*AA54+0.307*Q54-15)*(Q54^0.75)*10^-3 -> 0 | AF54: =AE54*AD54*Z54 -> 0 | AG54: =(AF54 * M54) + (0.045 * X54) -> 0 | AH54: =$AV$2 -> 0.08 | AI54: =(AF54 * ((1 - O54) + (0.04 * AF54))) * ( 1 - AH54 ) -> 0 | AJ54: =$AV$1 -> 0.19 | AK54: =$AW$20 -> 0.6784 | AL54: =AI54 * AJ54 * R54 * T54 * AK54 -> 0 | AM54: =AI54*AJ54*S54*U54*AK54 -> 0 | AN54: =AL54+AM54 -> 0 | AO54: =H54*AN54*L54 -> 0
F55: Autumn | H55: 190 | I55: 0 | J55: 0 | L55: =$AV$3 -> 91.25 | R55: =1-S55 -> 0.0045 | S55: =S41 -> 0.9955 | T55: =T41 -> 0.75 | U55: =$AV$10 -> 0.0047 | V55: =(I55/100)*(MIN(J55,100)/100) -> 0 | W55: 0 | X55: =1.6 * W55 -> 0 | Y55: =$AY$1 -> 1.3 | Z55: =V55*Y55+(1-V55) -> 1 | AA55: =(0.795*O55)-0.0014 -> -0.0014 | AD55: =1 - EXP(-2*(AC55^2)) -> 0 | AE55: =(104.7*AA55+0.307*Q55-15)*(Q55^0.75)*10^-3 -> 0 | AF55: =AE55*AD55*Z55 -> 0 | AG55: =(AF55 * M55) + (0.045 * X55) -> 0 | AH55: =$AV$2 -> 0.08 | AI55: =(AF55 * ((1 - O55) + (0.04 * AF55))) * ( 1 - AH55 ) -> 0 | AJ55: =$AV$1 -> 0.19 | AK55: =$AW$20 -> 0.6784 | AL55: =AI55 * AJ55 * R55 * T55 * AK55 -> 0 | AM55: =AI55*AJ55*S55*U55*AK55 -> 0 | AN55: =AL55+AM55 -> 0 | AO55: =H55*AN55*L55 -> 0
F56: Winter | H56: 180 | I56: 0 | J56: 0 | L56: =$AV$3 -> 91.25 | R56: =1-S56 -> 0.0045 | S56: =S41 -> 0.9955 | T56: =T41 -> 0.75 | U56: =$AV$10 -> 0.0047 | V56: =(I56/100)*(MIN(J56,100)/100) -> 0 | W56: 0 | X56: =1.6 * W56 -> 0 | Y56: =$AY$1 -> 1.3 | Z56: =V56*Y56+(1-V56) -> 1 | AA56: =(0.795*O56)-0.0014 -> -0.0014 | AD56: =1 - EXP(-2*(AC56^2)) -> 0 | AE56: =(104.7*AA56+0.307*Q56-15)*(Q56^0.75)*10^-3 -> 0 | AF56: =AE56*AD56*Z56 -> 0 | AG56: =(AF56 * M56) + (0.045 * X56) -> 0 | AH56: =$AV$2 -> 0.08 | AI56: =(AF56 * ((1 - O56) + (0.04 * AF56))) * ( 1 - AH56 ) -> 0 | AJ56: =$AV$1 -> 0.19 | AK56: =$AW$20 -> 0.6784 | AL56: =AI56 * AJ56 * R56 * T56 * AK56 -> 0 | AM56: =AI56*AJ56*S56*U56*AK56 -> 0 | AN56: =AL56+AM56 -> 0 | AO56: =H56*AN56*L56 -> 0
E57: Rams | F57: Spring | H57: 50 | I57: 0 | J57: 0 | L57: =$AV$3 -> 91.25 | R57: =1-S57 -> 0.0045 | S57: =S41 -> 0.9955 | T57: =T41 -> 0.75 | U57: =$AV$10 -> 0.0047 | V57: =(I57/100)*(MIN(J57,100)/100) -> 0 | W57: 0 | X57: =1.6 * W57 -> 0 | Y57: =$AY$1 -> 1.3 | Z57: =V57*Y57+(1-V57) -> 1 | AA57: =(0.795*O57)-0.0014 -> -0.0014 | AD57: =1 - EXP(-2*(AC57^2)) -> 0 | AE57: =(104.7*AA57+0.307*Q57-15)*(Q57^0.75)*10^-3 -> 0 | AF57: =AE57*AD57*Z57 -> 0 | AG57: =(AF57 * M57) + (0.045 * X57) -> 0 | AH57: =$AV$2 -> 0.08 | AI57: =(AF57 * ((1 - O57) + (0.04 * AF57))) * ( 1 - AH57 ) -> 0 | AJ57: =$AV$1 -> 0.19 | AK57: =$AW$20 -> 0.6784 | AL57: =AI57 * AJ57 * R57 * T57 * AK57 -> 0 | AM57: =AI57*AJ57*S57*U57*AK57 -> 0 | AN57: =AL57+AM57 -> 0 | AO57: =H57*AN57*L57 -> 0
F58: Summer | H58: 55 | I58: 0 | J58: 0 | L58: =$AV$3 -> 91.25 | R58: =1-S58 -> 0.0045 | S58: =S41 -> 0.9955 | T58: =T41 -> 0.75 | U58: =$AV$10 -> 0.0047 | V58: =(I58/100)*(MIN(J58,100)/100) -> 0 | W58: 0 | X58: =1.6 * W58 -> 0 | Y58: =$AY$1 -> 1.3 | Z58: =V58*Y58+(1-V58) -> 1 | AA58: =(0.795*O58)-0.0014 -> -0.0014 | AD58: =1 - EXP(-2*(AC58^2)) -> 0 | AE58: =(104.7*AA58+0.307*Q58-15)*(Q58^0.75)*10^-3 -> 0 | AF58: =AE58*AD58*Z58 -> 0 | AG58: =(AF58 * M58) + (0.045 * X58) -> 0 | AH58: =$AV$2 -> 0.08 | AI58: =(AF58 * ((1 - O58) + (0.04 * AF58))) * ( 1 - AH58 ) -> 0 | AJ58: =$AV$1 -> 0.19 | AK58: =$AW$20 -> 0.6784 | AL58: =AI58 * AJ58 * R58 * T58 * AK58 -> 0 | AM58: =AI58*AJ58*S58*U58*AK58 -> 0 | AN58: =AL58+AM58 -> 0 | AO58: =H58*AN58*L58 -> 0
F59: Autumn | H59: 60 | I59: 0 | J59: 0 | L59: =$AV$3 -> 91.25 | R59: =1-S59 -> 0.0045 | S59: =S41 -> 0.9955 | T59: =T41 -> 0.75 | U59: =$AV$10 -> 0.0047 | V59: =(I59/100)*(MIN(J59,100)/100) -> 0 | W59: 0 | X59: =1.6 * W59 -> 0 | Y59: =$AY$1 -> 1.3 | Z59: =V59*Y59+(1-V59) -> 1 | AA59: =(0.795*O59)-0.0014 -> -0.0014 | AD59: =1 - EXP(-2*(AC59^2)) -> 0 | AE59: =(104.7*AA59+0.307*Q59-15)*(Q59^0.75)*10^-3 -> 0 | AF59: =AE59*AD59*Z59 -> 0 | AG59: =(AF59 * M59) + (0.045 * X59) -> 0 | AH59: =$AV$2 -> 0.08 | AI59: =(AF59 * ((1 - O59) + (0.04 * AF59))) * ( 1 - AH59 ) -> 0 | AJ59: =$AV$1 -> 0.19 | AK59: =$AW$20 -> 0.6784 | AL59: =AI59 * AJ59 * R59 * T59 * AK59 -> 0 | AM59: =AI59*AJ59*S59*U59*AK59 -> 0 | AN59: =AL59+AM59 -> 0 | AO59: =H59*AN59*L59 -> 0
F60: Winter | H60: 65 | I60: 0 | J60: 0 | L60: =$AV$3 -> 91.25 | R60: =1-S60 -> 0.0045 | S60: =S41 -> 0.9955 | T60: =T41 -> 0.75 | U60: =$AV$10 -> 0.0047 | V60: =(I60/100)*(MIN(J60,100)/100) -> 0 | W60: 0 | X60: =1.6 * W60 -> 0 | Y60: =$AY$1 -> 1.3 | Z60: =V60*Y60+(1-V60) -> 1 | AA60: =(0.795*O60)-0.0014 -> -0.0014 | AD60: =1 - EXP(-2*(AC60^2)) -> 0 | AE60: =(104.7*AA60+0.307*Q60-15)*(Q60^0.75)*10^-3 -> 0 | AF60: =AE60*AD60*Z60 -> 0 | AG60: =(AF60 * M60) + (0.045 * X60) -> 0 | AH60: =$AV$2 -> 0.08 | AI60: =(AF60 * ((1 - O60) + (0.04 * AF60))) * ( 1 - AH60 ) -> 0 | AJ60: =$AV$1 -> 0.19 | AK60: =$AW$20 -> 0.6784 | AL60: =AI60 * AJ60 * R60 * T60 * AK60 -> 0 | AM60: =AI60*AJ60*S60*U60*AK60 -> 0 | AN60: =AL60+AM60 -> 0 | AO60: =H60*AN60*L60 -> 0
E61: Wethers | F61: Spring | H61: 50 | I61: 0 | J61: 0 | L61: =$AV$3 -> 91.25 | R61: =1-S61 -> 0.0045 | S61: =S41 -> 0.9955 | T61: =T41 -> 0.75 | U61: =$AV$10 -> 0.0047 | V61: =(I61/100)*(MIN(J61,100)/100) -> 0 | W61: 0 | X61: =1.6 * W61 -> 0 | Y61: =$AY$1 -> 1.3 | Z61: =V61*Y61+(1-V61) -> 1 | AA61: =(0.795*O61)-0.0014 -> -0.0014 | AD61: =1 - EXP(-2*(AC61^2)) -> 0 | AE61: =(104.7*AA61+0.307*Q61-15)*(Q61^0.75)*10^-3 -> 0 | AF61: =AE61*AD61*Z61 -> 0 | AG61: =(AF61 * M61) + (0.045 * X61) -> 0 | AH61: =$AV$2 -> 0.08 | AI61: =(AF61 * ((1 - O61) + (0.04 * AF61))) * ( 1 - AH61 ) -> 0 | AJ61: =$AV$1 -> 0.19 | AK61: =$AW$20 -> 0.6784 | AL61: =AI61 * AJ61 * R61 * T61 * AK61 -> 0 | AM61: =AI61*AJ61*S61*U61*AK61 -> 0 | AN61: =AL61+AM61 -> 0 | AO61: =H61*AN61*L61 -> 0
F62: Summer | H62: 100 | I62: 0 | J62: 0 | L62: =$AV$3 -> 91.25 | R62: =1-S62 -> 0.0045 | S62: =S41 -> 0.9955 | T62: =T41 -> 0.75 | U62: =$AV$10 -> 0.0047 | V62: =(I62/100)*(MIN(J62,100)/100) -> 0 | W62: 0 | X62: =1.6 * W62 -> 0 | Y62: =$AY$1 -> 1.3 | Z62: =V62*Y62+(1-V62) -> 1 | AA62: =(0.795*O62)-0.0014 -> -0.0014 | AD62: =1 - EXP(-2*(AC62^2)) -> 0 | AE62: =(104.7*AA62+0.307*Q62-15)*(Q62^0.75)*10^-3 -> 0 | AF62: =AE62*AD62*Z62 -> 0 | AG62: =(AF62 * M62) + (0.045 * X62) -> 0 | AH62: =$AV$2 -> 0.08 | AI62: =(AF62 * ((1 - O62) + (0.04 * AF62))) * ( 1 - AH62 ) -> 0 | AJ62: =$AV$1 -> 0.19 | AK62: =$AW$20 -> 0.6784 | AL62: =AI62 * AJ62 * R62 * T62 * AK62 -> 0 | AM62: =AI62*AJ62*S62*U62*AK62 -> 0 | AN62: =AL62+AM62 -> 0 | AO62: =H62*AN62*L62 -> 0
F63: Autumn | H63: 90 | I63: 0 | J63: 0 | L63: =$AV$3 -> 91.25 | R63: =1-S63 -> 0.0045 | S63: =S41 -> 0.9955 | T63: =T41 -> 0.75 | U63: =$AV$10 -> 0.0047 | V63: =(I63/100)*(MIN(J63,100)/100) -> 0 | W63: 0 | X63: =1.6 * W63 -> 0 | Y63: =$AY$1 -> 1.3 | Z63: =V63*Y63+(1-V63) -> 1 | AA63: =(0.795*O63)-0.0014 -> -0.0014 | AD63: =1 - EXP(-2*(AC63^2)) -> 0 | AE63: =(104.7*AA63+0.307*Q63-15)*(Q63^0.75)*10^-3 -> 0 | AF63: =AE63*AD63*Z63 -> 0 | AG63: =(AF63 * M63) + (0.045 * X63) -> 0 | AH63: =$AV$2 -> 0.08 | AI63: =(AF63 * ((1 - O63) + (0.04 * AF63))) * ( 1 - AH63 ) -> 0 | AJ63: =$AV$1 -> 0.19 | AK63: =$AW$20 -> 0.6784 | AL63: =AI63 * AJ63 * R63 * T63 * AK63 -> 0 | AM63: =AI63*AJ63*S63*U63*AK63 -> 0 | AN63: =AL63+AM63 -> 0 | AO63: =H63*AN63*L63 -> 0
F64: Winter | H64: 80 | I64: 0 | J64: 0 | L64: =$AV$3 -> 91.25 | R64: =1-S64 -> 0.0045 | S64: =S41 -> 0.9955 | T64: =T41 -> 0.75 | U64: =$AV$10 -> 0.0047 | V64: =(I64/100)*(MIN(J64,100)/100) -> 0 | W64: 0 | X64: =1.6 * W64 -> 0 | Y64: =$AY$1 -> 1.3 | Z64: =V64*Y64+(1-V64) -> 1 | AA64: =(0.795*O64)-0.0014 -> -0.0014 | AD64: =1 - EXP(-2*(AC64^2)) -> 0 | AE64: =(104.7*AA64+0.307*Q64-15)*(Q64^0.75)*10^-3 -> 0 | AF64: =AE64*AD64*Z64 -> 0 | AG64: =(AF64 * M64) + (0.045 * X64) -> 0 | AH64: =$AV$2 -> 0.08 | AI64: =(AF64 * ((1 - O64) + (0.04 * AF64))) * ( 1 - AH64 ) -> 0 | AJ64: =$AV$1 -> 0.19 | AK64: =$AW$20 -> 0.6784 | AL64: =AI64 * AJ64 * R64 * T64 * AK64 -> 0 | AM64: =AI64*AJ64*S64*U64*AK64 -> 0 | AN64: =AL64+AM64 -> 0 | AO64: =H64*AN64*L64 -> 0
A71: QLD | B71: QLD | C71: QLD | D71: yes | E71: Breeding ewes | F71: Spring | H71: 100 | I71: 95 | J71: 90 | L71: =$AV$3 -> 91.25 | M71: {=_xludf.DROP(_xludf.XLOOKUP($C71,#REF!,#REF!),1)} -> #NAME? | O71: {=_xludf.DROP(_xludf.XLOOKUP($C71,#REF!,#REF!),1)} -> #NAME? | Q71: {=_xludf.DROP(_xludf.XLOOKUP($C71,#REF!,#REF!),1)} -> #NAME? | R71: =1-S71 -> 0 | S71: =IF($D71="yes", 1, VLOOKUP($B71, $AU$26:$AW$32, 2)/100) -> 1 | T71: =VLOOKUP($B71,$AW$10:$AX$16, 2, FALSE) -> 0.78 | U71: =$AV$10 -> 0.0047 | V71: =(I71/100)*(MIN(J71,100)/100) -> 0.855 | W71: 0 | X71: =1.6 * W71 -> 0 | Y71: =$AY$1 -> 1.3 | Z71: =V71*Y71+(1-V71) -> 1.2565 | AA71: =(0.795*O71)-0.0014 -> #NAME? | AC71: {=_xludf.DROP(_xludf.XLOOKUP($C71,#REF!,#REF!),1)} -> #NAME? | AD71: =1 - EXP(-2*(AC71^2)) -> #NAME? | AE71: =(104.7*AA71+0.307*Q71-15)*(Q71^0.75)*10^-3 -> #NAME? | AF71: =AE71*AD71*Z71 -> #NAME? | AG71: =(AF71 * M71) + (0.045 * X71) -> #NAME? | AH71: =$AV$2 -> 0.08 | AI71: =(AF71 * ((1 - O71) + (0.04 * AF71))) * ( 1 - AH71 ) -> #NAME? | AJ71: =$AV$1 -> 0.19 | AK71: =$AW$20 -> 0.6784 | AL71: =AI71 * AJ71 * R71 * T71 * AK71 -> #NAME? | AM71: =AI71*AJ71*S71*U71*AK71 -> #NAME? | AN71: =AL71+AM71 -> #NAME? | AO71: =H71*AN71*L71 -> #NAME? | AP71: =SUM(AO71:AO94)*10^-3 -> #NAME?
F72: Summer | H72: 70 | I72: 0 | J72: 0 | L72: =$AV$3 -> 91.25 | R72: =1-S72 -> 0 | S72: =S71 -> 1 | T72: =T71 -> 0.78 | U72: =$AV$10 -> 0.0047 | V72: =(I72/100)*(MIN(J72,100)/100) -> 0 | W72: 0 | X72: =1.6 * W72 -> 0 | Y72: =$AY$1 -> 1.3 | Z72: =V72*Y72+(1-V72) -> 1 | AA72: =(0.795*O72)-0.0014 -> -0.0014 | AD72: =1 - EXP(-2*(AC72^2)) -> 0 | AE72: =(104.7*AA72+0.307*Q72-15)*(Q72^0.75)*10^-3 -> 0 | AF72: =AE72*AD72*Z72 -> 0 | AG72: =(AF72 * M72) + (0.045 * X72) -> 0 | AH72: =$AV$2 -> 0.08 | AI72: =(AF72 * ((1 - O72) + (0.04 * AF72))) * ( 1 - AH72 ) -> 0 | AJ72: =$AV$1 -> 0.19 | AK72: =$AW$20 -> 0.6784 | AL72: =AI72 * AJ72 * R72 * T72 * AK72 -> 0 | AM72: =AI72*AJ72*S72*U72*AK72 -> 0 | AN72: =AL72+AM72 -> 0 | AO72: =H72*AN72*L72 -> 0
F73: Autumn | H73: 65 | I73: 0 | J73: 0 | L73: =$AV$3 -> 91.25 | R73: =1-S73 -> 0 | S73: =S71 -> 1 | T73: =T71 -> 0.78 | U73: =$AV$10 -> 0.0047 | V73: =(I73/100)*(MIN(J73,100)/100) -> 0 | W73: 0 | X73: =1.6 * W73 -> 0 | Y73: =$AY$1 -> 1.3 | Z73: =V73*Y73+(1-V73) -> 1 | AA73: =(0.795*O73)-0.0014 -> -0.0014 | AD73: =1 - EXP(-2*(AC73^2)) -> 0 | AE73: =(104.7*AA73+0.307*Q73-15)*(Q73^0.75)*10^-3 -> 0 | AF73: =AE73*AD73*Z73 -> 0 | AG73: =(AF73 * M73) + (0.045 * X73) -> 0 | AH73: =$AV$2 -> 0.08 | AI73: =(AF73 * ((1 - O73) + (0.04 * AF73))) * ( 1 - AH73 ) -> 0 | AJ73: =$AV$1 -> 0.19 | AK73: =$AW$20 -> 0.6784 | AL73: =AI73 * AJ73 * R73 * T73 * AK73 -> 0 | AM73: =AI73*AJ73*S73*U73*AK73 -> 0 | AN73: =AL73+AM73 -> 0 | AO73: =H73*AN73*L73 -> 0
F74: Winter | H74: 80 | I74: 0 | J74: 0 | L74: =$AV$3 -> 91.25 | R74: =1-S74 -> 0 | S74: =S71 -> 1 | T74: =T71 -> 0.78 | U74: =$AV$10 -> 0.0047 | V74: =(I74/100)*(MIN(J74,100)/100) -> 0 | W74: 0 | X74: =1.6 * W74 -> 0 | Y74: =$AY$1 -> 1.3 | Z74: =V74*Y74+(1-V74) -> 1 | AA74: =(0.795*O74)-0.0014 -> -0.0014 | AD74: =1 - EXP(-2*(AC74^2)) -> 0 | AE74: =(104.7*AA74+0.307*Q74-15)*(Q74^0.75)*10^-3 -> 0 | AF74: =AE74*AD74*Z74 -> 0 | AG74: =(AF74 * M74) + (0.045 * X74) -> 0 | AH74: =$AV$2 -> 0.08 | AI74: =(AF74 * ((1 - O74) + (0.04 * AF74))) * ( 1 - AH74 ) -> 0 | AJ74: =$AV$1 -> 0.19 | AK74: =$AW$20 -> 0.6784 | AL74: =AI74 * AJ74 * R74 * T74 * AK74 -> 0 | AM74: =AI74*AJ74*S74*U74*AK74 -> 0 | AN74: =AL74+AM74 -> 0 | AO74: =H74*AN74*L74 -> 0
E75: Lambs and hoggets | F75: Spring | H75: 200 | I75: 0 | J75: 0 | L75: =$AV$3 -> 91.25 | R75: =1-S75 -> 0 | S75: =S71 -> 1 | T75: =T71 -> 0.78 | U75: =$AV$10 -> 0.0047 | V75: =(I75/100)*(MIN(J75,100)/100) -> 0 | W75: 1 | X75: =1.6 * W75 -> 1.6 | Y75: =$AY$1 -> 1.3 | Z75: =V75*Y75+(1-V75) -> 1 | AA75: =(0.795*O75)-0.0014 -> -0.0014 | AD75: =1 - EXP(-2*(AC75^2)) -> 0 | AE75: =(104.7*AA75+0.307*Q75-15)*(Q75^0.75)*10^-3 -> 0 | AF75: =AE75*AD75*Z75 -> 0 | AG75: =(AF75 * M75) + (0.045 * X75) -> 0.072 | AH75: =$AV$2 -> 0.08 | AI75: =(AF75 * ((1 - O75) + (0.04 * AF75))) * ( 1 - AH75 ) -> 0 | AJ75: =$AV$1 -> 0.19 | AK75: =$AW$20 -> 0.6784 | AL75: =AI75 * AJ75 * R75 * T75 * AK75 -> 0 | AM75: =AI75*AJ75*S75*U75*AK75 -> 0 | AN75: =AL75+AM75 -> 0 | AO75: =H75*AN75*L75 -> 0
F76: Summer | H76: 210 | I76: 0 | J76: 0 | L76: =$AV$3 -> 91.25 | R76: =1-S76 -> 0 | S76: =S71 -> 1 | T76: =T71 -> 0.78 | U76: =$AV$10 -> 0.0047 | V76: =(I76/100)*(MIN(J76,100)/100) -> 0 | W76: 0 | X76: =1.6 * W76 -> 0 | Y76: =$AY$1 -> 1.3 | Z76: =V76*Y76+(1-V76) -> 1 | AA76: =(0.795*O76)-0.0014 -> -0.0014 | AD76: =1 - EXP(-2*(AC76^2)) -> 0 | AE76: =(104.7*AA76+0.307*Q76-15)*(Q76^0.75)*10^-3 -> 0 | AF76: =AE76*AD76*Z76 -> 0 | AG76: =(AF76 * M76) + (0.045 * X76) -> 0 | AH76: =$AV$2 -> 0.08 | AI76: =(AF76 * ((1 - O76) + (0.04 * AF76))) * ( 1 - AH76 ) -> 0 | AJ76: =$AV$1 -> 0.19 | AK76: =$AW$20 -> 0.6784 | AL76: =AI76 * AJ76 * R76 * T76 * AK76 -> 0 | AM76: =AI76*AJ76*S76*U76*AK76 -> 0 | AN76: =AL76+AM76 -> 0 | AO76: =H76*AN76*L76 -> 0
F77: Autumn | H77: 170 | I77: 0 | J77: 0 | L77: =$AV$3 -> 91.25 | R77: =1-S77 -> 0 | S77: =S71 -> 1 | T77: =T71 -> 0.78 | U77: =$AV$10 -> 0.0047 | V77: =(I77/100)*(MIN(J77,100)/100) -> 0 | W77: 0 | X77: =1.6 * W77 -> 0 | Y77: =$AY$1 -> 1.3 | Z77: =V77*Y77+(1-V77) -> 1 | AA77: =(0.795*O77)-0.0014 -> -0.0014 | AD77: =1 - EXP(-2*(AC77^2)) -> 0 | AE77: =(104.7*AA77+0.307*Q77-15)*(Q77^0.75)*10^-3 -> 0 | AF77: =AE77*AD77*Z77 -> 0 | AG77: =(AF77 * M77) + (0.045 * X77) -> 0 | AH77: =$AV$2 -> 0.08 | AI77: =(AF77 * ((1 - O77) + (0.04 * AF77))) * ( 1 - AH77 ) -> 0 | AJ77: =$AV$1 -> 0.19 | AK77: =$AW$20 -> 0.6784 | AL77: =AI77 * AJ77 * R77 * T77 * AK77 -> 0 | AM77: =AI77*AJ77*S77*U77*AK77 -> 0 | AN77: =AL77+AM77 -> 0 | AO77: =H77*AN77*L77 -> 0
F78: Winter | H78: 200 | I78: 0 | J78: 0 | L78: =$AV$3 -> 91.25 | R78: =1-S78 -> 0 | S78: =S71 -> 1 | T78: =T71 -> 0.78 | U78: =$AV$10 -> 0.0047 | V78: =(I78/100)*(MIN(J78,100)/100) -> 0 | W78: 0 | X78: =1.6 * W78 -> 0 | Y78: =$AY$1 -> 1.3 | Z78: =V78*Y78+(1-V78) -> 1 | AA78: =(0.795*O78)-0.0014 -> -0.0014 | AD78: =1 - EXP(-2*(AC78^2)) -> 0 | AE78: =(104.7*AA78+0.307*Q78-15)*(Q78^0.75)*10^-3 -> 0 | AF78: =AE78*AD78*Z78 -> 0 | AG78: =(AF78 * M78) + (0.045 * X78) -> 0 | AH78: =$AV$2 -> 0.08 | AI78: =(AF78 * ((1 - O78) + (0.04 * AF78))) * ( 1 - AH78 ) -> 0 | AJ78: =$AV$1 -> 0.19 | AK78: =$AW$20 -> 0.6784 | AL78: =AI78 * AJ78 * R78 * T78 * AK78 -> 0 | AM78: =AI78*AJ78*S78*U78*AK78 -> 0 | AN78: =AL78+AM78 -> 0 | AO78: =H78*AN78*L78 -> 0
E79: Maiden ewes | F79: Spring | H79: 100 | I79: 95 | J79: 92 | L79: =$AV$3 -> 91.25 | R79: =1-S79 -> 0 | S79: =S71 -> 1 | T79: =T71 -> 0.78 | U79: =$AV$10 -> 0.0047 | V79: =(I79/100)*(MIN(J79,100)/100) -> 0.874 | W79: 0 | X79: =1.6 * W79 -> 0 | Y79: =$AY$1 -> 1.3 | Z79: =V79*Y79+(1-V79) -> 1.2622 | AA79: =(0.795*O79)-0.0014 -> -0.0014 | AD79: =1 - EXP(-2*(AC79^2)) -> 0 | AE79: =(104.7*AA79+0.307*Q79-15)*(Q79^0.75)*10^-3 -> 0 | AF79: =AE79*AD79*Z79 -> 0 | AG79: =(AF79 * M79) + (0.045 * X79) -> 0 | AH79: =$AV$2 -> 0.08 | AI79: =(AF79 * ((1 - O79) + (0.04 * AF79))) * ( 1 - AH79 ) -> 0 | AJ79: =$AV$1 -> 0.19 | AK79: =$AW$20 -> 0.6784 | AL79: =AI79 * AJ79 * R79 * T79 * AK79 -> 0 | AM79: =AI79*AJ79*S79*U79*AK79 -> 0 | AN79: =AL79+AM79 -> 0 | AO79: =H79*AN79*L79 -> 0
F80: Summer | H80: 140 | I80: 0 | J80: 0 | L80: =$AV$3 -> 91.25 | R80: =1-S80 -> 0 | S80: =S71 -> 1 | T80: =T71 -> 0.78 | U80: =$AV$10 -> 0.0047 | V80: =(I80/100)*(MIN(J80,100)/100) -> 0 | W80: 0 | X80: =1.6 * W80 -> 0 | Y80: =$AY$1 -> 1.3 | Z80: =V80*Y80+(1-V80) -> 1 | AA80: =(0.795*O80)-0.0014 -> -0.0014 | AD80: =1 - EXP(-2*(AC80^2)) -> 0 | AE80: =(104.7*AA80+0.307*Q80-15)*(Q80^0.75)*10^-3 -> 0 | AF80: =AE80*AD80*Z80 -> 0 | AG80: =(AF80 * M80) + (0.045 * X80) -> 0 | AH80: =$AV$2 -> 0.08 | AI80: =(AF80 * ((1 - O80) + (0.04 * AF80))) * ( 1 - AH80 ) -> 0 | AJ80: =$AV$1 -> 0.19 | AK80: =$AW$20 -> 0.6784 | AL80: =AI80 * AJ80 * R80 * T80 * AK80 -> 0 | AM80: =AI80*AJ80*S80*U80*AK80 -> 0 | AN80: =AL80+AM80 -> 0 | AO80: =H80*AN80*L80 -> 0
F81: Autumn | H81: 135 | I81: 0 | J81: 0 | L81: =$AV$3 -> 91.25 | R81: =1-S81 -> 0 | S81: =S71 -> 1 | T81: =T71 -> 0.78 | U81: =$AV$10 -> 0.0047 | V81: =(I81/100)*(MIN(J81,100)/100) -> 0 | W81: 0 | X81: =1.6 * W81 -> 0 | Y81: =$AY$1 -> 1.3 | Z81: =V81*Y81+(1-V81) -> 1 | AA81: =(0.795*O81)-0.0014 -> -0.0014 | AD81: =1 - EXP(-2*(AC81^2)) -> 0 | AE81: =(104.7*AA81+0.307*Q81-15)*(Q81^0.75)*10^-3 -> 0 | AF81: =AE81*AD81*Z81 -> 0 | AG81: =(AF81 * M81) + (0.045 * X81) -> 0 | AH81: =$AV$2 -> 0.08 | AI81: =(AF81 * ((1 - O81) + (0.04 * AF81))) * ( 1 - AH81 ) -> 0 | AJ81: =$AV$1 -> 0.19 | AK81: =$AW$20 -> 0.6784 | AL81: =AI81 * AJ81 * R81 * T81 * AK81 -> 0 | AM81: =AI81*AJ81*S81*U81*AK81 -> 0 | AN81: =AL81+AM81 -> 0 | AO81: =H81*AN81*L81 -> 0
F82: Winter | H82: 130 | I82: 0 | J82: 0 | L82: =$AV$3 -> 91.25 | R82: =1-S82 -> 0 | S82: =S71 -> 1 | T82: =T71 -> 0.78 | U82: =$AV$10 -> 0.0047 | V82: =(I82/100)*(MIN(J82,100)/100) -> 0 | W82: 0 | X82: =1.6 * W82 -> 0 | Y82: =$AY$1 -> 1.3 | Z82: =V82*Y82+(1-V82) -> 1 | AA82: =(0.795*O82)-0.0014 -> -0.0014 | AD82: =1 - EXP(-2*(AC82^2)) -> 0 | AE82: =(104.7*AA82+0.307*Q82-15)*(Q82^0.75)*10^-3 -> 0 | AF82: =AE82*AD82*Z82 -> 0 | AG82: =(AF82 * M82) + (0.045 * X82) -> 0 | AH82: =$AV$2 -> 0.08 | AI82: =(AF82 * ((1 - O82) + (0.04 * AF82))) * ( 1 - AH82 ) -> 0 | AJ82: =$AV$1 -> 0.19 | AK82: =$AW$20 -> 0.6784 | AL82: =AI82 * AJ82 * R82 * T82 * AK82 -> 0 | AM82: =AI82*AJ82*S82*U82*AK82 -> 0 | AN82: =AL82+AM82 -> 0 | AO82: =H82*AN82*L82 -> 0
E83: Other ewes | F83: Spring | H83: 200 | I83: 0 | J83: 0 | L83: =$AV$3 -> 91.25 | R83: =1-S83 -> 0 | S83: =S71 -> 1 | T83: =T71 -> 0.78 | U83: =$AV$10 -> 0.0047 | V83: =(I83/100)*(MIN(J83,100)/100) -> 0 | W83: 0 | X83: =1.6 * W83 -> 0 | Y83: =$AY$1 -> 1.3 | Z83: =V83*Y83+(1-V83) -> 1 | AA83: =(0.795*O83)-0.0014 -> -0.0014 | AD83: =1 - EXP(-2*(AC83^2)) -> 0 | AE83: =(104.7*AA83+0.307*Q83-15)*(Q83^0.75)*10^-3 -> 0 | AF83: =AE83*AD83*Z83 -> 0 | AG83: =(AF83 * M83) + (0.045 * X83) -> 0 | AH83: =$AV$2 -> 0.08 | AI83: =(AF83 * ((1 - O83) + (0.04 * AF83))) * ( 1 - AH83 ) -> 0 | AJ83: =$AV$1 -> 0.19 | AK83: =$AW$20 -> 0.6784 | AL83: =AI83 * AJ83 * R83 * T83 * AK83 -> 0 | AM83: =AI83*AJ83*S83*U83*AK83 -> 0 | AN83: =AL83+AM83 -> 0 | AO83: =H83*AN83*L83 -> 0
F84: Summer | H84: 210 | I84: 0 | J84: 0 | L84: =$AV$3 -> 91.25 | R84: =1-S84 -> 0 | S84: =S71 -> 1 | T84: =T71 -> 0.78 | U84: =$AV$10 -> 0.0047 | V84: =(I84/100)*(MIN(J84,100)/100) -> 0 | W84: 0 | X84: =1.6 * W84 -> 0 | Y84: =$AY$1 -> 1.3 | Z84: =V84*Y84+(1-V84) -> 1 | AA84: =(0.795*O84)-0.0014 -> -0.0014 | AD84: =1 - EXP(-2*(AC84^2)) -> 0 | AE84: =(104.7*AA84+0.307*Q84-15)*(Q84^0.75)*10^-3 -> 0 | AF84: =AE84*AD84*Z84 -> 0 | AG84: =(AF84 * M84) + (0.045 * X84) -> 0 | AH84: =$AV$2 -> 0.08 | AI84: =(AF84 * ((1 - O84) + (0.04 * AF84))) * ( 1 - AH84 ) -> 0 | AJ84: =$AV$1 -> 0.19 | AK84: =$AW$20 -> 0.6784 | AL84: =AI84 * AJ84 * R84 * T84 * AK84 -> 0 | AM84: =AI84*AJ84*S84*U84*AK84 -> 0 | AN84: =AL84+AM84 -> 0 | AO84: =H84*AN84*L84 -> 0
F85: Autumn | H85: 190 | I85: 0 | J85: 0 | L85: =$AV$3 -> 91.25 | R85: =1-S85 -> 0 | S85: =S71 -> 1 | T85: =T71 -> 0.78 | U85: =$AV$10 -> 0.0047 | V85: =(I85/100)*(MIN(J85,100)/100) -> 0 | W85: 0 | X85: =1.6 * W85 -> 0 | Y85: =$AY$1 -> 1.3 | Z85: =V85*Y85+(1-V85) -> 1 | AA85: =(0.795*O85)-0.0014 -> -0.0014 | AD85: =1 - EXP(-2*(AC85^2)) -> 0 | AE85: =(104.7*AA85+0.307*Q85-15)*(Q85^0.75)*10^-3 -> 0 | AF85: =AE85*AD85*Z85 -> 0 | AG85: =(AF85 * M85) + (0.045 * X85) -> 0 | AH85: =$AV$2 -> 0.08 | AI85: =(AF85 * ((1 - O85) + (0.04 * AF85))) * ( 1 - AH85 ) -> 0 | AJ85: =$AV$1 -> 0.19 | AK85: =$AW$20 -> 0.6784 | AL85: =AI85 * AJ85 * R85 * T85 * AK85 -> 0 | AM85: =AI85*AJ85*S85*U85*AK85 -> 0 | AN85: =AL85+AM85 -> 0 | AO85: =H85*AN85*L85 -> 0
F86: Winter | H86: 180 | I86: 0 | J86: 0 | L86: =$AV$3 -> 91.25 | R86: =1-S86 -> 0 | S86: =S71 -> 1 | T86: =T71 -> 0.78 | U86: =$AV$10 -> 0.0047 | V86: =(I86/100)*(MIN(J86,100)/100) -> 0 | W86: 0 | X86: =1.6 * W86 -> 0 | Y86: =$AY$1 -> 1.3 | Z86: =V86*Y86+(1-V86) -> 1 | AA86: =(0.795*O86)-0.0014 -> -0.0014 | AD86: =1 - EXP(-2*(AC86^2)) -> 0 | AE86: =(104.7*AA86+0.307*Q86-15)*(Q86^0.75)*10^-3 -> 0 | AF86: =AE86*AD86*Z86 -> 0 | AG86: =(AF86 * M86) + (0.045 * X86) -> 0 | AH86: =$AV$2 -> 0.08 | AI86: =(AF86 * ((1 - O86) + (0.04 * AF86))) * ( 1 - AH86 ) -> 0 | AJ86: =$AV$1 -> 0.19 | AK86: =$AW$20 -> 0.6784 | AL86: =AI86 * AJ86 * R86 * T86 * AK86 -> 0 | AM86: =AI86*AJ86*S86*U86*AK86 -> 0 | AN86: =AL86+AM86 -> 0 | AO86: =H86*AN86*L86 -> 0
E87: Rams | F87: Spring | H87: 50 | I87: 0 | J87: 0 | L87: =$AV$3 -> 91.25 | R87: =1-S87 -> 0 | S87: =S71 -> 1 | T87: =T71 -> 0.78 | U87: =$AV$10 -> 0.0047 | V87: =(I87/100)*(MIN(J87,100)/100) -> 0 | W87: 0 | X87: =1.6 * W87 -> 0 | Y87: =$AY$1 -> 1.3 | Z87: =V87*Y87+(1-V87) -> 1 | AA87: =(0.795*O87)-0.0014 -> -0.0014 | AD87: =1 - EXP(-2*(AC87^2)) -> 0 | AE87: =(104.7*AA87+0.307*Q87-15)*(Q87^0.75)*10^-3 -> 0 | AF87: =AE87*AD87*Z87 -> 0 | AG87: =(AF87 * M87) + (0.045 * X87) -> 0 | AH87: =$AV$2 -> 0.08 | AI87: =(AF87 * ((1 - O87) + (0.04 * AF87))) * ( 1 - AH87 ) -> 0 | AJ87: =$AV$1 -> 0.19 | AK87: =$AW$20 -> 0.6784 | AL87: =AI87 * AJ87 * R87 * T87 * AK87 -> 0 | AM87: =AI87*AJ87*S87*U87*AK87 -> 0 | AN87: =AL87+AM87 -> 0 | AO87: =H87*AN87*L87 -> 0
F88: Summer | H88: 55 | I88: 0 | J88: 0 | L88: =$AV$3 -> 91.25 | R88: =1-S88 -> 0 | S88: =S71 -> 1 | T88: =T71 -> 0.78 | U88: =$AV$10 -> 0.0047 | V88: =(I88/100)*(MIN(J88,100)/100) -> 0 | W88: 0 | X88: =1.6 * W88 -> 0 | Y88: =$AY$1 -> 1.3 | Z88: =V88*Y88+(1-V88) -> 1 | AA88: =(0.795*O88)-0.0014 -> -0.0014 | AD88: =1 - EXP(-2*(AC88^2)) -> 0 | AE88: =(104.7*AA88+0.307*Q88-15)*(Q88^0.75)*10^-3 -> 0 | AF88: =AE88*AD88*Z88 -> 0 | AG88: =(AF88 * M88) + (0.045 * X88) -> 0 | AH88: =$AV$2 -> 0.08 | AI88: =(AF88 * ((1 - O88) + (0.04 * AF88))) * ( 1 - AH88 ) -> 0 | AJ88: =$AV$1 -> 0.19 | AK88: =$AW$20 -> 0.6784 | AL88: =AI88 * AJ88 * R88 * T88 * AK88 -> 0 | AM88: =AI88*AJ88*S88*U88*AK88 -> 0 | AN88: =AL88+AM88 -> 0 | AO88: =H88*AN88*L88 -> 0
F89: Autumn | H89: 60 | I89: 0 | J89: 0 | L89: =$AV$3 -> 91.25 | R89: =1-S89 -> 0 | S89: =S71 -> 1 | T89: =T71 -> 0.78 | U89: =$AV$10 -> 0.0047 | V89: =(I89/100)*(MIN(J89,100)/100) -> 0 | W89: 0 | X89: =1.6 * W89 -> 0 | Y89: =$AY$1 -> 1.3 | Z89: =V89*Y89+(1-V89) -> 1 | AA89: =(0.795*O89)-0.0014 -> -0.0014 | AD89: =1 - EXP(-2*(AC89^2)) -> 0 | AE89: =(104.7*AA89+0.307*Q89-15)*(Q89^0.75)*10^-3 -> 0 | AF89: =AE89*AD89*Z89 -> 0 | AG89: =(AF89 * M89) + (0.045 * X89) -> 0 | AH89: =$AV$2 -> 0.08 | AI89: =(AF89 * ((1 - O89) + (0.04 * AF89))) * ( 1 - AH89 ) -> 0 | AJ89: =$AV$1 -> 0.19 | AK89: =$AW$20 -> 0.6784 | AL89: =AI89 * AJ89 * R89 * T89 * AK89 -> 0 | AM89: =AI89*AJ89*S89*U89*AK89 -> 0 | AN89: =AL89+AM89 -> 0 | AO89: =H89*AN89*L89 -> 0
F90: Winter | H90: 65 | I90: 0 | J90: 0 | L90: =$AV$3 -> 91.25 | R90: =1-S90 -> 0 | S90: =S71 -> 1 | T90: =T71 -> 0.78 | U90: =$AV$10 -> 0.0047 | V90: =(I90/100)*(MIN(J90,100)/100) -> 0 | W90: 0 | X90: =1.6 * W90 -> 0 | Y90: =$AY$1 -> 1.3 | Z90: =V90*Y90+(1-V90) -> 1 | AA90: =(0.795*O90)-0.0014 -> -0.0014 | AD90: =1 - EXP(-2*(AC90^2)) -> 0 | AE90: =(104.7*AA90+0.307*Q90-15)*(Q90^0.75)*10^-3 -> 0 | AF90: =AE90*AD90*Z90 -> 0 | AG90: =(AF90 * M90) + (0.045 * X90) -> 0 | AH90: =$AV$2 -> 0.08 | AI90: =(AF90 * ((1 - O90) + (0.04 * AF90))) * ( 1 - AH90 ) -> 0 | AJ90: =$AV$1 -> 0.19 | AK90: =$AW$20 -> 0.6784 | AL90: =AI90 * AJ90 * R90 * T90 * AK90 -> 0 | AM90: =AI90*AJ90*S90*U90*AK90 -> 0 | AN90: =AL90+AM90 -> 0 | AO90: =H90*AN90*L90 -> 0
E91: Wethers | F91: Spring | H91: 50 | I91: 0 | J91: 0 | L91: =$AV$3 -> 91.25 | R91: =1-S91 -> 0 | S91: =S71 -> 1 | T91: =T71 -> 0.78 | U91: =$AV$10 -> 0.0047 | V91: =(I91/100)*(MIN(J91,100)/100) -> 0 | W91: 0 | X91: =1.6 * W91 -> 0 | Y91: =$AY$1 -> 1.3 | Z91: =V91*Y91+(1-V91) -> 1 | AA91: =(0.795*O91)-0.0014 -> -0.0014 | AD91: =1 - EXP(-2*(AC91^2)) -> 0 | AE91: =(104.7*AA91+0.307*Q91-15)*(Q91^0.75)*10^-3 -> 0 | AF91: =AE91*AD91*Z91 -> 0 | AG91: =(AF91 * M91) + (0.045 * X91) -> 0 | AH91: =$AV$2 -> 0.08 | AI91: =(AF91 * ((1 - O91) + (0.04 * AF91))) * ( 1 - AH91 ) -> 0 | AJ91: =$AV$1 -> 0.19 | AK91: =$AW$20 -> 0.6784 | AL91: =AI91 * AJ91 * R91 * T91 * AK91 -> 0 | AM91: =AI91*AJ91*S91*U91*AK91 -> 0 | AN91: =AL91+AM91 -> 0 | AO91: =H91*AN91*L91 -> 0
F92: Summer | H92: 100 | I92: 0 | J92: 0 | L92: =$AV$3 -> 91.25 | R92: =1-S92 -> 0 | S92: =S71 -> 1 | T92: =T71 -> 0.78 | U92: =$AV$10 -> 0.0047 | V92: =(I92/100)*(MIN(J92,100)/100) -> 0 | W92: 0 | X92: =1.6 * W92 -> 0 | Y92: =$AY$1 -> 1.3 | Z92: =V92*Y92+(1-V92) -> 1 | AA92: =(0.795*O92)-0.0014 -> -0.0014 | AD92: =1 - EXP(-2*(AC92^2)) -> 0 | AE92: =(104.7*AA92+0.307*Q92-15)*(Q92^0.75)*10^-3 -> 0 | AF92: =AE92*AD92*Z92 -> 0 | AG92: =(AF92 * M92) + (0.045 * X92) -> 0 | AH92: =$AV$2 -> 0.08 | AI92: =(AF92 * ((1 - O92) + (0.04 * AF92))) * ( 1 - AH92 ) -> 0 | AJ92: =$AV$1 -> 0.19 | AK92: =$AW$20 -> 0.6784 | AL92: =AI92 * AJ92 * R92 * T92 * AK92 -> 0 | AM92: =AI92*AJ92*S92*U92*AK92 -> 0 | AN92: =AL92+AM92 -> 0 | AO92: =H92*AN92*L92 -> 0
F93: Autumn | H93: 90 | I93: 0 | J93: 0 | L93: =$AV$3 -> 91.25 | R93: =1-S93 -> 0 | S93: =S71 -> 1 | T93: =T71 -> 0.78 | U93: =$AV$10 -> 0.0047 | V93: =(I93/100)*(MIN(J93,100)/100) -> 0 | W93: 0 | X93: =1.6 * W93 -> 0 | Y93: =$AY$1 -> 1.3 | Z93: =V93*Y93+(1-V93) -> 1 | AA93: =(0.795*O93)-0.0014 -> -0.0014 | AD93: =1 - EXP(-2*(AC93^2)) -> 0 | AE93: =(104.7*AA93+0.307*Q93-15)*(Q93^0.75)*10^-3 -> 0 | AF93: =AE93*AD93*Z93 -> 0 | AG93: =(AF93 * M93) + (0.045 * X93) -> 0 | AH93: =$AV$2 -> 0.08 | AI93: =(AF93 * ((1 - O93) + (0.04 * AF93))) * ( 1 - AH93 ) -> 0 | AJ93: =$AV$1 -> 0.19 | AK93: =$AW$20 -> 0.6784 | AL93: =AI93 * AJ93 * R93 * T93 * AK93 -> 0 | AM93: =AI93*AJ93*S93*U93*AK93 -> 0 | AN93: =AL93+AM93 -> 0 | AO93: =H93*AN93*L93 -> 0
F94: Winter | H94: 80 | I94: 0 | J94: 0 | L94: =$AV$3 -> 91.25 | R94: =1-S94 -> 0 | S94: =S71 -> 1 | T94: =T71 -> 0.78 | U94: =$AV$10 -> 0.0047 | V94: =(I94/100)*(MIN(J94,100)/100) -> 0 | W94: 0 | X94: =1.6 * W94 -> 0 | Y94: =$AY$1 -> 1.3 | Z94: =V94*Y94+(1-V94) -> 1 | AA94: =(0.795*O94)-0.0014 -> -0.0014 | AD94: =1 - EXP(-2*(AC94^2)) -> 0 | AE94: =(104.7*AA94+0.307*Q94-15)*(Q94^0.75)*10^-3 -> 0 | AF94: =AE94*AD94*Z94 -> 0 | AG94: =(AF94 * M94) + (0.045 * X94) -> 0 | AH94: =$AV$2 -> 0.08 | AI94: =(AF94 * ((1 - O94) + (0.04 * AF94))) * ( 1 - AH94 ) -> 0 | AJ94: =$AV$1 -> 0.19 | AK94: =$AW$20 -> 0.6784 | AL94: =AI94 * AJ94 * R94 * T94 * AK94 -> 0 | AM94: =AI94*AJ94*S94*U94*AK94 -> 0 | AN94: =AL94+AM94 -> 0 | AO94: =H94*AN94*L94 -> 0
A101: SA | B101: SA | C101: SA | D101: no | E101: Breeding ewes | F101: Spring | H101: 100 | I101: 95 | J101: 90 | L101: =$AV$3 -> 91.25 | M101: {=_xludf.DROP(_xludf.XLOOKUP($C101,#REF!,#REF!),1)} -> #NAME? | O101: {=_xludf.DROP(_xludf.XLOOKUP($C101,#REF!,#REF!),1)} -> #NAME? | Q101: {=_xludf.DROP(_xludf.XLOOKUP($C101,#REF!,#REF!),1)} -> #NAME? | R101: =1-S101 -> 0.0026 | S101: =IF($D101="yes", 1, VLOOKUP($B101, $AU$26:$AW$32, 2)/100) -> 0.9974 | T101: =VLOOKUP($B101,$AW$10:$AX$16, 2, FALSE) -> 0.74 | U101: =$AV$10 -> 0.0047 | V101: =(I101/100)*(MIN(J101,100)/100) -> 0.855 | W101: 0 | X101: =1.6 * W101 -> 0 | Y101: =$AY$1 -> 1.3 | Z101: =V101*Y101+(1-V101) -> 1.2565 | AA101: =(0.795*O101)-0.0014 -> #NAME? | AC101: {=_xludf.DROP(_xludf.XLOOKUP($C101,#REF!,#REF!),1)} -> #NAME? | AD101: =1 - EXP(-2*(AC101^2)) -> #NAME? | AE101: =(104.7*AA101+0.307*Q101-15)*(Q101^0.75)*10^-3 -> #NAME? | AF101: =AE101*AD101*Z101 -> #NAME? | AG101: =(AF101 * M101) + (0.045 * X101) -> #NAME? | AH101: =$AV$2 -> 0.08 | AI101: =(AF101 * ((1 - O101) + (0.04 * AF101))) * ( 1 - AH101 ) -> #NAME? | AJ101: =$AV$1 -> 0.19 | AK101: =$AW$20 -> 0.6784 | AL101: =AI101 * AJ101 * R101 * T101 * AK101 -> #NAME? | AM101: =AI101*AJ101*S101*U101*AK101 -> #NAME? | AN101: =AL101+AM101 -> #NAME? | AO101: =H101*AN101*L101 -> #NAME? | AP101: =SUM(AO101:AO124)*10^-3 -> #NAME?
F102: Summer | H102: 70 | I102: 0 | J102: 0 | L102: =$AV$3 -> 91.25 | R102: =1-S102 -> 0.0026 | S102: =S101 -> 0.9974 | T102: =T101 -> 0.74 | U102: =$AV$10 -> 0.0047 | V102: =(I102/100)*(MIN(J102,100)/100) -> 0 | W102: 0 | X102: =1.6 * W102 -> 0 | Y102: =$AY$1 -> 1.3 | Z102: =V102*Y102+(1-V102) -> 1 | AA102: =(0.795*O102)-0.0014 -> -0.0014 | AD102: =1 - EXP(-2*(AC102^2)) -> 0 | AE102: =(104.7*AA102+0.307*Q102-15)*(Q102^0.75)*10^-3 -> 0 | AF102: =AE102*AD102*Z102 -> 0 | AG102: =(AF102 * M102) + (0.045 * X102) -> 0 | AH102: =$AV$2 -> 0.08 | AI102: =(AF102 * ((1 - O102) + (0.04 * AF102))) * ( 1 - AH102 ) -> 0 | AJ102: =$AV$1 -> 0.19 | AK102: =$AW$20 -> 0.6784 | AL102: =AI102 * AJ102 * R102 * T102 * AK102 -> 0 | AM102: =AI102*AJ102*S102*U102*AK102 -> 0 | AN102: =AL102+AM102 -> 0 | AO102: =H102*AN102*L102 -> 0
F103: Autumn | H103: 65 | I103: 0 | J103: 0 | L103: =$AV$3 -> 91.25 | R103: =1-S103 -> 0.0026 | S103: =S101 -> 0.9974 | T103: =T101 -> 0.74 | U103: =$AV$10 -> 0.0047 | V103: =(I103/100)*(MIN(J103,100)/100) -> 0 | W103: 0 | X103: =1.6 * W103 -> 0 | Y103: =$AY$1 -> 1.3 | Z103: =V103*Y103+(1-V103) -> 1 | AA103: =(0.795*O103)-0.0014 -> -0.0014 | AD103: =1 - EXP(-2*(AC103^2)) -> 0 | AE103: =(104.7*AA103+0.307*Q103-15)*(Q103^0.75)*10^-3 -> 0 | AF103: =AE103*AD103*Z103 -> 0 | AG103: =(AF103 * M103) + (0.045 * X103) -> 0 | AH103: =$AV$2 -> 0.08 | AI103: =(AF103 * ((1 - O103) + (0.04 * AF103))) * ( 1 - AH103 ) -> 0 | AJ103: =$AV$1 -> 0.19 | AK103: =$AW$20 -> 0.6784 | AL103: =AI103 * AJ103 * R103 * T103 * AK103 -> 0 | AM103: =AI103*AJ103*S103*U103*AK103 -> 0 | AN103: =AL103+AM103 -> 0 | AO103: =H103*AN103*L103 -> 0
F104: Winter | H104: 80 | I104: 0 | J104: 0 | L104: =$AV$3 -> 91.25 | R104: =1-S104 -> 0.0026 | S104: =S101 -> 0.9974 | T104: =T101 -> 0.74 | U104: =$AV$10 -> 0.0047 | V104: =(I104/100)*(MIN(J104,100)/100) -> 0 | W104: 0 | X104: =1.6 * W104 -> 0 | Y104: =$AY$1 -> 1.3 | Z104: =V104*Y104+(1-V104) -> 1 | AA104: =(0.795*O104)-0.0014 -> -0.0014 | AD104: =1 - EXP(-2*(AC104^2)) -> 0 | AE104: =(104.7*AA104+0.307*Q104-15)*(Q104^0.75)*10^-3 -> 0 | AF104: =AE104*AD104*Z104 -> 0 | AG104: =(AF104 * M104) + (0.045 * X104) -> 0 | AH104: =$AV$2 -> 0.08 | AI104: =(AF104 * ((1 - O104) + (0.04 * AF104))) * ( 1 - AH104 ) -> 0 | AJ104: =$AV$1 -> 0.19 | AK104: =$AW$20 -> 0.6784 | AL104: =AI104 * AJ104 * R104 * T104 * AK104 -> 0 | AM104: =AI104*AJ104*S104*U104*AK104 -> 0 | AN104: =AL104+AM104 -> 0 | AO104: =H104*AN104*L104 -> 0
E105: Lambs and hoggets | F105: Spring | H105: 200 | I105: 0 | J105: 0 | L105: =$AV$3 -> 91.25 | R105: =1-S105 -> 0.0026 | S105: =S101 -> 0.9974 | T105: =T101 -> 0.74 | U105: =$AV$10 -> 0.0047 | V105: =(I105/100)*(MIN(J105,100)/100) -> 0 | W105: 1 | X105: =1.6 * W105 -> 1.6 | Y105: =$AY$1 -> 1.3 | Z105: =V105*Y105+(1-V105) -> 1 | AA105: =(0.795*O105)-0.0014 -> -0.0014 | AD105: =1 - EXP(-2*(AC105^2)) -> 0 | AE105: =(104.7*AA105+0.307*Q105-15)*(Q105^0.75)*10^-3 -> 0 | AF105: =AE105*AD105*Z105 -> 0 | AG105: =(AF105 * M105) + (0.045 * X105) -> 0.072 | AH105: =$AV$2 -> 0.08 | AI105: =(AF105 * ((1 - O105) + (0.04 * AF105))) * ( 1 - AH105 ) -> 0 | AJ105: =$AV$1 -> 0.19 | AK105: =$AW$20 -> 0.6784 | AL105: =AI105 * AJ105 * R105 * T105 * AK105 -> 0 | AM105: =AI105*AJ105*S105*U105*AK105 -> 0 | AN105: =AL105+AM105 -> 0 | AO105: =H105*AN105*L105 -> 0
F106: Summer | H106: 210 | I106: 0 | J106: 0 | L106: =$AV$3 -> 91.25 | R106: =1-S106 -> 0.0026 | S106: =S101 -> 0.9974 | T106: =T101 -> 0.74 | U106: =$AV$10 -> 0.0047 | V106: =(I106/100)*(MIN(J106,100)/100) -> 0 | W106: 0 | X106: =1.6 * W106 -> 0 | Y106: =$AY$1 -> 1.3 | Z106: =V106*Y106+(1-V106) -> 1 | AA106: =(0.795*O106)-0.0014 -> -0.0014 | AD106: =1 - EXP(-2*(AC106^2)) -> 0 | AE106: =(104.7*AA106+0.307*Q106-15)*(Q106^0.75)*10^-3 -> 0 | AF106: =AE106*AD106*Z106 -> 0 | AG106: =(AF106 * M106) + (0.045 * X106) -> 0 | AH106: =$AV$2 -> 0.08 | AI106: =(AF106 * ((1 - O106) + (0.04 * AF106))) * ( 1 - AH106 ) -> 0 | AJ106: =$AV$1 -> 0.19 | AK106: =$AW$20 -> 0.6784 | AL106: =AI106 * AJ106 * R106 * T106 * AK106 -> 0 | AM106: =AI106*AJ106*S106*U106*AK106 -> 0 | AN106: =AL106+AM106 -> 0 | AO106: =H106*AN106*L106 -> 0
F107: Autumn | H107: 170 | I107: 0 | J107: 0 | L107: =$AV$3 -> 91.25 | R107: =1-S107 -> 0.0026 | S107: =S101 -> 0.9974 | T107: =T101 -> 0.74 | U107: =$AV$10 -> 0.0047 | V107: =(I107/100)*(MIN(J107,100)/100) -> 0 | W107: 0 | X107: =1.6 * W107 -> 0 | Y107: =$AY$1 -> 1.3 | Z107: =V107*Y107+(1-V107) -> 1 | AA107: =(0.795*O107)-0.0014 -> -0.0014 | AD107: =1 - EXP(-2*(AC107^2)) -> 0 | AE107: =(104.7*AA107+0.307*Q107-15)*(Q107^0.75)*10^-3 -> 0 | AF107: =AE107*AD107*Z107 -> 0 | AG107: =(AF107 * M107) + (0.045 * X107) -> 0 | AH107: =$AV$2 -> 0.08 | AI107: =(AF107 * ((1 - O107) + (0.04 * AF107))) * ( 1 - AH107 ) -> 0 | AJ107: =$AV$1 -> 0.19 | AK107: =$AW$20 -> 0.6784 | AL107: =AI107 * AJ107 * R107 * T107 * AK107 -> 0 | AM107: =AI107*AJ107*S107*U107*AK107 -> 0 | AN107: =AL107+AM107 -> 0 | AO107: =H107*AN107*L107 -> 0
F108: Winter | H108: 200 | I108: 0 | J108: 0 | L108: =$AV$3 -> 91.25 | R108: =1-S108 -> 0.0026 | S108: =S101 -> 0.9974 | T108: =T101 -> 0.74 | U108: =$AV$10 -> 0.0047 | V108: =(I108/100)*(MIN(J108,100)/100) -> 0 | W108: 0 | X108: =1.6 * W108 -> 0 | Y108: =$AY$1 -> 1.3 | Z108: =V108*Y108+(1-V108) -> 1 | AA108: =(0.795*O108)-0.0014 -> -0.0014 | AD108: =1 - EXP(-2*(AC108^2)) -> 0 | AE108: =(104.7*AA108+0.307*Q108-15)*(Q108^0.75)*10^-3 -> 0 | AF108: =AE108*AD108*Z108 -> 0 | AG108: =(AF108 * M108) + (0.045 * X108) -> 0 | AH108: =$AV$2 -> 0.08 | AI108: =(AF108 * ((1 - O108) + (0.04 * AF108))) * ( 1 - AH108 ) -> 0 | AJ108: =$AV$1 -> 0.19 | AK108: =$AW$20 -> 0.6784 | AL108: =AI108 * AJ108 * R108 * T108 * AK108 -> 0 | AM108: =AI108*AJ108*S108*U108*AK108 -> 0 | AN108: =AL108+AM108 -> 0 | AO108: =H108*AN108*L108 -> 0
E109: Maiden ewes | F109: Spring | H109: 100 | I109: 95 | J109: 92 | L109: =$AV$3 -> 91.25 | R109: =1-S109 -> 0.0026 | S109: =S101 -> 0.9974 | T109: =T101 -> 0.74 | U109: =$AV$10 -> 0.0047 | V109: =(I109/100)*(MIN(J109,100)/100) -> 0.874 | W109: 0 | X109: =1.6 * W109 -> 0 | Y109: =$AY$1 -> 1.3 | Z109: =V109*Y109+(1-V109) -> 1.2622 | AA109: =(0.795*O109)-0.0014 -> -0.0014 | AD109: =1 - EXP(-2*(AC109^2)) -> 0 | AE109: =(104.7*AA109+0.307*Q109-15)*(Q109^0.75)*10^-3 -> 0 | AF109: =AE109*AD109*Z109 -> 0 | AG109: =(AF109 * M109) + (0.045 * X109) -> 0 | AH109: =$AV$2 -> 0.08 | AI109: =(AF109 * ((1 - O109) + (0.04 * AF109))) * ( 1 - AH109 ) -> 0 | AJ109: =$AV$1 -> 0.19 | AK109: =$AW$20 -> 0.6784 | AL109: =AI109 * AJ109 * R109 * T109 * AK109 -> 0 | AM109: =AI109*AJ109*S109*U109*AK109 -> 0 | AN109: =AL109+AM109 -> 0 | AO109: =H109*AN109*L109 -> 0
F110: Summer | H110: 140 | I110: 0 | J110: 0 | L110: =$AV$3 -> 91.25 | R110: =1-S110 -> 0.0026 | S110: =S101 -> 0.9974 | T110: =T101 -> 0.74 | U110: =$AV$10 -> 0.0047 | V110: =(I110/100)*(MIN(J110,100)/100) -> 0 | W110: 0 | X110: =1.6 * W110 -> 0 | Y110: =$AY$1 -> 1.3 | Z110: =V110*Y110+(1-V110) -> 1 | AA110: =(0.795*O110)-0.0014 -> -0.0014 | AD110: =1 - EXP(-2*(AC110^2)) -> 0 | AE110: =(104.7*AA110+0.307*Q110-15)*(Q110^0.75)*10^-3 -> 0 | AF110: =AE110*AD110*Z110 -> 0 | AG110: =(AF110 * M110) + (0.045 * X110) -> 0 | AH110: =$AV$2 -> 0.08 | AI110: =(AF110 * ((1 - O110) + (0.04 * AF110))) * ( 1 - AH110 ) -> 0 | AJ110: =$AV$1 -> 0.19 | AK110: =$AW$20 -> 0.6784 | AL110: =AI110 * AJ110 * R110 * T110 * AK110 -> 0 | AM110: =AI110*AJ110*S110*U110*AK110 -> 0 | AN110: =AL110+AM110 -> 0 | AO110: =H110*AN110*L110 -> 0
F111: Autumn | H111: 135 | I111: 0 | J111: 0 | L111: =$AV$3 -> 91.25 | R111: =1-S111 -> 0.0026 | S111: =S101 -> 0.9974 | T111: =T101 -> 0.74 | U111: =$AV$10 -> 0.0047 | V111: =(I111/100)*(MIN(J111,100)/100) -> 0 | W111: 0 | X111: =1.6 * W111 -> 0 | Y111: =$AY$1 -> 1.3 | Z111: =V111*Y111+(1-V111) -> 1 | AA111: =(0.795*O111)-0.0014 -> -0.0014 | AD111: =1 - EXP(-2*(AC111^2)) -> 0 | AE111: =(104.7*AA111+0.307*Q111-15)*(Q111^0.75)*10^-3 -> 0 | AF111: =AE111*AD111*Z111 -> 0 | AG111: =(AF111 * M111) + (0.045 * X111) -> 0 | AH111: =$AV$2 -> 0.08 | AI111: =(AF111 * ((1 - O111) + (0.04 * AF111))) * ( 1 - AH111 ) -> 0 | AJ111: =$AV$1 -> 0.19 | AK111: =$AW$20 -> 0.6784 | AL111: =AI111 * AJ111 * R111 * T111 * AK111 -> 0 | AM111: =AI111*AJ111*S111*U111*AK111 -> 0 | AN111: =AL111+AM111 -> 0 | AO111: =H111*AN111*L111 -> 0
F112: Winter | H112: 130 | I112: 0 | J112: 0 | L112: =$AV$3 -> 91.25 | R112: =1-S112 -> 0.0026 | S112: =S101 -> 0.9974 | T112: =T101 -> 0.74 | U112: =$AV$10 -> 0.0047 | V112: =(I112/100)*(MIN(J112,100)/100) -> 0 | W112: 0 | X112: =1.6 * W112 -> 0 | Y112: =$AY$1 -> 1.3 | Z112: =V112*Y112+(1-V112) -> 1 | AA112: =(0.795*O112)-0.0014 -> -0.0014 | AD112: =1 - EXP(-2*(AC112^2)) -> 0 | AE112: =(104.7*AA112+0.307*Q112-15)*(Q112^0.75)*10^-3 -> 0 | AF112: =AE112*AD112*Z112 -> 0 | AG112: =(AF112 * M112) + (0.045 * X112) -> 0 | AH112: =$AV$2 -> 0.08 | AI112: =(AF112 * ((1 - O112) + (0.04 * AF112))) * ( 1 - AH112 ) -> 0 | AJ112: =$AV$1 -> 0.19 | AK112: =$AW$20 -> 0.6784 | AL112: =AI112 * AJ112 * R112 * T112 * AK112 -> 0 | AM112: =AI112*AJ112*S112*U112*AK112 -> 0 | AN112: =AL112+AM112 -> 0 | AO112: =H112*AN112*L112 -> 0
E113: Other ewes | F113: Spring | H113: 200 | I113: 0 | J113: 0 | L113: =$AV$3 -> 91.25 | R113: =1-S113 -> 0.0026 | S113: =S101 -> 0.9974 | T113: =T101 -> 0.74 | U113: =$AV$10 -> 0.0047 | V113: =(I113/100)*(MIN(J113,100)/100) -> 0 | W113: 0 | X113: =1.6 * W113 -> 0 | Y113: =$AY$1 -> 1.3 | Z113: =V113*Y113+(1-V113) -> 1 | AA113: =(0.795*O113)-0.0014 -> -0.0014 | AD113: =1 - EXP(-2*(AC113^2)) -> 0 | AE113: =(104.7*AA113+0.307*Q113-15)*(Q113^0.75)*10^-3 -> 0 | AF113: =AE113*AD113*Z113 -> 0 | AG113: =(AF113 * M113) + (0.045 * X113) -> 0 | AH113: =$AV$2 -> 0.08 | AI113: =(AF113 * ((1 - O113) + (0.04 * AF113))) * ( 1 - AH113 ) -> 0 | AJ113: =$AV$1 -> 0.19 | AK113: =$AW$20 -> 0.6784 | AL113: =AI113 * AJ113 * R113 * T113 * AK113 -> 0 | AM113: =AI113*AJ113*S113*U113*AK113 -> 0 | AN113: =AL113+AM113 -> 0 | AO113: =H113*AN113*L113 -> 0
...

Sheet 4.4.1.1
I1: 3.4.1 | J1: 3.4.1 | V1: 3.4.1 321 | Z1: 3.4.1 | AD1: 3.4.1 | AE1: 3.4.1 | AF1: Ch 3.4.1
X2: 1.6 * PLjk=6 | AG2: (Ijk * CPjk) + (0.045 * MCjk=6) | AI2: (Ijk * ((1 - DMDjk) + (0.04 * Ijk))) * ( 1 - A ) | AL2: VSjk * BO * MMSm * MCFim * 𝜌 | AN2: VSjk * BO * MMSm * MCFim * 𝜌 | AO2: SUM SUM SUM (Njk * Mjkm * Dj) * 10^-3 | AS2: Mleach * EFleach * CN2O * 10^-3 | AU2: AE * FracGASMsoil | AW2: Mvol * EFN2O * CN2O * 10^-3 | BA2: LEjk=3,4 * 1.6 | BB2: (GWk * Yk) / 365 | BC2: LWGjk * 0.92 | BE2: Wjk / SRWk | BF2: ((0.045 * MPjk=3,4) + (WPk * 0.84) + (EBGjk * ((212 - 4 * ((EBGjk * 1000)/(4* SRWk^0.75) - 1)) - ((140 - 4 * (((EBGjk * 1000)/4 * SRWk ^0.75) - 1))/(1 + e ^ (-6 * (Zjk - 0.4)))))) * 10^-3) / 6.25 | BG2: 1.6 * PLjk=6 | BH2: (CPIjk / 6.25 ) - NRjk | BI2: SUM SUM (Njk * NEjk * Dj) | BL2: AE * EFprp * CN2O * 10^-3 | BM2: AE * FracWet * FracLEACH
H3: 1071 | I3: 342 | J3: 323 | L3: 1075 | M3: 1078 | O3: 1077 | Q3: 1081 | S3: 1085 | U3: 1082 | V3: 1004 | W3: 990 | X3: 988 | Y3: 351 | Z3: 314 | AA3: 302 | AC3: 349 | AD3: 308 | AE3: 296 | AF3: 946 | AG3: 983 | AH3: 1087 | AI3: 945 | AJ3: 1084 | AK3: 1086 | AL3: 930 | AN3: 930 | AO3: 922 | AQ3: 1092 | AR3: 1094 | AS3: 1056 | AT3: 1093 | AU3: 1045 | AV3: 1091 | AW3: 1037 | AX3: 1080 | AY3: 1072 | AZ3: 1073 | BA3: 1003 | BB3: 1011 | BC3: 1017 | BD3: 1089 | BE3: 1021 | BF3: 994 | BG3: 988 | BH3: 978 | BI3: 970 | BJ3: 1090 | BK3: 1088 | BL3: 963 | BM3: 1062 | BN3: 1095
H4: input | L4: constant | M4: constant | O4: constant | Q4: constant | S4: constant | U4: constant | V4: constant | W4: expression | X4: expression | Y4: constant | Z4: expression | AA4: expression | AC4: constant | AD4: expression | AE4: expression | AF4: expression | AG4: expression | AH4: constant | AI4: expression | AJ4: constant | AK4: constant | AL4: expression | AN4: expression | AO4: expression | AQ4: constant | AR4: constant | AS4: expression | AT4: constant | AU4: expression | AV4: constant | AW4: expression | AX4: constant | AY4: input | AZ4: input | BA4: expression | BB4: expression | BC4: expression | BD4: constant | BE4: expression | BF4: expression | BG4: expression | BH4: expression | BI4: expression | BJ4: constant | BK4: constant | BL4: expression | BM4: expression | BN4: constant
L5: input | M5: input | O5: input | Q5: input | U5: input | AC5: input | AX5: input
H8: head | L8: days | M8: d | O8: d | Q8: kg | S8: d | U8: d | V8: d | W8: d | X8: kg / head / day | AF8: kg DM/head/day | AG8: kg/head/day | AH8: d | AI8: kg/head/day | AJ8: m3 CH4/kgVS | AK8: kg/m3 | AL8: kg CH4/head/day | AN8: kg CH4/head/day | AO8: kg CH4 | AQ8: fraction | AR8: fraction | AS8: t N2O | AT8: kg NH3-N + NOx-N / kg N | AU8: kg N | AV8: kg N2O-N / kg N | AW8: t N2O | AX8: kg | AY8: kg / head | AZ8: fraction | BA8: kg/head/day | BB8: kg/head/day | BC8: kg | BD8: kg | BE8: d | BF8: kg N / head / day | BG8: kg / head / day | BH8: kg N/head/day | BI8: kg N | BJ8: kg N2O-N/kg N | BK8: d | BL8: t N2O | BM8: kg N | BN8: kg N2O-N / kg N
H9: number of sheep in each time period and class | I9: Lambing rate | J9: Lamb marking rate | L9: number of days in each time period | M9: crude protein content of feed intake | O9: dry matter digestibility | Q9: liveweight | S9: fraction of waste in each MMS | U9: methane conversion factor for temperate zone and MMS | V9: proportion of ewes lactating each season or time period | W9: Proportion of lambs born in the time period | X9: Milk intake | AF9: dry matter intake | AG9: crude protein intake | AH9: ash content of feed intake | AI9: volatile solid production | AJ9: emisions potential | AK9: density of methane | AL9: methane produced from manure | AN9: methane produced from manure | AO9: annual methane production from manure | AQ9: fraction of N that is available for leaching and runoff | AR9: fraction of all N that is lost through leaching and runoff | AS9: Leaching and runoff emissions from urine and dung deposited on pasture | AT9: fraction of nitrogen volatilised from urine and faeces deposited on pasture | AU9: mass of nitrogen volatilised from urine and faeces deposited on pasture | AV9: nitrous oxide emission factor for atmospheric deposition | AW9: Annual atmospheric deposition emissions from urine and dung deposited on pasture | AX9: liveweight gain | AY9: greasy wool production per sheep class | AZ9: average clean wool yield per sheep class | BA9: milk production | BB9: clean wool production | BC9: empty body gain | BD9: standard reference weight | BE9: relative size | BF9: the amount of nitrogen retained by the body | BG9: milk intake for sheep | BH9: nitrogen excreted in each time-period and by each class | BI9: total mass of nitrogen excreted on PRP by sheep | BJ9: emission factor for nitrous oxide from urine and dung deposited to soil | BK9: factor to convert elemental mass of nitrous oxide to molecular mass | BL9: Total annual direct nitrous oxide emissions from agricultural soils from deposition of urine and dung | BM9: mass of nitrogen lost to leaching and runoff | BN9: emission factor for leaching and run off
A10: Scenario | B10: State | C10: State | D10: No unfenced water | E10: Class | G10: Month | H10: Njk | I10: LR | J10: LMR | K10: Custom Dj | L10: Dj | M10: CPjk | N10: Custom DMD | O10: DMDjk | P10: Custom liveweight | Q10: Wjk | R10: MMSm=1 | S10: MMSm=14 | T10: MCFim=1 | U10: MCFim=14 | V10: LEjk=3,4 | W10: PLjk=6 | X10: MCjk=6 | Y10: FAk | Z10: MAjk | AA10: qmjk | AB10: Custom DMA | AC10: DMAjk | AD10: RIjk | AE10: PIjk | AF10: Ijk | AG10: CPIjk | AH10: A | AI10: VSjk | AJ10: BO | AK10: 𝜌 | AL10: Mjkm=1 | AM10: Mjkm=14 | AN10: Mjk | AO10: ECH4 | AP10: ECH4 | AQ10: FracWet | AR10: FracLEACH | AS10: ESN2O,leach | AT10: FracGASMsoil | AU10: Mvol | AV10: EFN2O | AW10: EN2O,ad | AX10: LWGjk | AY10: GWk | AZ10: Yk | BA10: MPjk=3,4 | BB10: WPk | BC10: EBGjk | BD10: SRWk | BE10: Zjk | BF10: NRijk | BG10: MCjk=6 | BH10: NEjk | BI10: AE | BJ10: EFprp | BK10: CN2O | BL10: EN2O,dir | BM10: Mleach | BN10: EFleach
A11: Baseline | B11: ACT | C11: ACT/NSW | D11: yes | E11: Breeding ewes | F11: Spring | H11: 100 | I11: 95 | J11: 90 | L11: =$AV$3 -> 1091 | M11: {=_xludf.DROP(_xludf.XLOOKUP($C11,#REF!,#REF!),1)} -> #NAME? | O11: {=_xludf.DROP(_xludf.XLOOKUP($C11,#REF!,#REF!),1)} -> #NAME? | Q11: {=_xludf.DROP(_xludf.XLOOKUP($C11,#REF!,#REF!),1)} -> #NAME? | R11: =1-S11 -> 0 | S11: =IF($D$11="yes", 1, VLOOKUP($B$11, $AU$26:$AW$32, 1)) -> 1 | T11: =VLOOKUP($B$11,$AW$10:$AX$16, 2, FALSE) -> #N/A | U11: =$AV$10 -> EFN2O | V11: =(I11/100)*(MIN(J11,100)/100) -> 0.855 | W11: 0 | X11: =1.6 * W11 -> 0 | Y11: =$AY$1 -> 0 | Z11: =V11*Y11+(1-V11) -> 0.145 | AA11: =(0.795*O11)-0.0014 -> #NAME? | AC11: {=_xludf.DROP(_xludf.XLOOKUP($C11,#REF!,#REF!),1)} -> #NAME? | AD11: =1 - EXP(-2*(AC11^2)) -> #NAME? | AE11: =(104.7*AA11+0.307*Q11-15)*(Q11^0.75)*10^-3 -> #NAME? | AF11: =AE11*AD11*Z11 -> #NAME? | AG11: =(AF11 * M11) + (0.045 * X11) -> #NAME? | AH11: =$AV$2 -> 0 | AI11: =(AF11 * ((1 - O11) + (0.04 * AF11))) * ( 1 - AH11 ) -> #NAME? | AJ11: =$AV$1 -> 0 | AK11: =$AW$20 -> 0 | AL11: =AI11 * AJ11 * R11 * T11 * AK11 -> #NAME? | AM11: =AI11*AJ11*S11*U11*AK11 -> #NAME? | AN11: =AL11+AM11 -> #NAME? | AO11: =H11*AN11*L11 -> #NAME? | AP11: =SUM(AO11:AO34)*10^-3 -> #NAME? | AS11: =BM11 * BN11 * BK11 * 10^-3 -> #NAME? | AU11: =BI11 * AT11 -> 0 | AW11: =AU11 * AV11 * BK11 * 10^-3 -> 0 | BA11: =O11 * 1.6 -> #NAME? | BB11: =(AY11 * AZ11) / 365 -> 0 | BC11: =AX11 * 0.92 -> 0 | BE11: =L11 / BD11 -> #DIV/0! | BF11: =((0.045 * BA11) + (BB11 * 0.84) + (BC11 * ((212 - 4 * ((BC11 * 1000)/(4* BD11^0.75) - 1)) - ((140 - 4 * (((BC11 * 1000)/4 * BD11 ^0.75) - 1))/(1 + e ^ (-6 * (BE11 - 0.4)))))) * 10^-3) / 6.25 -> #NAME? | BG11: =1.6 * P11 -> 0 | BH11: =(R11 / 6.25 ) - NRjk -> #NAME? | BL11: =BI11 * BJ11 * BK11 * 10^-3 -> 0 | BM11: =BI11 * AM11 * AR11 -> #NAME?
F12: Summer | H12: 70 | I12: 0 | J12: 0 | L12: =$AV$3 -> 1091 | R12: =1-S12 -> 0 | S12: =IF($D$11="yes", 1, VLOOKUP($B$11, $AU$26:$AW$32, 1)) -> 1 | T12: =VLOOKUP($B$11,$AW$10:$AX$16, 2, FALSE) -> #N/A | U12: =$AV$10 -> EFN2O | V12: =(I12/100)*(MIN(J12,100)/100) -> 0 | W12: 0 | X12: =1.6 * W12 -> 0 | Y12: =$AY$1 -> 0 | Z12: =V12*Y12+(1-V12) -> 1 | AA12: =(0.795*O12)-0.0014 -> -0.0014 | AD12: =1 - EXP(-2*(AC12^2)) -> 0 | AE12: =(104.7*AA12+0.307*Q12-15)*(Q12^0.75)*10^-3 -> 0 | AF12: =AE12*AD12*Z12 -> 0 | AG12: =(AF12 * M12) + (0.045 * X12) -> 0 | AH12: =$AV$2 -> 0 | AI12: =(AF12 * ((1 - O12) + (0.04 * AF12))) * ( 1 - AH12 ) -> 0 | AJ12: =$AV$1 -> 0 | AK12: =$AW$20 -> 0 | AL12: =AI12 * AJ12 * R12 * T12 * AK12 -> #N/A | AM12: =AI12*AJ12*S12*U12*AK12 -> #VALUE! | AN12: =AL12+AM12 -> #N/A | AO12: =H12*AN12*L12 -> #N/A
F13: Autumn | H13: 65 | I13: 0 | J13: 0 | L13: =$AV$3 -> 1091 | R13: =1-S13 -> 0 | S13: =IF($D$11="yes", 1, VLOOKUP($B$11, $AU$26:$AW$32, 1)) -> 1 | T13: =VLOOKUP($B$11,$AW$10:$AX$16, 2, FALSE) -> #N/A | U13: =$AV$10 -> EFN2O | V13: =(I13/100)*(MIN(J13,100)/100) -> 0 | W13: 0 | X13: =1.6 * W13 -> 0 | Y13: =$AY$1 -> 0 | Z13: =V13*Y13+(1-V13) -> 1 | AA13: =(0.795*O13)-0.0014 -> -0.0014 | AD13: =1 - EXP(-2*(AC13^2)) -> 0 | AE13: =(104.7*AA13+0.307*Q13-15)*(Q13^0.75)*10^-3 -> 0 | AF13: =AE13*AD13*Z13 -> 0 | AG13: =(AF13 * M13) + (0.045 * X13) -> 0 | AH13: =$AV$2 -> 0 | AI13: =(AF13 * ((1 - O13) + (0.04 * AF13))) * ( 1 - AH13 ) -> 0 | AJ13: =$AV$1 -> 0 | AK13: =$AW$20 -> 0 | AL13: =AI13 * AJ13 * R13 * T13 * AK13 -> #N/A | AM13: =AI13*AJ13*S13*U13*AK13 -> #VALUE! | AN13: =AL13+AM13 -> #N/A | AO13: =H13*AN13*L13 -> #N/A
F14: Winter | H14: 80 | I14: 0 | J14: 0 | L14: =$AV$3 -> 1091 | R14: =1-S14 -> 0 | S14: =IF($D$11="yes", 1, VLOOKUP($B$11, $AU$26:$AW$32, 1)) -> 1 | T14: =VLOOKUP($B$11,$AW$10:$AX$16, 2, FALSE) -> #N/A | U14: =$AV$10 -> EFN2O | V14: =(I14/100)*(MIN(J14,100)/100) -> 0 | W14: 0 | X14: =1.6 * W14 -> 0 | Y14: =$AY$1 -> 0 | Z14: =V14*Y14+(1-V14) -> 1 | AA14: =(0.795*O14)-0.0014 -> -0.0014 | AD14: =1 - EXP(-2*(AC14^2)) -> 0 | AE14: =(104.7*AA14+0.307*Q14-15)*(Q14^0.75)*10^-3 -> 0 | AF14: =AE14*AD14*Z14 -> 0 | AG14: =(AF14 * M14) + (0.045 * X14) -> 0 | AH14: =$AV$2 -> 0 | AI14: =(AF14 * ((1 - O14) + (0.04 * AF14))) * ( 1 - AH14 ) -> 0 | AJ14: =$AV$1 -> 0 | AK14: =$AW$20 -> 0 | AL14: =AI14 * AJ14 * R14 * T14 * AK14 -> #N/A | AM14: =AI14*AJ14*S14*U14*AK14 -> #VALUE! | AN14: =AL14+AM14 -> #N/A | AO14: =H14*AN14*L14 -> #N/A
E15: Lambs and hoggets | F15: Spring | H15: 200 | I15: 0 | J15: 0 | L15: =$AV$3 -> 1091 | R15: =1-S15 -> 0 | S15: =IF($D$11="yes", 1, VLOOKUP($B$11, $AU$26:$AW$32, 1)) -> 1 | T15: =VLOOKUP($B$11,$AW$10:$AX$16, 2, FALSE) -> #N/A | U15: =$AV$10 -> EFN2O | V15: =(I15/100)*(MIN(J15,100)/100) -> 0 | W15: 1 | X15: =1.6 * W15 -> 1.6 | Y15: =$AY$1 -> 0 | Z15: =V15*Y15+(1-V15) -> 1 | AA15: =(0.795*O15)-0.0014 -> -0.0014 | AD15: =1 - EXP(-2*(AC15^2)) -> 0 | AE15: =(104.7*AA15+0.307*Q15-15)*(Q15^0.75)*10^-3 -> 0 | AF15: =AE15*AD15*Z15 -> 0 | AG15: =(AF15 * M15) + (0.045 * X15) -> 0.072 | AH15: =$AV$2 -> 0 | AI15: =(AF15 * ((1 - O15) + (0.04 * AF15))) * ( 1 - AH15 ) -> 0 | AJ15: =$AV$1 -> 0 | AK15: =$AW$20 -> 0 | AL15: =AI15 * AJ15 * R15 * T15 * AK15 -> #N/A | AM15: =AI15*AJ15*S15*U15*AK15 -> #VALUE! | AN15: =AL15+AM15 -> #N/A | AO15: =H15*AN15*L15 -> #N/A
F16: Summer | H16: 210 | I16: 0 | J16: 0 | L16: =$AV$3 -> 1091 | R16: =1-S16 -> 0 | S16: =IF($D$11="yes", 1, VLOOKUP($B$11, $AU$26:$AW$32, 1)) -> 1 | T16: =VLOOKUP($B$11,$AW$10:$AX$16, 2, FALSE) -> #N/A | U16: =$AV$10 -> EFN2O | V16: =(I16/100)*(MIN(J16,100)/100) -> 0 | W16: 0 | X16: =1.6 * W16 -> 0 | Y16: =$AY$1 -> 0 | Z16: =V16*Y16+(1-V16) -> 1 | AA16: =(0.795*O16)-0.0014 -> -0.0014 | AD16: =1 - EXP(-2*(AC16^2)) -> 0 | AE16: =(104.7*AA16+0.307*Q16-15)*(Q16^0.75)*10^-3 -> 0 | AF16: =AE16*AD16*Z16 -> 0 | AG16: =(AF16 * M16) + (0.045 * X16) -> 0 | AH16: =$AV$2 -> 0 | AI16: =(AF16 * ((1 - O16) + (0.04 * AF16))) * ( 1 - AH16 ) -> 0 | AJ16: =$AV$1 -> 0 | AK16: =$AW$20 -> 0 | AL16: =AI16 * AJ16 * R16 * T16 * AK16 -> #N/A | AM16: =AI16*AJ16*S16*U16*AK16 -> #VALUE! | AN16: =AL16+AM16 -> #N/A | AO16: =H16*AN16*L16 -> #N/A
F17: Autumn | H17: 170 | I17: 0 | J17: 0 | L17: =$AV$3 -> 1091 | R17: =1-S17 -> 0 | S17: =IF($D$11="yes", 1, VLOOKUP($B$11, $AU$26:$AW$32, 1)) -> 1 | T17: =VLOOKUP($B$11,$AW$10:$AX$16, 2, FALSE) -> #N/A | U17: =$AV$10 -> EFN2O | V17: =(I17/100)*(MIN(J17,100)/100) -> 0 | W17: 0 | X17: =1.6 * W17 -> 0 | Y17: =$AY$1 -> 0 | Z17: =V17*Y17+(1-V17) -> 1 | AA17: =(0.795*O17)-0.0014 -> -0.0014 | AD17: =1 - EXP(-2*(AC17^2)) -> 0 | AE17: =(104.7*AA17+0.307*Q17-15)*(Q17^0.75)*10^-3 -> 0 | AF17: =AE17*AD17*Z17 -> 0 | AG17: =(AF17 * M17) + (0.045 * X17) -> 0 | AH17: =$AV$2 -> 0 | AI17: =(AF17 * ((1 - O17) + (0.04 * AF17))) * ( 1 - AH17 ) -> 0 | AJ17: =$AV$1 -> 0 | AK17: =$AW$20 -> 0 | AL17: =AI17 * AJ17 * R17 * T17 * AK17 -> #N/A | AM17: =AI17*AJ17*S17*U17*AK17 -> #VALUE! | AN17: =AL17+AM17 -> #N/A | AO17: =H17*AN17*L17 -> #N/A
F18: Winter | H18: 200 | I18: 0 | J18: 0 | L18: =$AV$3 -> 1091 | R18: =1-S18 -> 0 | S18: =IF($D$11="yes", 1, VLOOKUP($B$11, $AU$26:$AW$32, 1)) -> 1 | T18: =VLOOKUP($B$11,$AW$10:$AX$16, 2, FALSE) -> #N/A | U18: =$AV$10 -> EFN2O | V18: =(I18/100)*(MIN(J18,100)/100) -> 0 | W18: 0 | X18: =1.6 * W18 -> 0 | Y18: =$AY$1 -> 0 | Z18: =V18*Y18+(1-V18) -> 1 | AA18: =(0.795*O18)-0.0014 -> -0.0014 | AD18: =1 - EXP(-2*(AC18^2)) -> 0 | AE18: =(104.7*AA18+0.307*Q18-15)*(Q18^0.75)*10^-3 -> 0 | AF18: =AE18*AD18*Z18 -> 0 | AG18: =(AF18 * M18) + (0.045 * X18) -> 0 | AH18: =$AV$2 -> 0 | AI18: =(AF18 * ((1 - O18) + (0.04 * AF18))) * ( 1 - AH18 ) -> 0 | AJ18: =$AV$1 -> 0 | AK18: =$AW$20 -> 0 | AL18: =AI18 * AJ18 * R18 * T18 * AK18 -> #N/A | AM18: =AI18*AJ18*S18*U18*AK18 -> #VALUE! | AN18: =AL18+AM18 -> #N/A | AO18: =H18*AN18*L18 -> #N/A
E19: Maiden ewes | F19: Spring | H19: 100 | I19: 95 | J19: 92 | L19: =$AV$3 -> 1091 | R19: =1-S19 -> 0 | S19: =IF($D$11="yes", 1, VLOOKUP($B$11, $AU$26:$AW$32, 1)) -> 1 | T19: =VLOOKUP($B$11,$AW$10:$AX$16, 2, FALSE) -> #N/A | U19: =$AV$10 -> EFN2O | V19: =(I19/100)*(MIN(J19,100)/100) -> 0.874 | W19: 0 | X19: =1.6 * W19 -> 0 | Y19: =$AY$1 -> 0 | Z19: =V19*Y19+(1-V19) -> 0.126 | AA19: =(0.795*O19)-0.0014 -> -0.0014 | AD19: =1 - EXP(-2*(AC19^2)) -> 0 | AE19: =(104.7*AA19+0.307*Q19-15)*(Q19^0.75)*10^-3 -> 0 | AF19: =AE19*AD19*Z19 -> 0 | AG19: =(AF19 * M19) + (0.045 * X19) -> 0 | AH19: =$AV$2 -> 0 | AI19: =(AF19 * ((1 - O19) + (0.04 * AF19))) * ( 1 - AH19 ) -> 0 | AJ19: =$AV$1 -> 0 | AK19: =$AW$20 -> 0 | AL19: =AI19 * AJ19 * R19 * T19 * AK19 -> #N/A | AM19: =AI19*AJ19*S19*U19*AK19 -> #VALUE! | AN19: =AL19+AM19 -> #N/A | AO19: =H19*AN19*L19 -> #N/A
F20: Summer | H20: 140 | I20: 0 | J20: 0 | L20: =$AV$3 -> 1091 | R20: =1-S20 -> 0 | S20: =IF($D$11="yes", 1, VLOOKUP($B$11, $AU$26:$AW$32, 1)) -> 1 | T20: =VLOOKUP($B$11,$AW$10:$AX$16, 2, FALSE) -> #N/A | U20: =$AV$10 -> EFN2O | V20: =(I20/100)*(MIN(J20,100)/100) -> 0 | W20: 0 | X20: =1.6 * W20 -> 0 | Y20: =$AY$1 -> 0 | Z20: =V20*Y20+(1-V20) -> 1 | AA20: =(0.795*O20)-0.0014 -> -0.0014 | AD20: =1 - EXP(-2*(AC20^2)) -> 0 | AE20: =(104.7*AA20+0.307*Q20-15)*(Q20^0.75)*10^-3 -> 0 | AF20: =AE20*AD20*Z20 -> 0 | AG20: =(AF20 * M20) + (0.045 * X20) -> 0 | AH20: =$AV$2 -> 0 | AI20: =(AF20 * ((1 - O20) + (0.04 * AF20))) * ( 1 - AH20 ) -> 0 | AJ20: =$AV$1 -> 0 | AK20: =$AW$20 -> 0 | AL20: =AI20 * AJ20 * R20 * T20 * AK20 -> #N/A | AM20: =AI20*AJ20*S20*U20*AK20 -> #VALUE! | AN20: =AL20+AM20 -> #N/A | AO20: =H20*AN20*L20 -> #N/A
F21: Autumn | H21: 135 | I21: 0 | J21: 0 | L21: =$AV$3 -> 1091 | R21: =1-S21 -> 0 | S21: =IF($D$11="yes", 1, VLOOKUP($B$11, $AU$26:$AW$32, 1)) -> 1 | T21: =VLOOKUP($B$11,$AW$10:$AX$16, 2, FALSE) -> #N/A | U21: =$AV$10 -> EFN2O | V21: =(I21/100)*(MIN(J21,100)/100) -> 0 | W21: 0 | X21: =1.6 * W21 -> 0 | Y21: =$AY$1 -> 0 | Z21: =V21*Y21+(1-V21) -> 1 | AA21: =(0.795*O21)-0.0014 -> -0.0014 | AD21: =1 - EXP(-2*(AC21^2)) -> 0 | AE21: =(104.7*AA21+0.307*Q21-15)*(Q21^0.75)*10^-3 -> 0 | AF21: =AE21*AD21*Z21 -> 0 | AG21: =(AF21 * M21) + (0.045 * X21) -> 0 | AH21: =$AV$2 -> 0 | AI21: =(AF21 * ((1 - O21) + (0.04 * AF21))) * ( 1 - AH21 ) -> 0 | AJ21: =$AV$1 -> 0 | AK21: =$AW$20 -> 0 | AL21: =AI21 * AJ21 * R21 * T21 * AK21 -> #N/A | AM21: =AI21*AJ21*S21*U21*AK21 -> #VALUE! | AN21: =AL21+AM21 -> #N/A | AO21: =H21*AN21*L21 -> #N/A
F22: Winter | H22: 130 | I22: 0 | J22: 0 | L22: =$AV$3 -> 1091 | R22: =1-S22 -> 0 | S22: =IF($D$11="yes", 1, VLOOKUP($B$11, $AU$26:$AW$32, 1)) -> 1 | T22: =VLOOKUP($B$11,$AW$10:$AX$16, 2, FALSE) -> #N/A | U22: =$AV$10 -> EFN2O | V22: =(I22/100)*(MIN(J22,100)/100) -> 0 | W22: 0 | X22: =1.6 * W22 -> 0 | Y22: =$AY$1 -> 0 | Z22: =V22*Y22+(1-V22) -> 1 | AA22: =(0.795*O22)-0.0014 -> -0.0014 | AD22: =1 - EXP(-2*(AC22^2)) -> 0 | AE22: =(104.7*AA22+0.307*Q22-15)*(Q22^0.75)*10^-3 -> 0 | AF22: =AE22*AD22*Z22 -> 0 | AG22: =(AF22 * M22) + (0.045 * X22) -> 0 | AH22: =$AV$2 -> 0 | AI22: =(AF22 * ((1 - O22) + (0.04 * AF22))) * ( 1 - AH22 ) -> 0 | AJ22: =$AV$1 -> 0 | AK22: =$AW$20 -> 0 | AL22: =AI22 * AJ22 * R22 * T22 * AK22 -> #N/A | AM22: =AI22*AJ22*S22*U22*AK22 -> #VALUE! | AN22: =AL22+AM22 -> #N/A | AO22: =H22*AN22*L22 -> #N/A
E23: Other ewes | F23: Spring | H23: 200 | I23: 0 | J23: 0 | L23: =$AV$3 -> 1091 | R23: =1-S23 -> 0 | S23: =IF($D$11="yes", 1, VLOOKUP($B$11, $AU$26:$AW$32, 1)) -> 1 | T23: =VLOOKUP($B$11,$AW$10:$AX$16, 2, FALSE) -> #N/A | U23: =$AV$10 -> EFN2O | V23: =(I23/100)*(MIN(J23,100)/100) -> 0 | W23: 0 | X23: =1.6 * W23 -> 0 | Y23: =$AY$1 -> 0 | Z23: =V23*Y23+(1-V23) -> 1 | AA23: =(0.795*O23)-0.0014 -> -0.0014 | AD23: =1 - EXP(-2*(AC23^2)) -> 0 | AE23: =(104.7*AA23+0.307*Q23-15)*(Q23^0.75)*10^-3 -> 0 | AF23: =AE23*AD23*Z23 -> 0 | AG23: =(AF23 * M23) + (0.045 * X23) -> 0 | AH23: =$AV$2 -> 0 | AI23: =(AF23 * ((1 - O23) + (0.04 * AF23))) * ( 1 - AH23 ) -> 0 | AJ23: =$AV$1 -> 0 | AK23: =$AW$20 -> 0 | AL23: =AI23 * AJ23 * R23 * T23 * AK23 -> #N/A | AM23: =AI23*AJ23*S23*U23*AK23 -> #VALUE! | AN23: =AL23+AM23 -> #N/A | AO23: =H23*AN23*L23 -> #N/A
F24: Summer | H24: 210 | I24: 0 | J24: 0 | L24: =$AV$3 -> 1091 | R24: =1-S24 -> 0 | S24: =IF($D$11="yes", 1, VLOOKUP($B$11, $AU$26:$AW$32, 1)) -> 1 | T24: =VLOOKUP($B$11,$AW$10:$AX$16, 2, FALSE) -> #N/A | U24: =$AV$10 -> EFN2O | V24: =(I24/100)*(MIN(J24,100)/100) -> 0 | W24: 0 | X24: =1.6 * W24 -> 0 | Y24: =$AY$1 -> 0 | Z24: =V24*Y24+(1-V24) -> 1 | AA24: =(0.795*O24)-0.0014 -> -0.0014 | AD24: =1 - EXP(-2*(AC24^2)) -> 0 | AE24: =(104.7*AA24+0.307*Q24-15)*(Q24^0.75)*10^-3 -> 0 | AF24: =AE24*AD24*Z24 -> 0 | AG24: =(AF24 * M24) + (0.045 * X24) -> 0 | AH24: =$AV$2 -> 0 | AI24: =(AF24 * ((1 - O24) + (0.04 * AF24))) * ( 1 - AH24 ) -> 0 | AJ24: =$AV$1 -> 0 | AK24: =$AW$20 -> 0 | AL24: =AI24 * AJ24 * R24 * T24 * AK24 -> #N/A | AM24: =AI24*AJ24*S24*U24*AK24 -> #VALUE! | AN24: =AL24+AM24 -> #N/A | AO24: =H24*AN24*L24 -> #N/A
F25: Autumn | H25: 190 | I25: 0 | J25: 0 | L25: =$AV$3 -> 1091 | R25: =1-S25 -> 0 | S25: =IF($D$11="yes", 1, VLOOKUP($B$11, $AU$26:$AW$32, 1)) -> 1 | T25: =VLOOKUP($B$11,$AW$10:$AX$16, 2, FALSE) -> #N/A | U25: =$AV$10 -> EFN2O | V25: =(I25/100)*(MIN(J25,100)/100) -> 0 | W25: 0 | X25: =1.6 * W25 -> 0 | Y25: =$AY$1 -> 0 | Z25: =V25*Y25+(1-V25) -> 1 | AA25: =(0.795*O25)-0.0014 -> -0.0014 | AD25: =1 - EXP(-2*(AC25^2)) -> 0 | AE25: =(104.7*AA25+0.307*Q25-15)*(Q25^0.75)*10^-3 -> 0 | AF25: =AE25*AD25*Z25 -> 0 | AG25: =(AF25 * M25) + (0.045 * X25) -> 0 | AH25: =$AV$2 -> 0 | AI25: =(AF25 * ((1 - O25) + (0.04 * AF25))) * ( 1 - AH25 ) -> 0 | AJ25: =$AV$1 -> 0 | AK25: =$AW$20 -> 0 | AL25: =AI25 * AJ25 * R25 * T25 * AK25 -> #N/A | AM25: =AI25*AJ25*S25*U25*AK25 -> #VALUE! | AN25: =AL25+AM25 -> #N/A | AO25: =H25*AN25*L25 -> #N/A
F26: Winter | H26: 180 | I26: 0 | J26: 0 | L26: =$AV$3 -> 1091 | R26: =1-S26 -> 0 | S26: =IF($D$11="yes", 1, VLOOKUP($B$11, $AU$26:$AW$32, 1)) -> 1 | T26: =VLOOKUP($B$11,$AW$10:$AX$16, 2, FALSE) -> #N/A | U26: =$AV$10 -> EFN2O | V26: =(I26/100)*(MIN(J26,100)/100) -> 0 | W26: 0 | X26: =1.6 * W26 -> 0 | Y26: =$AY$1 -> 0 | Z26: =V26*Y26+(1-V26) -> 1 | AA26: =(0.795*O26)-0.0014 -> -0.0014 | AD26: =1 - EXP(-2*(AC26^2)) -> 0 | AE26: =(104.7*AA26+0.307*Q26-15)*(Q26^0.75)*10^-3 -> 0 | AF26: =AE26*AD26*Z26 -> 0 | AG26: =(AF26 * M26) + (0.045 * X26) -> 0 | AH26: =$AV$2 -> 0 | AI26: =(AF26 * ((1 - O26) + (0.04 * AF26))) * ( 1 - AH26 ) -> 0 | AJ26: =$AV$1 -> 0 | AK26: =$AW$20 -> 0 | AL26: =AI26 * AJ26 * R26 * T26 * AK26 -> #N/A | AM26: =AI26*AJ26*S26*U26*AK26 -> #VALUE! | AN26: =AL26+AM26 -> #N/A | AO26: =H26*AN26*L26 -> #N/A
E27: Rams | F27: Spring | H27: 50 | I27: 0 | J27: 0 | L27: =$AV$3 -> 1091 | R27: =1-S27 -> 0 | S27: =IF($D$11="yes", 1, VLOOKUP($B$11, $AU$26:$AW$32, 1)) -> 1 | T27: =VLOOKUP($B$11,$AW$10:$AX$16, 2, FALSE) -> #N/A | U27: =$AV$10 -> EFN2O | V27: =(I27/100)*(MIN(J27,100)/100) -> 0 | W27: 0 | X27: =1.6 * W27 -> 0 | Y27: =$AY$1 -> 0 | Z27: =V27*Y27+(1-V27) -> 1 | AA27: =(0.795*O27)-0.0014 -> -0.0014 | AD27: =1 - EXP(-2*(AC27^2)) -> 0 | AE27: =(104.7*AA27+0.307*Q27-15)*(Q27^0.75)*10^-3 -> 0 | AF27: =AE27*AD27*Z27 -> 0 | AG27: =(AF27 * M27) + (0.045 * X27) -> 0 | AH27: =$AV$2 -> 0 | AI27: =(AF27 * ((1 - O27) + (0.04 * AF27))) * ( 1 - AH27 ) -> 0 | AJ27: =$AV$1 -> 0 | AK27: =$AW$20 -> 0 | AL27: =AI27 * AJ27 * R27 * T27 * AK27 -> #N/A | AM27: =AI27*AJ27*S27*U27*AK27 -> #VALUE! | AN27: =AL27+AM27 -> #N/A | AO27: =H27*AN27*L27 -> #N/A
F28: Summer | H28: 55 | I28: 0 | J28: 0 | L28: =$AV$3 -> 1091 | R28: =1-S28 -> 0 | S28: =IF($D$11="yes", 1, VLOOKUP($B$11, $AU$26:$AW$32, 1)) -> 1 | T28: =VLOOKUP($B$11,$AW$10:$AX$16, 2, FALSE) -> #N/A | U28: =$AV$10 -> EFN2O | V28: =(I28/100)*(MIN(J28,100)/100) -> 0 | W28: 0 | X28: =1.6 * W28 -> 0 | Y28: =$AY$1 -> 0 | Z28: =V28*Y28+(1-V28) -> 1 | AA28: =(0.795*O28)-0.0014 -> -0.0014 | AD28: =1 - EXP(-2*(AC28^2)) -> 0 | AE28: =(104.7*AA28+0.307*Q28-15)*(Q28^0.75)*10^-3 -> 0 | AF28: =AE28*AD28*Z28 -> 0 | AG28: =(AF28 * M28) + (0.045 * X28) -> 0 | AH28: =$AV$2 -> 0 | AI28: =(AF28 * ((1 - O28) + (0.04 * AF28))) * ( 1 - AH28 ) -> 0 | AJ28: =$AV$1 -> 0 | AK28: =$AW$20 -> 0 | AL28: =AI28 * AJ28 * R28 * T28 * AK28 -> #N/A | AM28: =AI28*AJ28*S28*U28*AK28 -> #VALUE! | AN28: =AL28+AM28 -> #N/A | AO28: =H28*AN28*L28 -> #N/A
F29: Autumn | H29: 60 | I29: 0 | J29: 0 | L29: =$AV$3 -> 1091 | R29: =1-S29 -> 0 | S29: =IF($D$11="yes", 1, VLOOKUP($B$11, $AU$26:$AW$32, 1)) -> 1 | T29: =VLOOKUP($B$11,$AW$10:$AX$16, 2, FALSE) -> #N/A | U29: =$AV$10 -> EFN2O | V29: =(I29/100)*(MIN(J29,100)/100) -> 0 | W29: 0 | X29: =1.6 * W29 -> 0 | Y29: =$AY$1 -> 0 | Z29: =V29*Y29+(1-V29) -> 1 | AA29: =(0.795*O29)-0.0014 -> -0.0014 | AD29: =1 - EXP(-2*(AC29^2)) -> 0 | AE29: =(104.7*AA29+0.307*Q29-15)*(Q29^0.75)*10^-3 -> 0 | AF29: =AE29*AD29*Z29 -> 0 | AG29: =(AF29 * M29) + (0.045 * X29) -> 0 | AH29: =$AV$2 -> 0 | AI29: =(AF29 * ((1 - O29) + (0.04 * AF29))) * ( 1 - AH29 ) -> 0 | AJ29: =$AV$1 -> 0 | AK29: =$AW$20 -> 0 | AL29: =AI29 * AJ29 * R29 * T29 * AK29 -> #N/A | AM29: =AI29*AJ29*S29*U29*AK29 -> #VALUE! | AN29: =AL29+AM29 -> #N/A | AO29: =H29*AN29*L29 -> #N/A
F30: Winter | H30: 65 | I30: 0 | J30: 0 | L30: =$AV$3 -> 1091 | R30: =1-S30 -> 0 | S30: =IF($D$11="yes", 1, VLOOKUP($B$11, $AU$26:$AW$32, 1)) -> 1 | T30: =VLOOKUP($B$11,$AW$10:$AX$16, 2, FALSE) -> #N/A | U30: =$AV$10 -> EFN2O | V30: =(I30/100)*(MIN(J30,100)/100) -> 0 | W30: 0 | X30: =1.6 * W30 -> 0 | Y30: =$AY$1 -> 0 | Z30: =V30*Y30+(1-V30) -> 1 | AA30: =(0.795*O30)-0.0014 -> -0.0014 | AD30: =1 - EXP(-2*(AC30^2)) -> 0 | AE30: =(104.7*AA30+0.307*Q30-15)*(Q30^0.75)*10^-3 -> 0 | AF30: =AE30*AD30*Z30 -> 0 | AG30: =(AF30 * M30) + (0.045 * X30) -> 0 | AH30: =$AV$2 -> 0 | AI30: =(AF30 * ((1 - O30) + (0.04 * AF30))) * ( 1 - AH30 ) -> 0 | AJ30: =$AV$1 -> 0 | AK30: =$AW$20 -> 0 | AL30: =AI30 * AJ30 * R30 * T30 * AK30 -> #N/A | AM30: =AI30*AJ30*S30*U30*AK30 -> #VALUE! | AN30: =AL30+AM30 -> #N/A | AO30: =H30*AN30*L30 -> #N/A
E31: Wethers | F31: Spring | H31: 50 | I31: 0 | J31: 0 | L31: =$AV$3 -> 1091 | R31: =1-S31 -> 0 | S31: =IF($D$11="yes", 1, VLOOKUP($B$11, $AU$26:$AW$32, 1)) -> 1 | T31: =VLOOKUP($B$11,$AW$10:$AX$16, 2, FALSE) -> #N/A | U31: =$AV$10 -> EFN2O | V31: =(I31/100)*(MIN(J31,100)/100) -> 0 | W31: 0 | X31: =1.6 * W31 -> 0 | Y31: =$AY$1 -> 0 | Z31: =V31*Y31+(1-V31) -> 1 | AA31: =(0.795*O31)-0.0014 -> -0.0014 | AD31: =1 - EXP(-2*(AC31^2)) -> 0 | AE31: =(104.7*AA31+0.307*Q31-15)*(Q31^0.75)*10^-3 -> 0 | AF31: =AE31*AD31*Z31 -> 0 | AG31: =(AF31 * M31) + (0.045 * X31) -> 0 | AH31: =$AV$2 -> 0 | AI31: =(AF31 * ((1 - O31) + (0.04 * AF31))) * ( 1 - AH31 ) -> 0 | AJ31: =$AV$1 -> 0 | AK31: =$AW$20 -> 0 | AL31: =AI31 * AJ31 * R31 * T31 * AK31 -> #N/A | AM31: =AI31*AJ31*S31*U31*AK31 -> #VALUE! | AN31: =AL31+AM31 -> #N/A | AO31: =H31*AN31*L31 -> #N/A
F32: Summer | H32: 100 | I32: 0 | J32: 0 | L32: =$AV$3 -> 1091 | R32: =1-S32 -> 0 | S32: =IF($D$11="yes", 1, VLOOKUP($B$11, $AU$26:$AW$32, 1)) -> 1 | T32: =VLOOKUP($B$11,$AW$10:$AX$16, 2, FALSE) -> #N/A | U32: =$AV$10 -> EFN2O | V32: =(I32/100)*(MIN(J32,100)/100) -> 0 | W32: 0 | X32: =1.6 * W32 -> 0 | Y32: =$AY$1 -> 0 | Z32: =V32*Y32+(1-V32) -> 1 | AA32: =(0.795*O32)-0.0014 -> -0.0014 | AD32: =1 - EXP(-2*(AC32^2)) -> 0 | AE32: =(104.7*AA32+0.307*Q32-15)*(Q32^0.75)*10^-3 -> 0 | AF32: =AE32*AD32*Z32 -> 0 | AG32: =(AF32 * M32) + (0.045 * X32) -> 0 | AH32: =$AV$2 -> 0 | AI32: =(AF32 * ((1 - O32) + (0.04 * AF32))) * ( 1 - AH32 ) -> 0 | AJ32: =$AV$1 -> 0 | AK32: =$AW$20 -> 0 | AL32: =AI32 * AJ32 * R32 * T32 * AK32 -> #N/A | AM32: =AI32*AJ32*S32*U32*AK32 -> #VALUE! | AN32: =AL32+AM32 -> #N/A | AO32: =H32*AN32*L32 -> #N/A
F33: Autumn | H33: 90 | I33: 0 | J33: 0 | L33: =$AV$3 -> 1091 | R33: =1-S33 -> 0 | S33: =IF($D$11="yes", 1, VLOOKUP($B$11, $AU$26:$AW$32, 1)) -> 1 | T33: =VLOOKUP($B$11,$AW$10:$AX$16, 2, FALSE) -> #N/A | U33: =$AV$10 -> EFN2O | V33: =(I33/100)*(MIN(J33,100)/100) -> 0 | W33: 0 | X33: =1.6 * W33 -> 0 | Y33: =$AY$1 -> 0 | Z33: =V33*Y33+(1-V33) -> 1 | AA33: =(0.795*O33)-0.0014 -> -0.0014 | AD33: =1 - EXP(-2*(AC33^2)) -> 0 | AE33: =(104.7*AA33+0.307*Q33-15)*(Q33^0.75)*10^-3 -> 0 | AF33: =AE33*AD33*Z33 -> 0 | AG33: =(AF33 * M33) + (0.045 * X33) -> 0 | AH33: =$AV$2 -> 0 | AI33: =(AF33 * ((1 - O33) + (0.04 * AF33))) * ( 1 - AH33 ) -> 0 | AJ33: =$AV$1 -> 0 | AK33: =$AW$20 -> 0 | AL33: =AI33 * AJ33 * R33 * T33 * AK33 -> #N/A | AM33: =AI33*AJ33*S33*U33*AK33 -> #VALUE! | AN33: =AL33+AM33 -> #N/A | AO33: =H33*AN33*L33 -> #N/A
F34: Winter | H34: 80 | I34: 0 | J34: 0 | L34: =$AV$3 -> 1091 | R34: =1-S34 -> 0 | S34: =IF($D$11="yes", 1, VLOOKUP($B$11, $AU$26:$AW$32, 1)) -> 1 | T34: =VLOOKUP($B$11,$AW$10:$AX$16, 2, FALSE) -> #N/A | U34: =$AV$10 -> EFN2O | V34: =(I34/100)*(MIN(J34,100)/100) -> 0 | W34: 0 | X34: =1.6 * W34 -> 0 | Y34: =$AY$1 -> 0 | Z34: =V34*Y34+(1-V34) -> 1 | AA34: =(0.795*O34)-0.0014 -> -0.0014 | AD34: =1 - EXP(-2*(AC34^2)) -> 0 | AE34: =(104.7*AA34+0.307*Q34-15)*(Q34^0.75)*10^-3 -> 0 | AF34: =AE34*AD34*Z34 -> 0 | AG34: =(AF34 * M34) + (0.045 * X34) -> 0 | AH34: =$AV$2 -> 0 | AI34: =(AF34 * ((1 - O34) + (0.04 * AF34))) * ( 1 - AH34 ) -> 0 | AJ34: =$AV$1 -> 0 | AK34: =$AW$20 -> 0 | AL34: =AI34 * AJ34 * R34 * T34 * AK34 -> #N/A | AM34: =AI34*AJ34*S34*U34*AK34 -> #VALUE! | AN34: =AL34+AM34 -> #N/A | AO34: =H34*AN34*L34 -> #N/A
A41: NSW | B41: NSW | C41: ACT/NSW | D41: no | E41: Breeding ewes | F41: Spring | H41: 100 | I41: 95 | J41: 90 | L41: =$AV$3 -> 1091 | M41: {=_xludf.DROP(_xludf.XLOOKUP($C41,#REF!,#REF!),1)} -> #NAME? | O41: {=_xludf.DROP(_xludf.XLOOKUP($C41,#REF!,#REF!),1)} -> #NAME? | Q41: {=_xludf.DROP(_xludf.XLOOKUP($C41,#REF!,#REF!),1)} -> #NAME? | R41: =1-S41 -> #N/A | S41: =IF($D41="yes", 1, VLOOKUP($B41, $AU$26:$AW$32, 2, FALSE)/100) -> #N/A | T41: =VLOOKUP($B41,$AW$10:$AX$16, 2, FALSE) -> #N/A | U41: =$AV$10 -> EFN2O | V41: =(I41/100)*(MIN(J41,100)/100) -> 0.855 | W41: 0 | X41: =1.6 * W41 -> 0 | Y41: =$AY$1 -> 0 | Z41: =V41*Y41+(1-V41) -> 0.145 | AA41: =(0.795*O41)-0.0014 -> #NAME? | AC41: {=_xludf.DROP(_xludf.XLOOKUP($C41,#REF!,#REF!),1)} -> #NAME? | AD41: =1 - EXP(-2*(AC41^2)) -> #NAME? | AE41: =(104.7*AA41+0.307*Q41-15)*(Q41^0.75)*10^-3 -> #NAME? | AF41: =AE41*AD41*Z41 -> #NAME? | AG41: =(AF41 * M41) + (0.045 * X41) -> #NAME? | AH41: =$AV$2 -> 0 | AI41: =(AF41 * ((1 - O41) + (0.04 * AF41))) * ( 1 - AH41 ) -> #NAME? | AJ41: =$AV$1 -> 0 | AK41: =$AW$20 -> 0 | AL41: =AI41 * AJ41 * R41 * T41 * AK41 -> #NAME? | AM41: =AI41*AJ41*S41*U41*AK41 -> #NAME? | AN41: =AL41+AM41 -> #NAME? | AO41: =H41*AN41*L41 -> #NAME? | AP41: =SUM(AO41:AO64)*10^-3 -> #NAME?
F42: Summer | H42: 70 | I42: 0 | J42: 0 | L42: =$AV$3 -> 1091 | R42: =1-S42 -> #N/A | S42: =S41 -> #N/A | T42: =T41 -> #N/A | U42: =$AV$10 -> EFN2O | V42: =(I42/100)*(MIN(J42,100)/100) -> 0 | W42: 0 | X42: =1.6 * W42 -> 0 | Y42: =$AY$1 -> 0 | Z42: =V42*Y42+(1-V42) -> 1 | AA42: =(0.795*O42)-0.0014 -> -0.0014 | AD42: =1 - EXP(-2*(AC42^2)) -> 0 | AE42: =(104.7*AA42+0.307*Q42-15)*(Q42^0.75)*10^-3 -> 0 | AF42: =AE42*AD42*Z42 -> 0 | AG42: =(AF42 * M42) + (0.045 * X42) -> 0 | AH42: =$AV$2 -> 0 | AI42: =(AF42 * ((1 - O42) + (0.04 * AF42))) * ( 1 - AH42 ) -> 0 | AJ42: =$AV$1 -> 0 | AK42: =$AW$20 -> 0 | AL42: =AI42 * AJ42 * R42 * T42 * AK42 -> #N/A | AM42: =AI42*AJ42*S42*U42*AK42 -> #N/A | AN42: =AL42+AM42 -> #N/A | AO42: =H42*AN42*L42 -> #N/A
F43: Autumn | H43: 65 | I43: 0 | J43: 0 | L43: =$AV$3 -> 1091 | R43: =1-S43 -> #N/A | S43: =S41 -> #N/A | T43: =T41 -> #N/A | U43: =$AV$10 -> EFN2O | V43: =(I43/100)*(MIN(J43,100)/100) -> 0 | W43: 0 | X43: =1.6 * W43 -> 0 | Y43: =$AY$1 -> 0 | Z43: =V43*Y43+(1-V43) -> 1 | AA43: =(0.795*O43)-0.0014 -> -0.0014 | AD43: =1 - EXP(-2*(AC43^2)) -> 0 | AE43: =(104.7*AA43+0.307*Q43-15)*(Q43^0.75)*10^-3 -> 0 | AF43: =AE43*AD43*Z43 -> 0 | AG43: =(AF43 * M43) + (0.045 * X43) -> 0 | AH43: =$AV$2 -> 0 | AI43: =(AF43 * ((1 - O43) + (0.04 * AF43))) * ( 1 - AH43 ) -> 0 | AJ43: =$AV$1 -> 0 | AK43: =$AW$20 -> 0 | AL43: =AI43 * AJ43 * R43 * T43 * AK43 -> #N/A | AM43: =AI43*AJ43*S43*U43*AK43 -> #N/A | AN43: =AL43+AM43 -> #N/A | AO43: =H43*AN43*L43 -> #N/A
F44: Winter | H44: 80 | I44: 0 | J44: 0 | L44: =$AV$3 -> 1091 | R44: =1-S44 -> #N/A | S44: =S41 -> #N/A | T44: =T41 -> #N/A | U44: =$AV$10 -> EFN2O | V44: =(I44/100)*(MIN(J44,100)/100) -> 0 | W44: 0 | X44: =1.6 * W44 -> 0 | Y44: =$AY$1 -> 0 | Z44: =V44*Y44+(1-V44) -> 1 | AA44: =(0.795*O44)-0.0014 -> -0.0014 | AD44: =1 - EXP(-2*(AC44^2)) -> 0 | AE44: =(104.7*AA44+0.307*Q44-15)*(Q44^0.75)*10^-3 -> 0 | AF44: =AE44*AD44*Z44 -> 0 | AG44: =(AF44 * M44) + (0.045 * X44) -> 0 | AH44: =$AV$2 -> 0 | AI44: =(AF44 * ((1 - O44) + (0.04 * AF44))) * ( 1 - AH44 ) -> 0 | AJ44: =$AV$1 -> 0 | AK44: =$AW$20 -> 0 | AL44: =AI44 * AJ44 * R44 * T44 * AK44 -> #N/A | AM44: =AI44*AJ44*S44*U44*AK44 -> #N/A | AN44: =AL44+AM44 -> #N/A | AO44: =H44*AN44*L44 -> #N/A
E45: Lambs and hoggets | F45: Spring | H45: 200 | I45: 0 | J45: 0 | L45: =$AV$3 -> 1091 | R45: =1-S45 -> #N/A | S45: =S41 -> #N/A | T45: =T41 -> #N/A | U45: =$AV$10 -> EFN2O | V45: =(I45/100)*(MIN(J45,100)/100) -> 0 | W45: 1 | X45: =1.6 * W45 -> 1.6 | Y45: =$AY$1 -> 0 | Z45: =V45*Y45+(1-V45) -> 1 | AA45: =(0.795*O45)-0.0014 -> -0.0014 | AD45: =1 - EXP(-2*(AC45^2)) -> 0 | AE45: =(104.7*AA45+0.307*Q45-15)*(Q45^0.75)*10^-3 -> 0 | AF45: =AE45*AD45*Z45 -> 0 | AG45: =(AF45 * M45) + (0.045 * X45) -> 0.072 | AH45: =$AV$2 -> 0 | AI45: =(AF45 * ((1 - O45) + (0.04 * AF45))) * ( 1 - AH45 ) -> 0 | AJ45: =$AV$1 -> 0 | AK45: =$AW$20 -> 0 | AL45: =AI45 * AJ45 * R45 * T45 * AK45 -> #N/A | AM45: =AI45*AJ45*S45*U45*AK45 -> #N/A | AN45: =AL45+AM45 -> #N/A | AO45: =H45*AN45*L45 -> #N/A
F46: Summer | H46: 210 | I46: 0 | J46: 0 | L46: =$AV$3 -> 1091 | R46: =1-S46 -> #N/A | S46: =S41 -> #N/A | T46: =T41 -> #N/A | U46: =$AV$10 -> EFN2O | V46: =(I46/100)*(MIN(J46,100)/100) -> 0 | W46: 0 | X46: =1.6 * W46 -> 0 | Y46: =$AY$1 -> 0 | Z46: =V46*Y46+(1-V46) -> 1 | AA46: =(0.795*O46)-0.0014 -> -0.0014 | AD46: =1 - EXP(-2*(AC46^2)) -> 0 | AE46: =(104.7*AA46+0.307*Q46-15)*(Q46^0.75)*10^-3 -> 0 | AF46: =AE46*AD46*Z46 -> 0 | AG46: =(AF46 * M46) + (0.045 * X46) -> 0 | AH46: =$AV$2 -> 0 | AI46: =(AF46 * ((1 - O46) + (0.04 * AF46))) * ( 1 - AH46 ) -> 0 | AJ46: =$AV$1 -> 0 | AK46: =$AW$20 -> 0 | AL46: =AI46 * AJ46 * R46 * T46 * AK46 -> #N/A | AM46: =AI46*AJ46*S46*U46*AK46 -> #N/A | AN46: =AL46+AM46 -> #N/A | AO46: =H46*AN46*L46 -> #N/A
F47: Autumn | H47: 170 | I47: 0 | J47: 0 | L47: =$AV$3 -> 1091 | R47: =1-S47 -> #N/A | S47: =S41 -> #N/A | T47: =T41 -> #N/A | U47: =$AV$10 -> EFN2O | V47: =(I47/100)*(MIN(J47,100)/100) -> 0 | W47: 0 | X47: =1.6 * W47 -> 0 | Y47: =$AY$1 -> 0 | Z47: =V47*Y47+(1-V47) -> 1 | AA47: =(0.795*O47)-0.0014 -> -0.0014 | AD47: =1 - EXP(-2*(AC47^2)) -> 0 | AE47: =(104.7*AA47+0.307*Q47-15)*(Q47^0.75)*10^-3 -> 0 | AF47: =AE47*AD47*Z47 -> 0 | AG47: =(AF47 * M47) + (0.045 * X47) -> 0 | AH47: =$AV$2 -> 0 | AI47: =(AF47 * ((1 - O47) + (0.04 * AF47))) * ( 1 - AH47 ) -> 0 | AJ47: =$AV$1 -> 0 | AK47: =$AW$20 -> 0 | AL47: =AI47 * AJ47 * R47 * T47 * AK47 -> #N/A | AM47: =AI47*AJ47*S47*U47*AK47 -> #N/A | AN47: =AL47+AM47 -> #N/A | AO47: =H47*AN47*L47 -> #N/A
F48: Winter | H48: 200 | I48: 0 | J48: 0 | L48: =$AV$3 -> 1091 | R48: =1-S48 -> #N/A | S48: =S41 -> #N/A | T48: =T41 -> #N/A | U48: =$AV$10 -> EFN2O | V48: =(I48/100)*(MIN(J48,100)/100) -> 0 | W48: 0 | X48: =1.6 * W48 -> 0 | Y48: =$AY$1 -> 0 | Z48: =V48*Y48+(1-V48) -> 1 | AA48: =(0.795*O48)-0.0014 -> -0.0014 | AD48: =1 - EXP(-2*(AC48^2)) -> 0 | AE48: =(104.7*AA48+0.307*Q48-15)*(Q48^0.75)*10^-3 -> 0 | AF48: =AE48*AD48*Z48 -> 0 | AG48: =(AF48 * M48) + (0.045 * X48) -> 0 | AH48: =$AV$2 -> 0 | AI48: =(AF48 * ((1 - O48) + (0.04 * AF48))) * ( 1 - AH48 ) -> 0 | AJ48: =$AV$1 -> 0 | AK48: =$AW$20 -> 0 | AL48: =AI48 * AJ48 * R48 * T48 * AK48 -> #N/A | AM48: =AI48*AJ48*S48*U48*AK48 -> #N/A | AN48: =AL48+AM48 -> #N/A | AO48: =H48*AN48*L48 -> #N/A
E49: Maiden ewes | F49: Spring | H49: 100 | I49: 95 | J49: 92 | L49: =$AV$3 -> 1091 | R49: =1-S49 -> #N/A | S49: =S41 -> #N/A | T49: =T41 -> #N/A | U49: =$AV$10 -> EFN2O | V49: =(I49/100)*(MIN(J49,100)/100) -> 0.874 | W49: 0 | X49: =1.6 * W49 -> 0 | Y49: =$AY$1 -> 0 | Z49: =V49*Y49+(1-V49) -> 0.126 | AA49: =(0.795*O49)-0.0014 -> -0.0014 | AD49: =1 - EXP(-2*(AC49^2)) -> 0 | AE49: =(104.7*AA49+0.307*Q49-15)*(Q49^0.75)*10^-3 -> 0 | AF49: =AE49*AD49*Z49 -> 0 | AG49: =(AF49 * M49) + (0.045 * X49) -> 0 | AH49: =$AV$2 -> 0 | AI49: =(AF49 * ((1 - O49) + (0.04 * AF49))) * ( 1 - AH49 ) -> 0 | AJ49: =$AV$1 -> 0 | AK49: =$AW$20 -> 0 | AL49: =AI49 * AJ49 * R49 * T49 * AK49 -> #N/A | AM49: =AI49*AJ49*S49*U49*AK49 -> #N/A | AN49: =AL49+AM49 -> #N/A | AO49: =H49*AN49*L49 -> #N/A
F50: Summer | H50: 140 | I50: 0 | J50: 0 | L50: =$AV$3 -> 1091 | R50: =1-S50 -> #N/A | S50: =S41 -> #N/A | T50: =T41 -> #N/A | U50: =$AV$10 -> EFN2O | V50: =(I50/100)*(MIN(J50,100)/100) -> 0 | W50: 0 | X50: =1.6 * W50 -> 0 | Y50: =$AY$1 -> 0 | Z50: =V50*Y50+(1-V50) -> 1 | AA50: =(0.795*O50)-0.0014 -> -0.0014 | AD50: =1 - EXP(-2*(AC50^2)) -> 0 | AE50: =(104.7*AA50+0.307*Q50-15)*(Q50^0.75)*10^-3 -> 0 | AF50: =AE50*AD50*Z50 -> 0 | AG50: =(AF50 * M50) + (0.045 * X50) -> 0 | AH50: =$AV$2 -> 0 | AI50: =(AF50 * ((1 - O50) + (0.04 * AF50))) * ( 1 - AH50 ) -> 0 | AJ50: =$AV$1 -> 0 | AK50: =$AW$20 -> 0 | AL50: =AI50 * AJ50 * R50 * T50 * AK50 -> #N/A | AM50: =AI50*AJ50*S50*U50*AK50 -> #N/A | AN50: =AL50+AM50 -> #N/A | AO50: =H50*AN50*L50 -> #N/A
F51: Autumn | H51: 135 | I51: 0 | J51: 0 | L51: =$AV$3 -> 1091 | R51: =1-S51 -> #N/A | S51: =S41 -> #N/A | T51: =T41 -> #N/A | U51: =$AV$10 -> EFN2O | V51: =(I51/100)*(MIN(J51,100)/100) -> 0 | W51: 0 | X51: =1.6 * W51 -> 0 | Y51: =$AY$1 -> 0 | Z51: =V51*Y51+(1-V51) -> 1 | AA51: =(0.795*O51)-0.0014 -> -0.0014 | AD51: =1 - EXP(-2*(AC51^2)) -> 0 | AE51: =(104.7*AA51+0.307*Q51-15)*(Q51^0.75)*10^-3 -> 0 | AF51: =AE51*AD51*Z51 -> 0 | AG51: =(AF51 * M51) + (0.045 * X51) -> 0 | AH51: =$AV$2 -> 0 | AI51: =(AF51 * ((1 - O51) + (0.04 * AF51))) * ( 1 - AH51 ) -> 0 | AJ51: =$AV$1 -> 0 | AK51: =$AW$20 -> 0 | AL51: =AI51 * AJ51 * R51 * T51 * AK51 -> #N/A | AM51: =AI51*AJ51*S51*U51*AK51 -> #N/A | AN51: =AL51+AM51 -> #N/A | AO51: =H51*AN51*L51 -> #N/A
F52: Winter | H52: 130 | I52: 0 | J52: 0 | L52: =$AV$3 -> 1091 | R52: =1-S52 -> #N/A | S52: =S41 -> #N/A | T52: =T41 -> #N/A | U52: =$AV$10 -> EFN2O | V52: =(I52/100)*(MIN(J52,100)/100) -> 0 | W52: 0 | X52: =1.6 * W52 -> 0 | Y52: =$AY$1 -> 0 | Z52: =V52*Y52+(1-V52) -> 1 | AA52: =(0.795*O52)-0.0014 -> -0.0014 | AD52: =1 - EXP(-2*(AC52^2)) -> 0 | AE52: =(104.7*AA52+0.307*Q52-15)*(Q52^0.75)*10^-3 -> 0 | AF52: =AE52*AD52*Z52 -> 0 | AG52: =(AF52 * M52) + (0.045 * X52) -> 0 | AH52: =$AV$2 -> 0 | AI52: =(AF52 * ((1 - O52) + (0.04 * AF52))) * ( 1 - AH52 ) -> 0 | AJ52: =$AV$1 -> 0 | AK52: =$AW$20 -> 0 | AL52: =AI52 * AJ52 * R52 * T52 * AK52 -> #N/A | AM52: =AI52*AJ52*S52*U52*AK52 -> #N/A | AN52: =AL52+AM52 -> #N/A | AO52: =H52*AN52*L52 -> #N/A
E53: Other ewes | F53: Spring | H53: 200 | I53: 0 | J53: 0 | L53: =$AV$3 -> 1091 | R53: =1-S53 -> #N/A | S53: =S41 -> #N/A | T53: =T41 -> #N/A | U53: =$AV$10 -> EFN2O | V53: =(I53/100)*(MIN(J53,100)/100) -> 0 | W53: 0 | X53: =1.6 * W53 -> 0 | Y53: =$AY$1 -> 0 | Z53: =V53*Y53+(1-V53) -> 1 | AA53: =(0.795*O53)-0.0014 -> -0.0014 | AD53: =1 - EXP(-2*(AC53^2)) -> 0 | AE53: =(104.7*AA53+0.307*Q53-15)*(Q53^0.75)*10^-3 -> 0 | AF53: =AE53*AD53*Z53 -> 0 | AG53: =(AF53 * M53) + (0.045 * X53) -> 0 | AH53: =$AV$2 -> 0 | AI53: =(AF53 * ((1 - O53) + (0.04 * AF53))) * ( 1 - AH53 ) -> 0 | AJ53: =$AV$1 -> 0 | AK53: =$AW$20 -> 0 | AL53: =AI53 * AJ53 * R53 * T53 * AK53 -> #N/A | AM53: =AI53*AJ53*S53*U53*AK53 -> #N/A | AN53: =AL53+AM53 -> #N/A | AO53: =H53*AN53*L53 -> #N/A
F54: Summer | H54: 210 | I54: 0 | J54: 0 | L54: =$AV$3 -> 1091 | R54: =1-S54 -> #N/A | S54: =S41 -> #N/A | T54: =T41 -> #N/A | U54: =$AV$10 -> EFN2O | V54: =(I54/100)*(MIN(J54,100)/100) -> 0 | W54: 0 | X54: =1.6 * W54 -> 0 | Y54: =$AY$1 -> 0 | Z54: =V54*Y54+(1-V54) -> 1 | AA54: =(0.795*O54)-0.0014 -> -0.0014 | AD54: =1 - EXP(-2*(AC54^2)) -> 0 | AE54: =(104.7*AA54+0.307*Q54-15)*(Q54^0.75)*10^-3 -> 0 | AF54: =AE54*AD54*Z54 -> 0 | AG54: =(AF54 * M54) + (0.045 * X54) -> 0 | AH54: =$AV$2 -> 0 | AI54: =(AF54 * ((1 - O54) + (0.04 * AF54))) * ( 1 - AH54 ) -> 0 | AJ54: =$AV$1 -> 0 | AK54: =$AW$20 -> 0 | AL54: =AI54 * AJ54 * R54 * T54 * AK54 -> #N/A | AM54: =AI54*AJ54*S54*U54*AK54 -> #N/A | AN54: =AL54+AM54 -> #N/A | AO54: =H54*AN54*L54 -> #N/A
F55: Autumn | H55: 190 | I55: 0 | J55: 0 | L55: =$AV$3 -> 1091 | R55: =1-S55 -> #N/A | S55: =S41 -> #N/A | T55: =T41 -> #N/A | U55: =$AV$10 -> EFN2O | V55: =(I55/100)*(MIN(J55,100)/100) -> 0 | W55: 0 | X55: =1.6 * W55 -> 0 | Y55: =$AY$1 -> 0 | Z55: =V55*Y55+(1-V55) -> 1 | AA55: =(0.795*O55)-0.0014 -> -0.0014 | AD55: =1 - EXP(-2*(AC55^2)) -> 0 | AE55: =(104.7*AA55+0.307*Q55-15)*(Q55^0.75)*10^-3 -> 0 | AF55: =AE55*AD55*Z55 -> 0 | AG55: =(AF55 * M55) + (0.045 * X55) -> 0 | AH55: =$AV$2 -> 0 | AI55: =(AF55 * ((1 - O55) + (0.04 * AF55))) * ( 1 - AH55 ) -> 0 | AJ55: =$AV$1 -> 0 | AK55: =$AW$20 -> 0 | AL55: =AI55 * AJ55 * R55 * T55 * AK55 -> #N/A | AM55: =AI55*AJ55*S55*U55*AK55 -> #N/A | AN55: =AL55+AM55 -> #N/A | AO55: =H55*AN55*L55 -> #N/A
F56: Winter | H56: 180 | I56: 0 | J56: 0 | L56: =$AV$3 -> 1091 | R56: =1-S56 -> #N/A | S56: =S41 -> #N/A | T56: =T41 -> #N/A | U56: =$AV$10 -> EFN2O | V56: =(I56/100)*(MIN(J56,100)/100) -> 0 | W56: 0 | X56: =1.6 * W56 -> 0 | Y56: =$AY$1 -> 0 | Z56: =V56*Y56+(1-V56) -> 1 | AA56: =(0.795*O56)-0.0014 -> -0.0014 | AD56: =1 - EXP(-2*(AC56^2)) -> 0 | AE56: =(104.7*AA56+0.307*Q56-15)*(Q56^0.75)*10^-3 -> 0 | AF56: =AE56*AD56*Z56 -> 0 | AG56: =(AF56 * M56) + (0.045 * X56) -> 0 | AH56: =$AV$2 -> 0 | AI56: =(AF56 * ((1 - O56) + (0.04 * AF56))) * ( 1 - AH56 ) -> 0 | AJ56: =$AV$1 -> 0 | AK56: =$AW$20 -> 0 | AL56: =AI56 * AJ56 * R56 * T56 * AK56 -> #N/A | AM56: =AI56*AJ56*S56*U56*AK56 -> #N/A | AN56: =AL56+AM56 -> #N/A | AO56: =H56*AN56*L56 -> #N/A
E57: Rams | F57: Spring | H57: 50 | I57: 0 | J57: 0 | L57: =$AV$3 -> 1091 | R57: =1-S57 -> #N/A | S57: =S41 -> #N/A | T57: =T41 -> #N/A | U57: =$AV$10 -> EFN2O | V57: =(I57/100)*(MIN(J57,100)/100) -> 0 | W57: 0 | X57: =1.6 * W57 -> 0 | Y57: =$AY$1 -> 0 | Z57: =V57*Y57+(1-V57) -> 1 | AA57: =(0.795*O57)-0.0014 -> -0.0014 | AD57: =1 - EXP(-2*(AC57^2)) -> 0 | AE57: =(104.7*AA57+0.307*Q57-15)*(Q57^0.75)*10^-3 -> 0 | AF57: =AE57*AD57*Z57 -> 0 | AG57: =(AF57 * M57) + (0.045 * X57) -> 0 | AH57: =$AV$2 -> 0 | AI57: =(AF57 * ((1 - O57) + (0.04 * AF57))) * ( 1 - AH57 ) -> 0 | AJ57: =$AV$1 -> 0 | AK57: =$AW$20 -> 0 | AL57: =AI57 * AJ57 * R57 * T57 * AK57 -> #N/A | AM57: =AI57*AJ57*S57*U57*AK57 -> #N/A | AN57: =AL57+AM57 -> #N/A | AO57: =H57*AN57*L57 -> #N/A
F58: Summer | H58: 55 | I58: 0 | J58: 0 | L58: =$AV$3 -> 1091 | R58: =1-S58 -> #N/A | S58: =S41 -> #N/A | T58: =T41 -> #N/A | U58: =$AV$10 -> EFN2O | V58: =(I58/100)*(MIN(J58,100)/100) -> 0 | W58: 0 | X58: =1.6 * W58 -> 0 | Y58: =$AY$1 -> 0 | Z58: =V58*Y58+(1-V58) -> 1 | AA58: =(0.795*O58)-0.0014 -> -0.0014 | AD58: =1 - EXP(-2*(AC58^2)) -> 0 | AE58: =(104.7*AA58+0.307*Q58-15)*(Q58^0.75)*10^-3 -> 0 | AF58: =AE58*AD58*Z58 -> 0 | AG58: =(AF58 * M58) + (0.045 * X58) -> 0 | AH58: =$AV$2 -> 0 | AI58: =(AF58 * ((1 - O58) + (0.04 * AF58))) * ( 1 - AH58 ) -> 0 | AJ58: =$AV$1 -> 0 | AK58: =$AW$20 -> 0 | AL58: =AI58 * AJ58 * R58 * T58 * AK58 -> #N/A | AM58: =AI58*AJ58*S58*U58*AK58 -> #N/A | AN58: =AL58+AM58 -> #N/A | AO58: =H58*AN58*L58 -> #N/A
F59: Autumn | H59: 60 | I59: 0 | J59: 0 | L59: =$AV$3 -> 1091 | R59: =1-S59 -> #N/A | S59: =S41 -> #N/A | T59: =T41 -> #N/A | U59: =$AV$10 -> EFN2O | V59: =(I59/100)*(MIN(J59,100)/100) -> 0 | W59: 0 | X59: =1.6 * W59 -> 0 | Y59: =$AY$1 -> 0 | Z59: =V59*Y59+(1-V59) -> 1 | AA59: =(0.795*O59)-0.0014 -> -0.0014 | AD59: =1 - EXP(-2*(AC59^2)) -> 0 | AE59: =(104.7*AA59+0.307*Q59-15)*(Q59^0.75)*10^-3 -> 0 | AF59: =AE59*AD59*Z59 -> 0 | AG59: =(AF59 * M59) + (0.045 * X59) -> 0 | AH59: =$AV$2 -> 0 | AI59: =(AF59 * ((1 - O59) + (0.04 * AF59))) * ( 1 - AH59 ) -> 0 | AJ59: =$AV$1 -> 0 | AK59: =$AW$20 -> 0 | AL59: =AI59 * AJ59 * R59 * T59 * AK59 -> #N/A | AM59: =AI59*AJ59*S59*U59*AK59 -> #N/A | AN59: =AL59+AM59 -> #N/A | AO59: =H59*AN59*L59 -> #N/A
F60: Winter | H60: 65 | I60: 0 | J60: 0 | L60: =$AV$3 -> 1091 | R60: =1-S60 -> #N/A | S60: =S41 -> #N/A | T60: =T41 -> #N/A | U60: =$AV$10 -> EFN2O | V60: =(I60/100)*(MIN(J60,100)/100) -> 0 | W60: 0 | X60: =1.6 * W60 -> 0 | Y60: =$AY$1 -> 0 | Z60: =V60*Y60+(1-V60) -> 1 | AA60: =(0.795*O60)-0.0014 -> -0.0014 | AD60: =1 - EXP(-2*(AC60^2)) -> 0 | AE60: =(104.7*AA60+0.307*Q60-15)*(Q60^0.75)*10^-3 -> 0 | AF60: =AE60*AD60*Z60 -> 0 | AG60: =(AF60 * M60) + (0.045 * X60) -> 0 | AH60: =$AV$2 -> 0 | AI60: =(AF60 * ((1 - O60) + (0.04 * AF60))) * ( 1 - AH60 ) -> 0 | AJ60: =$AV$1 -> 0 | AK60: =$AW$20 -> 0 | AL60: =AI60 * AJ60 * R60 * T60 * AK60 -> #N/A | AM60: =AI60*AJ60*S60*U60*AK60 -> #N/A | AN60: =AL60+AM60 -> #N/A | AO60: =H60*AN60*L60 -> #N/A
E61: Wethers | F61: Spring | H61: 50 | I61: 0 | J61: 0 | L61: =$AV$3 -> 1091 | R61: =1-S61 -> #N/A | S61: =S41 -> #N/A | T61: =T41 -> #N/A | U61: =$AV$10 -> EFN2O | V61: =(I61/100)*(MIN(J61,100)/100) -> 0 | W61: 0 | X61: =1.6 * W61 -> 0 | Y61: =$AY$1 -> 0 | Z61: =V61*Y61+(1-V61) -> 1 | AA61: =(0.795*O61)-0.0014 -> -0.0014 | AD61: =1 - EXP(-2*(AC61^2)) -> 0 | AE61: =(104.7*AA61+0.307*Q61-15)*(Q61^0.75)*10^-3 -> 0 | AF61: =AE61*AD61*Z61 -> 0 | AG61: =(AF61 * M61) + (0.045 * X61) -> 0 | AH61: =$AV$2 -> 0 | AI61: =(AF61 * ((1 - O61) + (0.04 * AF61))) * ( 1 - AH61 ) -> 0 | AJ61: =$AV$1 -> 0 | AK61: =$AW$20 -> 0 | AL61: =AI61 * AJ61 * R61 * T61 * AK61 -> #N/A | AM61: =AI61*AJ61*S61*U61*AK61 -> #N/A | AN61: =AL61+AM61 -> #N/A | AO61: =H61*AN61*L61 -> #N/A
F62: Summer | H62: 100 | I62: 0 | J62: 0 | L62: =$AV$3 -> 1091 | R62: =1-S62 -> #N/A | S62: =S41 -> #N/A | T62: =T41 -> #N/A | U62: =$AV$10 -> EFN2O | V62: =(I62/100)*(MIN(J62,100)/100) -> 0 | W62: 0 | X62: =1.6 * W62 -> 0 | Y62: =$AY$1 -> 0 | Z62: =V62*Y62+(1-V62) -> 1 | AA62: =(0.795*O62)-0.0014 -> -0.0014 | AD62: =1 - EXP(-2*(AC62^2)) -> 0 | AE62: =(104.7*AA62+0.307*Q62-15)*(Q62^0.75)*10^-3 -> 0 | AF62: =AE62*AD62*Z62 -> 0 | AG62: =(AF62 * M62) + (0.045 * X62) -> 0 | AH62: =$AV$2 -> 0 | AI62: =(AF62 * ((1 - O62) + (0.04 * AF62))) * ( 1 - AH62 ) -> 0 | AJ62: =$AV$1 -> 0 | AK62: =$AW$20 -> 0 | AL62: =AI62 * AJ62 * R62 * T62 * AK62 -> #N/A | AM62: =AI62*AJ62*S62*U62*AK62 -> #N/A | AN62: =AL62+AM62 -> #N/A | AO62: =H62*AN62*L62 -> #N/A
F63: Autumn | H63: 90 | I63: 0 | J63: 0 | L63: =$AV$3 -> 1091 | R63: =1-S63 -> #N/A | S63: =S41 -> #N/A | T63: =T41 -> #N/A | U63: =$AV$10 -> EFN2O | V63: =(I63/100)*(MIN(J63,100)/100) -> 0 | W63: 0 | X63: =1.6 * W63 -> 0 | Y63: =$AY$1 -> 0 | Z63: =V63*Y63+(1-V63) -> 1 | AA63: =(0.795*O63)-0.0014 -> -0.0014 | AD63: =1 - EXP(-2*(AC63^2)) -> 0 | AE63: =(104.7*AA63+0.307*Q63-15)*(Q63^0.75)*10^-3 -> 0 | AF63: =AE63*AD63*Z63 -> 0 | AG63: =(AF63 * M63) + (0.045 * X63) -> 0 | AH63: =$AV$2 -> 0 | AI63: =(AF63 * ((1 - O63) + (0.04 * AF63))) * ( 1 - AH63 ) -> 0 | AJ63: =$AV$1 -> 0 | AK63: =$AW$20 -> 0 | AL63: =AI63 * AJ63 * R63 * T63 * AK63 -> #N/A | AM63: =AI63*AJ63*S63*U63*AK63 -> #N/A | AN63: =AL63+AM63 -> #N/A | AO63: =H63*AN63*L63 -> #N/A
F64: Winter | H64: 80 | I64: 0 | J64: 0 | L64: =$AV$3 -> 1091 | R64: =1-S64 -> #N/A | S64: =S41 -> #N/A | T64: =T41 -> #N/A | U64: =$AV$10 -> EFN2O | V64: =(I64/100)*(MIN(J64,100)/100) -> 0 | W64: 0 | X64: =1.6 * W64 -> 0 | Y64: =$AY$1 -> 0 | Z64: =V64*Y64+(1-V64) -> 1 | AA64: =(0.795*O64)-0.0014 -> -0.0014 | AD64: =1 - EXP(-2*(AC64^2)) -> 0 | AE64: =(104.7*AA64+0.307*Q64-15)*(Q64^0.75)*10^-3 -> 0 | AF64: =AE64*AD64*Z64 -> 0 | AG64: =(AF64 * M64) + (0.045 * X64) -> 0 | AH64: =$AV$2 -> 0 | AI64: =(AF64 * ((1 - O64) + (0.04 * AF64))) * ( 1 - AH64 ) -> 0 | AJ64: =$AV$1 -> 0 | AK64: =$AW$20 -> 0 | AL64: =AI64 * AJ64 * R64 * T64 * AK64 -> #N/A | AM64: =AI64*AJ64*S64*U64*AK64 -> #N/A | AN64: =AL64+AM64 -> #N/A | AO64: =H64*AN64*L64 -> #N/A
A71: QLD | B71: QLD | C71: QLD | D71: yes | E71: Breeding ewes | F71: Spring | H71: 100 | I71: 95 | J71: 90 | L71: =$AV$3 -> 1091 | M71: {=_xludf.DROP(_xludf.XLOOKUP($C71,#REF!,#REF!),1)} -> #NAME? | O71: {=_xludf.DROP(_xludf.XLOOKUP($C71,#REF!,#REF!),1)} -> #NAME? | Q71: {=_xludf.DROP(_xludf.XLOOKUP($C71,#REF!,#REF!),1)} -> #NAME? | R71: =1-S71 -> 0 | S71: =IF($D71="yes", 1, VLOOKUP($B71, $AU$26:$AW$32, 2)/100) -> 1 | T71: =VLOOKUP($B71,$AW$10:$AX$16, 2, FALSE) -> #N/A | U71: =$AV$10 -> EFN2O | V71: =(I71/100)*(MIN(J71,100)/100) -> 0.855 | W71: 0 | X71: =1.6 * W71 -> 0 | Y71: =$AY$1 -> 0 | Z71: =V71*Y71+(1-V71) -> 0.145 | AA71: =(0.795*O71)-0.0014 -> #NAME? | AC71: {=_xludf.DROP(_xludf.XLOOKUP($C71,#REF!,#REF!),1)} -> #NAME? | AD71: =1 - EXP(-2*(AC71^2)) -> #NAME? | AE71: =(104.7*AA71+0.307*Q71-15)*(Q71^0.75)*10^-3 -> #NAME? | AF71: =AE71*AD71*Z71 -> #NAME? | AG71: =(AF71 * M71) + (0.045 * X71) -> #NAME? | AH71: =$AV$2 -> 0 | AI71: =(AF71 * ((1 - O71) + (0.04 * AF71))) * ( 1 - AH71 ) -> #NAME? | AJ71: =$AV$1 -> 0 | AK71: =$AW$20 -> 0 | AL71: =AI71 * AJ71 * R71 * T71 * AK71 -> #NAME? | AM71: =AI71*AJ71*S71*U71*AK71 -> #NAME? | AN71: =AL71+AM71 -> #NAME? | AO71: =H71*AN71*L71 -> #NAME? | AP71: =SUM(AO71:AO94)*10^-3 -> #NAME?
F72: Summer | H72: 70 | I72: 0 | J72: 0 | L72: =$AV$3 -> 1091 | R72: =1-S72 -> 0 | S72: =S71 -> 1 | T72: =T71 -> #N/A | U72: =$AV$10 -> EFN2O | V72: =(I72/100)*(MIN(J72,100)/100) -> 0 | W72: 0 | X72: =1.6 * W72 -> 0 | Y72: =$AY$1 -> 0 | Z72: =V72*Y72+(1-V72) -> 1 | AA72: =(0.795*O72)-0.0014 -> -0.0014 | AD72: =1 - EXP(-2*(AC72^2)) -> 0 | AE72: =(104.7*AA72+0.307*Q72-15)*(Q72^0.75)*10^-3 -> 0 | AF72: =AE72*AD72*Z72 -> 0 | AG72: =(AF72 * M72) + (0.045 * X72) -> 0 | AH72: =$AV$2 -> 0 | AI72: =(AF72 * ((1 - O72) + (0.04 * AF72))) * ( 1 - AH72 ) -> 0 | AJ72: =$AV$1 -> 0 | AK72: =$AW$20 -> 0 | AL72: =AI72 * AJ72 * R72 * T72 * AK72 -> #N/A | AM72: =AI72*AJ72*S72*U72*AK72 -> #VALUE! | AN72: =AL72+AM72 -> #N/A | AO72: =H72*AN72*L72 -> #N/A
F73: Autumn | H73: 65 | I73: 0 | J73: 0 | L73: =$AV$3 -> 1091 | R73: =1-S73 -> 0 | S73: =S71 -> 1 | T73: =T71 -> #N/A | U73: =$AV$10 -> EFN2O | V73: =(I73/100)*(MIN(J73,100)/100) -> 0 | W73: 0 | X73: =1.6 * W73 -> 0 | Y73: =$AY$1 -> 0 | Z73: =V73*Y73+(1-V73) -> 1 | AA73: =(0.795*O73)-0.0014 -> -0.0014 | AD73: =1 - EXP(-2*(AC73^2)) -> 0 | AE73: =(104.7*AA73+0.307*Q73-15)*(Q73^0.75)*10^-3 -> 0 | AF73: =AE73*AD73*Z73 -> 0 | AG73: =(AF73 * M73) + (0.045 * X73) -> 0 | AH73: =$AV$2 -> 0 | AI73: =(AF73 * ((1 - O73) + (0.04 * AF73))) * ( 1 - AH73 ) -> 0 | AJ73: =$AV$1 -> 0 | AK73: =$AW$20 -> 0 | AL73: =AI73 * AJ73 * R73 * T73 * AK73 -> #N/A | AM73: =AI73*AJ73*S73*U73*AK73 -> #VALUE! | AN73: =AL73+AM73 -> #N/A | AO73: =H73*AN73*L73 -> #N/A
F74: Winter | H74: 80 | I74: 0 | J74: 0 | L74: =$AV$3 -> 1091 | R74: =1-S74 -> 0 | S74: =S71 -> 1 | T74: =T71 -> #N/A | U74: =$AV$10 -> EFN2O | V74: =(I74/100)*(MIN(J74,100)/100) -> 0 | W74: 0 | X74: =1.6 * W74 -> 0 | Y74: =$AY$1 -> 0 | Z74: =V74*Y74+(1-V74) -> 1 | AA74: =(0.795*O74)-0.0014 -> -0.0014 | AD74: =1 - EXP(-2*(AC74^2)) -> 0 | AE74: =(104.7*AA74+0.307*Q74-15)*(Q74^0.75)*10^-3 -> 0 | AF74: =AE74*AD74*Z74 -> 0 | AG74: =(AF74 * M74) + (0.045 * X74) -> 0 | AH74: =$AV$2 -> 0 | AI74: =(AF74 * ((1 - O74) + (0.04 * AF74))) * ( 1 - AH74 ) -> 0 | AJ74: =$AV$1 -> 0 | AK74: =$AW$20 -> 0 | AL74: =AI74 * AJ74 * R74 * T74 * AK74 -> #N/A | AM74: =AI74*AJ74*S74*U74*AK74 -> #VALUE! | AN74: =AL74+AM74 -> #N/A | AO74: =H74*AN74*L74 -> #N/A
E75: Lambs and hoggets | F75: Spring | H75: 200 | I75: 0 | J75: 0 | L75: =$AV$3 -> 1091 | R75: =1-S75 -> 0 | S75: =S71 -> 1 | T75: =T71 -> #N/A | U75: =$AV$10 -> EFN2O | V75: =(I75/100)*(MIN(J75,100)/100) -> 0 | W75: 1 | X75: =1.6 * W75 -> 1.6 | Y75: =$AY$1 -> 0 | Z75: =V75*Y75+(1-V75) -> 1 | AA75: =(0.795*O75)-0.0014 -> -0.0014 | AD75: =1 - EXP(-2*(AC75^2)) -> 0 | AE75: =(104.7*AA75+0.307*Q75-15)*(Q75^0.75)*10^-3 -> 0 | AF75: =AE75*AD75*Z75 -> 0 | AG75: =(AF75 * M75) + (0.045 * X75) -> 0.072 | AH75: =$AV$2 -> 0 | AI75: =(AF75 * ((1 - O75) + (0.04 * AF75))) * ( 1 - AH75 ) -> 0 | AJ75: =$AV$1 -> 0 | AK75: =$AW$20 -> 0 | AL75: =AI75 * AJ75 * R75 * T75 * AK75 -> #N/A | AM75: =AI75*AJ75*S75*U75*AK75 -> #VALUE! | AN75: =AL75+AM75 -> #N/A | AO75: =H75*AN75*L75 -> #N/A
F76: Summer | H76: 210 | I76: 0 | J76: 0 | L76: =$AV$3 -> 1091 | R76: =1-S76 -> 0 | S76: =S71 -> 1 | T76: =T71 -> #N/A | U76: =$AV$10 -> EFN2O | V76: =(I76/100)*(MIN(J76,100)/100) -> 0 | W76: 0 | X76: =1.6 * W76 -> 0 | Y76: =$AY$1 -> 0 | Z76: =V76*Y76+(1-V76) -> 1 | AA76: =(0.795*O76)-0.0014 -> -0.0014 | AD76: =1 - EXP(-2*(AC76^2)) -> 0 | AE76: =(104.7*AA76+0.307*Q76-15)*(Q76^0.75)*10^-3 -> 0 | AF76: =AE76*AD76*Z76 -> 0 | AG76: =(AF76 * M76) + (0.045 * X76) -> 0 | AH76: =$AV$2 -> 0 | AI76: =(AF76 * ((1 - O76) + (0.04 * AF76))) * ( 1 - AH76 ) -> 0 | AJ76: =$AV$1 -> 0 | AK76: =$AW$20 -> 0 | AL76: =AI76 * AJ76 * R76 * T76 * AK76 -> #N/A | AM76: =AI76*AJ76*S76*U76*AK76 -> #VALUE! | AN76: =AL76+AM76 -> #N/A | AO76: =H76*AN76*L76 -> #N/A
F77: Autumn | H77: 170 | I77: 0 | J77: 0 | L77: =$AV$3 -> 1091 | R77: =1-S77 -> 0 | S77: =S71 -> 1 | T77: =T71 -> #N/A | U77: =$AV$10 -> EFN2O | V77: =(I77/100)*(MIN(J77,100)/100) -> 0 | W77: 0 | X77: =1.6 * W77 -> 0 | Y77: =$AY$1 -> 0 | Z77: =V77*Y77+(1-V77) -> 1 | AA77: =(0.795*O77)-0.0014 -> -0.0014 | AD77: =1 - EXP(-2*(AC77^2)) -> 0 | AE77: =(104.7*AA77+0.307*Q77-15)*(Q77^0.75)*10^-3 -> 0 | AF77: =AE77*AD77*Z77 -> 0 | AG77: =(AF77 * M77) + (0.045 * X77) -> 0 | AH77: =$AV$2 -> 0 | AI77: =(AF77 * ((1 - O77) + (0.04 * AF77))) * ( 1 - AH77 ) -> 0 | AJ77: =$AV$1 -> 0 | AK77: =$AW$20 -> 0 | AL77: =AI77 * AJ77 * R77 * T77 * AK77 -> #N/A | AM77: =AI77*AJ77*S77*U77*AK77 -> #VALUE! | AN77: =AL77+AM77 -> #N/A | AO77: =H77*AN77*L77 -> #N/A
F78: Winter | H78: 200 | I78: 0 | J78: 0 | L78: =$AV$3 -> 1091 | R78: =1-S78 -> 0 | S78: =S71 -> 1 | T78: =T71 -> #N/A | U78: =$AV$10 -> EFN2O | V78: =(I78/100)*(MIN(J78,100)/100) -> 0 | W78: 0 | X78: =1.6 * W78 -> 0 | Y78: =$AY$1 -> 0 | Z78: =V78*Y78+(1-V78) -> 1 | AA78: =(0.795*O78)-0.0014 -> -0.0014 | AD78: =1 - EXP(-2*(AC78^2)) -> 0 | AE78: =(104.7*AA78+0.307*Q78-15)*(Q78^0.75)*10^-3 -> 0 | AF78: =AE78*AD78*Z78 -> 0 | AG78: =(AF78 * M78) + (0.045 * X78) -> 0 | AH78: =$AV$2 -> 0 | AI78: =(AF78 * ((1 - O78) + (0.04 * AF78))) * ( 1 - AH78 ) -> 0 | AJ78: =$AV$1 -> 0 | AK78: =$AW$20 -> 0 | AL78: =AI78 * AJ78 * R78 * T78 * AK78 -> #N/A | AM78: =AI78*AJ78*S78*U78*AK78 -> #VALUE! | AN78: =AL78+AM78 -> #N/A | AO78: =H78*AN78*L78 -> #N/A
E79: Maiden ewes | F79: Spring | H79: 100 | I79: 95 | J79: 92 | L79: =$AV$3 -> 1091 | R79: =1-S79 -> 0 | S79: =S71 -> 1 | T79: =T71 -> #N/A | U79: =$AV$10 -> EFN2O | V79: =(I79/100)*(MIN(J79,100)/100) -> 0.874 | W79: 0 | X79: =1.6 * W79 -> 0 | Y79: =$AY$1 -> 0 | Z79: =V79*Y79+(1-V79) -> 0.126 | AA79: =(0.795*O79)-0.0014 -> -0.0014 | AD79: =1 - EXP(-2*(AC79^2)) -> 0 | AE79: =(104.7*AA79+0.307*Q79-15)*(Q79^0.75)*10^-3 -> 0 | AF79: =AE79*AD79*Z79 -> 0 | AG79: =(AF79 * M79) + (0.045 * X79) -> 0 | AH79: =$AV$2 -> 0 | AI79: =(AF79 * ((1 - O79) + (0.04 * AF79))) * ( 1 - AH79 ) -> 0 | AJ79: =$AV$1 -> 0 | AK79: =$AW$20 -> 0 | AL79: =AI79 * AJ79 * R79 * T79 * AK79 -> #N/A | AM79: =AI79*AJ79*S79*U79*AK79 -> #VALUE! | AN79: =AL79+AM79 -> #N/A | AO79: =H79*AN79*L79 -> #N/A
F80: Summer | H80: 140 | I80: 0 | J80: 0 | L80: =$AV$3 -> 1091 | R80: =1-S80 -> 0 | S80: =S71 -> 1 | T80: =T71 -> #N/A | U80: =$AV$10 -> EFN2O | V80: =(I80/100)*(MIN(J80,100)/100) -> 0 | W80: 0 | X80: =1.6 * W80 -> 0 | Y80: =$AY$1 -> 0 | Z80: =V80*Y80+(1-V80) -> 1 | AA80: =(0.795*O80)-0.0014 -> -0.0014 | AD80: =1 - EXP(-2*(AC80^2)) -> 0 | AE80: =(104.7*AA80+0.307*Q80-15)*(Q80^0.75)*10^-3 -> 0 | AF80: =AE80*AD80*Z80 -> 0 | AG80: =(AF80 * M80) + (0.045 * X80) -> 0 | AH80: =$AV$2 -> 0 | AI80: =(AF80 * ((1 - O80) + (0.04 * AF80))) * ( 1 - AH80 ) -> 0 | AJ80: =$AV$1 -> 0 | AK80: =$AW$20 -> 0 | AL80: =AI80 * AJ80 * R80 * T80 * AK80 -> #N/A | AM80: =AI80*AJ80*S80*U80*AK80 -> #VALUE! | AN80: =AL80+AM80 -> #N/A | AO80: =H80*AN80*L80 -> #N/A
F81: Autumn | H81: 135 | I81: 0 | J81: 0 | L81: =$AV$3 -> 1091 | R81: =1-S81 -> 0 | S81: =S71 -> 1 | T81: =T71 -> #N/A | U81: =$AV$10 -> EFN2O | V81: =(I81/100)*(MIN(J81,100)/100) -> 0 | W81: 0 | X81: =1.6 * W81 -> 0 | Y81: =$AY$1 -> 0 | Z81: =V81*Y81+(1-V81) -> 1 | AA81: =(0.795*O81)-0.0014 -> -0.0014 | AD81: =1 - EXP(-2*(AC81^2)) -> 0 | AE81: =(104.7*AA81+0.307*Q81-15)*(Q81^0.75)*10^-3 -> 0 | AF81: =AE81*AD81*Z81 -> 0 | AG81: =(AF81 * M81) + (0.045 * X81) -> 0 | AH81: =$AV$2 -> 0 | AI81: =(AF81 * ((1 - O81) + (0.04 * AF81))) * ( 1 - AH81 ) -> 0 | AJ81: =$AV$1 -> 0 | AK81: =$AW$20 -> 0 | AL81: =AI81 * AJ81 * R81 * T81 * AK81 -> #N/A | AM81: =AI81*AJ81*S81*U81*AK81 -> #VALUE! | AN81: =AL81+AM81 -> #N/A | AO81: =H81*AN81*L81 -> #N/A
F82: Winter | H82: 130 | I82: 0 | J82: 0 | L82: =$AV$3 -> 1091 | R82: =1-S82 -> 0 | S82: =S71 -> 1 | T82: =T71 -> #N/A | U82: =$AV$10 -> EFN2O | V82: =(I82/100)*(MIN(J82,100)/100) -> 0 | W82: 0 | X82: =1.6 * W82 -> 0 | Y82: =$AY$1 -> 0 | Z82: =V82*Y82+(1-V82) -> 1 | AA82: =(0.795*O82)-0.0014 -> -0.0014 | AD82: =1 - EXP(-2*(AC82^2)) -> 0 | AE82: =(104.7*AA82+0.307*Q82-15)*(Q82^0.75)*10^-3 -> 0 | AF82: =AE82*AD82*Z82 -> 0 | AG82: =(AF82 * M82) + (0.045 * X82) -> 0 | AH82: =$AV$2 -> 0 | AI82: =(AF82 * ((1 - O82) + (0.04 * AF82))) * ( 1 - AH82 ) -> 0 | AJ82: =$AV$1 -> 0 | AK82: =$AW$20 -> 0 | AL82: =AI82 * AJ82 * R82 * T82 * AK82 -> #N/A | AM82: =AI82*AJ82*S82*U82*AK82 -> #VALUE! | AN82: =AL82+AM82 -> #N/A | AO82: =H82*AN82*L82 -> #N/A
E83: Other ewes | F83: Spring | H83: 200 | I83: 0 | J83: 0 | L83: =$AV$3 -> 1091 | R83: =1-S83 -> 0 | S83: =S71 -> 1 | T83: =T71 -> #N/A | U83: =$AV$10 -> EFN2O | V83: =(I83/100)*(MIN(J83,100)/100) -> 0 | W83: 0 | X83: =1.6 * W83 -> 0 | Y83: =$AY$1 -> 0 | Z83: =V83*Y83+(1-V83) -> 1 | AA83: =(0.795*O83)-0.0014 -> -0.0014 | AD83: =1 - EXP(-2*(AC83^2)) -> 0 | AE83: =(104.7*AA83+0.307*Q83-15)*(Q83^0.75)*10^-3 -> 0 | AF83: =AE83*AD83*Z83 -> 0 | AG83: =(AF83 * M83) + (0.045 * X83) -> 0 | AH83: =$AV$2 -> 0 | AI83: =(AF83 * ((1 - O83) + (0.04 * AF83))) * ( 1 - AH83 ) -> 0 | AJ83: =$AV$1 -> 0 | AK83: =$AW$20 -> 0 | AL83: =AI83 * AJ83 * R83 * T83 * AK83 -> #N/A | AM83: =AI83*AJ83*S83*U83*AK83 -> #VALUE! | AN83: =AL83+AM83 -> #N/A | AO83: =H83*AN83*L83 -> #N/A
F84: Summer | H84: 210 | I84: 0 | J84: 0 | L84: =$AV$3 -> 1091 | R84: =1-S84 -> 0 | S84: =S71 -> 1 | T84: =T71 -> #N/A | U84: =$AV$10 -> EFN2O | V84: =(I84/100)*(MIN(J84,100)/100) -> 0 | W84: 0 | X84: =1.6 * W84 -> 0 | Y84: =$AY$1 -> 0 | Z84: =V84*Y84+(1-V84) -> 1 | AA84: =(0.795*O84)-0.0014 -> -0.0014 | AD84: =1 - EXP(-2*(AC84^2)) -> 0 | AE84: =(104.7*AA84+0.307*Q84-15)*(Q84^0.75)*10^-3 -> 0 | AF84: =AE84*AD84*Z84 -> 0 | AG84: =(AF84 * M84) + (0.045 * X84) -> 0 | AH84: =$AV$2 -> 0 | AI84: =(AF84 * ((1 - O84) + (0.04 * AF84))) * ( 1 - AH84 ) -> 0 | AJ84: =$AV$1 -> 0 | AK84: =$AW$20 -> 0 | AL84: =AI84 * AJ84 * R84 * T84 * AK84 -> #N/A | AM84: =AI84*AJ84*S84*U84*AK84 -> #VALUE! | AN84: =AL84+AM84 -> #N/A | AO84: =H84*AN84*L84 -> #N/A
F85: Autumn | H85: 190 | I85: 0 | J85: 0 | L85: =$AV$3 -> 1091 | R85: =1-S85 -> 0 | S85: =S71 -> 1 | T85: =T71 -> #N/A | U85: =$AV$10 -> EFN2O | V85: =(I85/100)*(MIN(J85,100)/100) -> 0 | W85: 0 | X85: =1.6 * W85 -> 0 | Y85: =$AY$1 -> 0 | Z85: =V85*Y85+(1-V85) -> 1 | AA85: =(0.795*O85)-0.0014 -> -0.0014 | AD85: =1 - EXP(-2*(AC85^2)) -> 0 | AE85: =(104.7*AA85+0.307*Q85-15)*(Q85^0.75)*10^-3 -> 0 | AF85: =AE85*AD85*Z85 -> 0 | AG85: =(AF85 * M85) + (0.045 * X85) -> 0 | AH85: =$AV$2 -> 0 | AI85: =(AF85 * ((1 - O85) + (0.04 * AF85))) * ( 1 - AH85 ) -> 0 | AJ85: =$AV$1 -> 0 | AK85: =$AW$20 -> 0 | AL85: =AI85 * AJ85 * R85 * T85 * AK85 -> #N/A | AM85: =AI85*AJ85*S85*U85*AK85 -> #VALUE! | AN85: =AL85+AM85 -> #N/A | AO85: =H85*AN85*L85 -> #N/A
F86: Winter | H86: 180 | I86: 0 | J86: 0 | L86: =$AV$3 -> 1091 | R86: =1-S86 -> 0 | S86: =S71 -> 1 | T86: =T71 -> #N/A | U86: =$AV$10 -> EFN2O | V86: =(I86/100)*(MIN(J86,100)/100) -> 0 | W86: 0 | X86: =1.6 * W86 -> 0 | Y86: =$AY$1 -> 0 | Z86: =V86*Y86+(1-V86) -> 1 | AA86: =(0.795*O86)-0.0014 -> -0.0014 | AD86: =1 - EXP(-2*(AC86^2)) -> 0 | AE86: =(104.7*AA86+0.307*Q86-15)*(Q86^0.75)*10^-3 -> 0 | AF86: =AE86*AD86*Z86 -> 0 | AG86: =(AF86 * M86) + (0.045 * X86) -> 0 | AH86: =$AV$2 -> 0 | AI86: =(AF86 * ((1 - O86) + (0.04 * AF86))) * ( 1 - AH86 ) -> 0 | AJ86: =$AV$1 -> 0 | AK86: =$AW$20 -> 0 | AL86: =AI86 * AJ86 * R86 * T86 * AK86 -> #N/A | AM86: =AI86*AJ86*S86*U86*AK86 -> #VALUE! | AN86: =AL86+AM86 -> #N/A | AO86: =H86*AN86*L86 -> #N/A
E87: Rams | F87: Spring | H87: 50 | I87: 0 | J87: 0 | L87: =$AV$3 -> 1091 | R87: =1-S87 -> 0 | S87: =S71 -> 1 | T87: =T71 -> #N/A | U87: =$AV$10 -> EFN2O | V87: =(I87/100)*(MIN(J87,100)/100) -> 0 | W87: 0 | X87: =1.6 * W87 -> 0 | Y87: =$AY$1 -> 0 | Z87: =V87*Y87+(1-V87) -> 1 | AA87: =(0.795*O87)-0.0014 -> -0.0014 | AD87: =1 - EXP(-2*(AC87^2)) -> 0 | AE87: =(104.7*AA87+0.307*Q87-15)*(Q87^0.75)*10^-3 -> 0 | AF87: =AE87*AD87*Z87 -> 0 | AG87: =(AF87 * M87) + (0.045 * X87) -> 0 | AH87: =$AV$2 -> 0 | AI87: =(AF87 * ((1 - O87) + (0.04 * AF87))) * ( 1 - AH87 ) -> 0 | AJ87: =$AV$1 -> 0 | AK87: =$AW$20 -> 0 | AL87: =AI87 * AJ87 * R87 * T87 * AK87 -> #N/A | AM87: =AI87*AJ87*S87*U87*AK87 -> #VALUE! | AN87: =AL87+AM87 -> #N/A | AO87: =H87*AN87*L87 -> #N/A
F88: Summer | H88: 55 | I88: 0 | J88: 0 | L88: =$AV$3 -> 1091 | R88: =1-S88 -> 0 | S88: =S71 -> 1 | T88: =T71 -> #N/A | U88: =$AV$10 -> EFN2O | V88: =(I88/100)*(MIN(J88,100)/100) -> 0 | W88: 0 | X88: =1.6 * W88 -> 0 | Y88: =$AY$1 -> 0 | Z88: =V88*Y88+(1-V88) -> 1 | AA88: =(0.795*O88)-0.0014 -> -0.0014 | AD88: =1 - EXP(-2*(AC88^2)) -> 0 | AE88: =(104.7*AA88+0.307*Q88-15)*(Q88^0.75)*10^-3 -> 0 | AF88: =AE88*AD88*Z88 -> 0 | AG88: =(AF88 * M88) + (0.045 * X88) -> 0 | AH88: =$AV$2 -> 0 | AI88: =(AF88 * ((1 - O88) + (0.04 * AF88))) * ( 1 - AH88 ) -> 0 | AJ88: =$AV$1 -> 0 | AK88: =$AW$20 -> 0 | AL88: =AI88 * AJ88 * R88 * T88 * AK88 -> #N/A | AM88: =AI88*AJ88*S88*U88*AK88 -> #VALUE! | AN88: =AL88+AM88 -> #N/A | AO88: =H88*AN88*L88 -> #N/A
F89: Autumn | H89: 60 | I89: 0 | J89: 0 | L89: =$AV$3 -> 1091 | R89: =1-S89 -> 0 | S89: =S71 -> 1 | T89: =T71 -> #N/A | U89: =$AV$10 -> EFN2O | V89: =(I89/100)*(MIN(J89,100)/100) -> 0 | W89: 0 | X89: =1.6 * W89 -> 0 | Y89: =$AY$1 -> 0 | Z89: =V89*Y89+(1-V89) -> 1 | AA89: =(0.795*O89)-0.0014 -> -0.0014 | AD89: =1 - EXP(-2*(AC89^2)) -> 0 | AE89: =(104.7*AA89+0.307*Q89-15)*(Q89^0.75)*10^-3 -> 0 | AF89: =AE89*AD89*Z89 -> 0 | AG89: =(AF89 * M89) + (0.045 * X89) -> 0 | AH89: =$AV$2 -> 0 | AI89: =(AF89 * ((1 - O89) + (0.04 * AF89))) * ( 1 - AH89 ) -> 0 | AJ89: =$AV$1 -> 0 | AK89: =$AW$20 -> 0 | AL89: =AI89 * AJ89 * R89 * T89 * AK89 -> #N/A | AM89: =AI89*AJ89*S89*U89*AK89 -> #VALUE! | AN89: =AL89+AM89 -> #N/A | AO89: =H89*AN89*L89 -> #N/A
F90: Winter | H90: 65 | I90: 0 | J90: 0 | L90: =$AV$3 -> 1091 | R90: =1-S90 -> 0 | S90: =S71 -> 1 | T90: =T71 -> #N/A | U90: =$AV$10 -> EFN2O | V90: =(I90/100)*(MIN(J90,100)/100) -> 0 | W90: 0 | X90: =1.6 * W90 -> 0 | Y90: =$AY$1 -> 0 | Z90: =V90*Y90+(1-V90) -> 1 | AA90: =(0.795*O90)-0.0014 -> -0.0014 | AD90: =1 - EXP(-2*(AC90^2)) -> 0 | AE90: =(104.7*AA90+0.307*Q90-15)*(Q90^0.75)*10^-3 -> 0 | AF90: =AE90*AD90*Z90 -> 0 | AG90: =(AF90 * M90) + (0.045 * X90) -> 0 | AH90: =$AV$2 -> 0 | AI90: =(AF90 * ((1 - O90) + (0.04 * AF90))) * ( 1 - AH90 ) -> 0 | AJ90: =$AV$1 -> 0 | AK90: =$AW$20 -> 0 | AL90: =AI90 * AJ90 * R90 * T90 * AK90 -> #N/A | AM90: =AI90*AJ90*S90*U90*AK90 -> #VALUE! | AN90: =AL90+AM90 -> #N/A | AO90: =H90*AN90*L90 -> #N/A
E91: Wethers | F91: Spring | H91: 50 | I91: 0 | J91: 0 | L91: =$AV$3 -> 1091 | R91: =1-S91 -> 0 | S91: =S71 -> 1 | T91: =T71 -> #N/A | U91: =$AV$10 -> EFN2O | V91: =(I91/100)*(MIN(J91,100)/100) -> 0 | W91: 0 | X91: =1.6 * W91 -> 0 | Y91: =$AY$1 -> 0 | Z91: =V91*Y91+(1-V91) -> 1 | AA91: =(0.795*O91)-0.0014 -> -0.0014 | AD91: =1 - EXP(-2*(AC91^2)) -> 0 | AE91: =(104.7*AA91+0.307*Q91-15)*(Q91^0.75)*10^-3 -> 0 | AF91: =AE91*AD91*Z91 -> 0 | AG91: =(AF91 * M91) + (0.045 * X91) -> 0 | AH91: =$AV$2 -> 0 | AI91: =(AF91 * ((1 - O91) + (0.04 * AF91))) * ( 1 - AH91 ) -> 0 | AJ91: =$AV$1 -> 0 | AK91: =$AW$20 -> 0 | AL91: =AI91 * AJ91 * R91 * T91 * AK91 -> #N/A | AM91: =AI91*AJ91*S91*U91*AK91 -> #VALUE! | AN91: =AL91+AM91 -> #N/A | AO91: =H91*AN91*L91 -> #N/A
F92: Summer | H92: 100 | I92: 0 | J92: 0 | L92: =$AV$3 -> 1091 | R92: =1-S92 -> 0 | S92: =S71 -> 1 | T92: =T71 -> #N/A | U92: =$AV$10 -> EFN2O | V92: =(I92/100)*(MIN(J92,100)/100) -> 0 | W92: 0 | X92: =1.6 * W92 -> 0 | Y92: =$AY$1 -> 0 | Z92: =V92*Y92+(1-V92) -> 1 | AA92: =(0.795*O92)-0.0014 -> -0.0014 | AD92: =1 - EXP(-2*(AC92^2)) -> 0 | AE92: =(104.7*AA92+0.307*Q92-15)*(Q92^0.75)*10^-3 -> 0 | AF92: =AE92*AD92*Z92 -> 0 | AG92: =(AF92 * M92) + (0.045 * X92) -> 0 | AH92: =$AV$2 -> 0 | AI92: =(AF92 * ((1 - O92) + (0.04 * AF92))) * ( 1 - AH92 ) -> 0 | AJ92: =$AV$1 -> 0 | AK92: =$AW$20 -> 0 | AL92: =AI92 * AJ92 * R92 * T92 * AK92 -> #N/A | AM92: =AI92*AJ92*S92*U92*AK92 -> #VALUE! | AN92: =AL92+AM92 -> #N/A | AO92: =H92*AN92*L92 -> #N/A
F93: Autumn | H93: 90 | I93: 0 | J93: 0 | L93: =$AV$3 -> 1091 | R93: =1-S93 -> 0 | S93: =S71 -> 1 | T93: =T71 -> #N/A | U93: =$AV$10 -> EFN2O | V93: =(I93/100)*(MIN(J93,100)/100) -> 0 | W93: 0 | X93: =1.6 * W93 -> 0 | Y93: =$AY$1 -> 0 | Z93: =V93*Y93+(1-V93) -> 1 | AA93: =(0.795*O93)-0.0014 -> -0.0014 | AD93: =1 - EXP(-2*(AC93^2)) -> 0 | AE93: =(104.7*AA93+0.307*Q93-15)*(Q93^0.75)*10^-3 -> 0 | AF93: =AE93*AD93*Z93 -> 0 | AG93: =(AF93 * M93) + (0.045 * X93) -> 0 | AH93: =$AV$2 -> 0 | AI93: =(AF93 * ((1 - O93) + (0.04 * AF93))) * ( 1 - AH93 ) -> 0 | AJ93: =$AV$1 -> 0 | AK93: =$AW$20 -> 0 | AL93: =AI93 * AJ93 * R93 * T93 * AK93 -> #N/A | AM93: =AI93*AJ93*S93*U93*AK93 -> #VALUE! | AN93: =AL93+AM93 -> #N/A | AO93: =H93*AN93*L93 -> #N/A
F94: Winter | H94: 80 | I94: 0 | J94: 0 | L94: =$AV$3 -> 1091 | R94: =1-S94 -> 0 | S94: =S71 -> 1 | T94: =T71 -> #N/A | U94: =$AV$10 -> EFN2O | V94: =(I94/100)*(MIN(J94,100)/100) -> 0 | W94: 0 | X94: =1.6 * W94 -> 0 | Y94: =$AY$1 -> 0 | Z94: =V94*Y94+(1-V94) -> 1 | AA94: =(0.795*O94)-0.0014 -> -0.0014 | AD94: =1 - EXP(-2*(AC94^2)) -> 0 | AE94: =(104.7*AA94+0.307*Q94-15)*(Q94^0.75)*10^-3 -> 0 | AF94: =AE94*AD94*Z94 -> 0 | AG94: =(AF94 * M94) + (0.045 * X94) -> 0 | AH94: =$AV$2 -> 0 | AI94: =(AF94 * ((1 - O94) + (0.04 * AF94))) * ( 1 - AH94 ) -> 0 | AJ94: =$AV$1 -> 0 | AK94: =$AW$20 -> 0 | AL94: =AI94 * AJ94 * R94 * T94 * AK94 -> #N/A | AM94: =AI94*AJ94*S94*U94*AK94 -> #VALUE! | AN94: =AL94+AM94 -> #N/A | AO94: =H94*AN94*L94 -> #N/A
A101: SA | B101: SA | C101: SA | D101: no | E101: Breeding ewes | F101: Spring | H101: 100 | I101: 95 | J101: 90 | L101: =$AV$3 -> 1091 | M101: {=_xludf.DROP(_xludf.XLOOKUP($C101,#REF!,#REF!),1)} -> #NAME? | O101: {=_xludf.DROP(_xludf.XLOOKUP($C101,#REF!,#REF!),1)} -> #NAME? | Q101: {=_xludf.DROP(_xludf.XLOOKUP($C101,#REF!,#REF!),1)} -> #NAME? | R101: =1-S101 -> #N/A | S101: =IF($D101="yes", 1, VLOOKUP($B101, $AU$26:$AW$32, 2)/100) -> #N/A | T101: =VLOOKUP($B101,$AW$10:$AX$16, 2, FALSE) -> #N/A | U101: =$AV$10 -> EFN2O | V101: =(I101/100)*(MIN(J101,100)/100) -> 0.855 | W101: 0 | X101: =1.6 * W101 -> 0 | Y101: =$AY$1 -> 0 | Z101: =V101*Y101+(1-V101) -> 0.145 | AA101: =(0.795*O101)-0.0014 -> #NAME? | AC101: {=_xludf.DROP(_xludf.XLOOKUP($C101,#REF!,#REF!),1)} -> #NAME? | AD101: =1 - EXP(-2*(AC101^2)) -> #NAME? | AE101: =(104.7*AA101+0.307*Q101-15)*(Q101^0.75)*10^-3 -> #NAME? | AF101: =AE101*AD101*Z101 -> #NAME? | AG101: =(AF101 * M101) + (0.045 * X101) -> #NAME? | AH101: =$AV$2 -> 0 | AI101: =(AF101 * ((1 - O101) + (0.04 * AF101))) * ( 1 - AH101 ) -> #NAME? | AJ101: =$AV$1 -> 0 | AK101: =$AW$20 -> 0 | AL101: =AI101 * AJ101 * R101 * T101 * AK101 -> #NAME? | AM101: =AI101*AJ101*S101*U101*AK101 -> #NAME? | AN101: =AL101+AM101 -> #NAME? | AO101: =H101*AN101*L101 -> #NAME? | AP101: =SUM(AO101:AO124)*10^-3 -> #NAME?
F102: Summer | H102: 70 | I102: 0 | J102: 0 | L102: =$AV$3 -> 1091 | R102: =1-S102 -> #N/A | S102: =S101 -> #N/A | T102: =T101 -> #N/A | U102: =$AV$10 -> EFN2O | V102: =(I102/100)*(MIN(J102,100)/100) -> 0 | W102: 0 | X102: =1.6 * W102 -> 0 | Y102: =$AY$1 -> 0 | Z102: =V102*Y102+(1-V102) -> 1 | AA102: =(0.795*O102)-0.0014 -> -0.0014 | AD102: =1 - EXP(-2*(AC102^2)) -> 0 | AE102: =(104.7*AA102+0.307*Q102-15)*(Q102^0.75)*10^-3 -> 0 | AF102: =AE102*AD102*Z102 -> 0 | AG102: =(AF102 * M102) + (0.045 * X102) -> 0 | AH102: =$AV$2 -> 0 | AI102: =(AF102 * ((1 - O102) + (0.04 * AF102))) * ( 1 - AH102 ) -> 0 | AJ102: =$AV$1 -> 0 | AK102: =$AW$20 -> 0 | AL102: =AI102 * AJ102 * R102 * T102 * AK102 -> #N/A | AM102: =AI102*AJ102*S102*U102*AK102 -> #N/A | AN102: =AL102+AM102 -> #N/A | AO102: =H102*AN102*L102 -> #N/A
F103: Autumn | H103: 65 | I103: 0 | J103: 0 | L103: =$AV$3 -> 1091 | R103: =1-S103 -> #N/A | S103: =S101 -> #N/A | T103: =T101 -> #N/A | U103: =$AV$10 -> EFN2O | V103: =(I103/100)*(MIN(J103,100)/100) -> 0 | W103: 0 | X103: =1.6 * W103 -> 0 | Y103: =$AY$1 -> 0 | Z103: =V103*Y103+(1-V103) -> 1 | AA103: =(0.795*O103)-0.0014 -> -0.0014 | AD103: =1 - EXP(-2*(AC103^2)) -> 0 | AE103: =(104.7*AA103+0.307*Q103-15)*(Q103^0.75)*10^-3 -> 0 | AF103: =AE103*AD103*Z103 -> 0 | AG103: =(AF103 * M103) + (0.045 * X103) -> 0 | AH103: =$AV$2 -> 0 | AI103: =(AF103 * ((1 - O103) + (0.04 * AF103))) * ( 1 - AH103 ) -> 0 | AJ103: =$AV$1 -> 0 | AK103: =$AW$20 -> 0 | AL103: =AI103 * AJ103 * R103 * T103 * AK103 -> #N/A | AM103: =AI103*AJ103*S103*U103*AK103 -> #N/A | AN103: =AL103+AM103 -> #N/A | AO103: =H103*AN103*L103 -> #N/A
F104: Winter | H104: 80 | I104: 0 | J104: 0 | L104: =$AV$3 -> 1091 | R104: =1-S104 -> #N/A | S104: =S101 -> #N/A | T104: =T101 -> #N/A | U104: =$AV$10 -> EFN2O | V104: =(I104/100)*(MIN(J104,100)/100) -> 0 | W104: 0 | X104: =1.6 * W104 -> 0 | Y104: =$AY$1 -> 0 | Z104: =V104*Y104+(1-V104) -> 1 | AA104: =(0.795*O104)-0.0014 -> -0.0014 | AD104: =1 - EXP(-2*(AC104^2)) -> 0 | AE104: =(104.7*AA104+0.307*Q104-15)*(Q104^0.75)*10^-3 -> 0 | AF104: =AE104*AD104*Z104 -> 0 | AG104: =(AF104 * M104) + (0.045 * X104) -> 0 | AH104: =$AV$2 -> 0 | AI104: =(AF104 * ((1 - O104) + (0.04 * AF104))) * ( 1 - AH104 ) -> 0 | AJ104: =$AV$1 -> 0 | AK104: =$AW$20 -> 0 | AL104: =AI104 * AJ104 * R104 * T104 * AK104 -> #N/A | AM104: =AI104*AJ104*S104*U104*AK104 -> #N/A | AN104: =AL104+AM104 -> #N/A | AO104: =H104*AN104*L104 -> #N/A
E105: Lambs and hoggets | F105: Spring | H105: 200 | I105: 0 | J105: 0 | L105: =$AV$3 -> 1091 | R105: =1-S105 -> #N/A | S105: =S101 -> #N/A | T105: =T101 -> #N/A | U105: =$AV$10 -> EFN2O | V105: =(I105/100)*(MIN(J105,100)/100) -> 0 | W105: 1 | X105: =1.6 * W105 -> 1.6 | Y105: =$AY$1 -> 0 | Z105: =V105*Y105+(1-V105) -> 1 | AA105: =(0.795*O105)-0.0014 -> -0.0014 | AD105: =1 - EXP(-2*(AC105^2)) -> 0 | AE105: =(104.7*AA105+0.307*Q105-15)*(Q105^0.75)*10^-3 -> 0 | AF105: =AE105*AD105*Z105 -> 0 | AG105: =(AF105 * M105) + (0.045 * X105) -> 0.072 | AH105: =$AV$2 -> 0 | AI105: =(AF105 * ((1 - O105) + (0.04 * AF105))) * ( 1 - AH105 ) -> 0 | AJ105: =$AV$1 -> 0 | AK105: =$AW$20 -> 0 | AL105: =AI105 * AJ105 * R105 * T105 * AK105 -> #N/A | AM105: =AI105*AJ105*S105*U105*AK105 -> #N/A | AN105: =AL105+AM105 -> #N/A | AO105: =H105*AN105*L105 -> #N/A
F106: Summer | H106: 210 | I106: 0 | J106: 0 | L106: =$AV$3 -> 1091 | R106: =1-S106 -> #N/A | S106: =S101 -> #N/A | T106: =T101 -> #N/A | U106: =$AV$10 -> EFN2O | V106: =(I106/100)*(MIN(J106,100)/100) -> 0 | W106: 0 | X106: =1.6 * W106 -> 0 | Y106: =$AY$1 -> 0 | Z106: =V106*Y106+(1-V106) -> 1 | AA106: =(0.795*O106)-0.0014 -> -0.0014 | AD106: =1 - EXP(-2*(AC106^2)) -> 0 | AE106: =(104.7*AA106+0.307*Q106-15)*(Q106^0.75)*10^-3 -> 0 | AF106: =AE106*AD106*Z106 -> 0 | AG106: =(AF106 * M106) + (0.045 * X106) -> 0 | AH106: =$AV$2 -> 0 | AI106: =(AF106 * ((1 - O106) + (0.04 * AF106))) * ( 1 - AH106 ) -> 0 | AJ106: =$AV$1 -> 0 | AK106: =$AW$20 -> 0 | AL106: =AI106 * AJ106 * R106 * T106 * AK106 -> #N/A | AM106: =AI106*AJ106*S106*U106*AK106 -> #N/A | AN106: =AL106+AM106 -> #N/A | AO106: =H106*AN106*L106 -> #N/A
F107: Autumn | H107: 170 | I107: 0 | J107: 0 | L107: =$AV$3 -> 1091 | R107: =1-S107 -> #N/A | S107: =S101 -> #N/A | T107: =T101 -> #N/A | U107: =$AV$10 -> EFN2O | V107: =(I107/100)*(MIN(J107,100)/100) -> 0 | W107: 0 | X107: =1.6 * W107 -> 0 | Y107: =$AY$1 -> 0 | Z107: =V107*Y107+(1-V107) -> 1 | AA107: =(0.795*O107)-0.0014 -> -0.0014 | AD107: =1 - EXP(-2*(AC107^2)) -> 0 | AE107: =(104.7*AA107+0.307*Q107-15)*(Q107^0.75)*10^-3 -> 0 | AF107: =AE107*AD107*Z107 -> 0 | AG107: =(AF107 * M107) + (0.045 * X107) -> 0 | AH107: =$AV$2 -> 0 | AI107: =(AF107 * ((1 - O107) + (0.04 * AF107))) * ( 1 - AH107 ) -> 0 | AJ107: =$AV$1 -> 0 | AK107: =$AW$20 -> 0 | AL107: =AI107 * AJ107 * R107 * T107 * AK107 -> #N/A | AM107: =AI107*AJ107*S107*U107*AK107 -> #N/A | AN107: =AL107+AM107 -> #N/A | AO107: =H107*AN107*L107 -> #N/A
F108: Winter | H108: 200 | I108: 0 | J108: 0 | L108: =$AV$3 -> 1091 | R108: =1-S108 -> #N/A | S108: =S101 -> #N/A | T108: =T101 -> #N/A | U108: =$AV$10 -> EFN2O | V108: =(I108/100)*(MIN(J108,100)/100) -> 0 | W108: 0 | X108: =1.6 * W108 -> 0 | Y108: =$AY$1 -> 0 | Z108: =V108*Y108+(1-V108) -> 1 | AA108: =(0.795*O108)-0.0014 -> -0.0014 | AD108: =1 - EXP(-2*(AC108^2)) -> 0 | AE108: =(104.7*AA108+0.307*Q108-15)*(Q108^0.75)*10^-3 -> 0 | AF108: =AE108*AD108*Z108 -> 0 | AG108: =(AF108 * M108) + (0.045 * X108) -> 0 | AH108: =$AV$2 -> 0 | AI108: =(AF108 * ((1 - O108) + (0.04 * AF108))) * ( 1 - AH108 ) -> 0 | AJ108: =$AV$1 -> 0 | AK108: =$AW$20 -> 0 | AL108: =AI108 * AJ108 * R108 * T108 * AK108 -> #N/A | AM108: =AI108*AJ108*S108*U108*AK108 -> #N/A | AN108: =AL108+AM108 -> #N/A | AO108: =H108*AN108*L108 -> #N/A
E109: Maiden ewes | F109: Spring | H109: 100 | I109: 95 | J109: 92 | L109: =$AV$3 -> 1091 | R109: =1-S109 -> #N/A | S109: =S101 -> #N/A | T109: =T101 -> #N/A | U109: =$AV$10 -> EFN2O | V109: =(I109/100)*(MIN(J109,100)/100) -> 0.874 | W109: 0 | X109: =1.6 * W109 -> 0 | Y109: =$AY$1 -> 0 | Z109: =V109*Y109+(1-V109) -> 0.126 | AA109: =(0.795*O109)-0.0014 -> -0.0014 | AD109: =1 - EXP(-2*(AC109^2)) -> 0 | AE109: =(104.7*AA109+0.307*Q109-15)*(Q109^0.75)*10^-3 -> 0 | AF109: =AE109*AD109*Z109 -> 0 | AG109: =(AF109 * M109) + (0.045 * X109) -> 0 | AH109: =$AV$2 -> 0 | AI109: =(AF109 * ((1 - O109) + (0.04 * AF109))) * ( 1 - AH109 ) -> 0 | AJ109: =$AV$1 -> 0 | AK109: =$AW$20 -> 0 | AL109: =AI109 * AJ109 * R109 * T109 * AK109 -> #N/A | AM109: =AI109*AJ109*S109*U109*AK109 -> #N/A | AN109: =AL109+AM109 -> #N/A | AO109: =H109*AN109*L109 -> #N/A
F110: Summer | H110: 140 | I110: 0 | J110: 0 | L110: =$AV$3 -> 1091 | R110: =1-S110 -> #N/A | S110: =S101 -> #N/A | T110: =T101 -> #N/A | U110: =$AV$10 -> EFN2O | V110: =(I110/100)*(MIN(J110,100)/100) -> 0 | W110: 0 | X110: =1.6 * W110 -> 0 | Y110: =$AY$1 -> 0 | Z110: =V110*Y110+(1-V110) -> 1 | AA110: =(0.795*O110)-0.0014 -> -0.0014 | AD110: =1 - EXP(-2*(AC110^2)) -> 0 | AE110: =(104.7*AA110+0.307*Q110-15)*(Q110^0.75)*10^-3 -> 0 | AF110: =AE110*AD110*Z110 -> 0 | AG110: =(AF110 * M110) + (0.045 * X110) -> 0 | AH110: =$AV$2 -> 0 | AI110: =(AF110 * ((1 - O110) + (0.04 * AF110))) * ( 1 - AH110 ) -> 0 | AJ110: =$AV$1 -> 0 | AK110: =$AW$20 -> 0 | AL110: =AI110 * AJ110 * R110 * T110 * AK110 -> #N/A | AM110: =AI110*AJ110*S110*U110*AK110 -> #N/A | AN110: =AL110+AM110 -> #N/A | AO110: =H110*AN110*L110 -> #N/A
F111: Autumn | H111: 135 | I111: 0 | J111: 0 | L111: =$AV$3 -> 1091 | R111: =1-S111 -> #N/A | S111: =S101 -> #N/A | T111: =T101 -> #N/A | U111: =$AV$10 -> EFN2O | V111: =(I111/100)*(MIN(J111,100)/100) -> 0 | W111: 0 | X111: =1.6 * W111 -> 0 | Y111: =$AY$1 -> 0 | Z111: =V111*Y111+(1-V111) -> 1 | AA111: =(0.795*O111)-0.0014 -> -0.0014 | AD111: =1 - EXP(-2*(AC111^2)) -> 0 | AE111: =(104.7*AA111+0.307*Q111-15)*(Q111^0.75)*10^-3 -> 0 | AF111: =AE111*AD111*Z111 -> 0 | AG111: =(AF111 * M111) + (0.045 * X111) -> 0 | AH111: =$AV$2 -> 0 | AI111: =(AF111 * ((1 - O111) + (0.04 * AF111))) * ( 1 - AH111 ) -> 0 | AJ111: =$AV$1 -> 0 | AK111: =$AW$20 -> 0 | AL111: =AI111 * AJ111 * R111 * T111 * AK111 -> #N/A | AM111: =AI111*AJ111*S111*U111*AK111 -> #N/A | AN111: =AL111+AM111 -> #N/A | AO111: =H111*AN111*L111 -> #N/A
F112: Winter | H112: 130 | I112: 0 | J112: 0 | L112: =$AV$3 -> 1091 | R112: =1-S112 -> #N/A | S112: =S101 -> #N/A | T112: =T101 -> #N/A | U112: =$AV$10 -> EFN2O | V112: =(I112/100)*(MIN(J112,100)/100) -> 0 | W112: 0 | X112: =1.6 * W112 -> 0 | Y112: =$AY$1 -> 0 | Z112: =V112*Y112+(1-V112) -> 1 | AA112: =(0.795*O112)-0.0014 -> -0.0014 | AD112: =1 - EXP(-2*(AC112^2)) -> 0 | AE112: =(104.7*AA112+0.307*Q112-15)*(Q112^0.75)*10^-3 -> 0 | AF112: =AE112*AD112*Z112 -> 0 | AG112: =(AF112 * M112) + (0.045 * X112) -> 0 | AH112: =$AV$2 -> 0 | AI112: =(AF112 * ((1 - O112) + (0.04 * AF112))) * ( 1 - AH112 ) -> 0 | AJ112: =$AV$1 -> 0 | AK112: =$AW$20 -> 0 | AL112: =AI112 * AJ112 * R112 * T112 * AK112 -> #N/A | AM112: =AI112*AJ112*S112*U112*AK112 -> #N/A | AN112: =AL112+AM112 -> #N/A | AO112: =H112*AN112*L112 -> #N/A
E113: Other ewes | F113: Spring | H113: 200 | I113: 0 | J113: 0 | L113: =$AV$3 -> 1091 | R113: =1-S113 -> #N/A | S113: =S101 -> #N/A | T113: =T101 -> #N/A | U113: =$AV$10 -> EFN2O | V113: =(I113/100)*(MIN(J113,100)/100) -> 0 | W113: 0 | X113: =1.6 * W113 -> 0 | Y113: =$AY$1 -> 0 | Z113: =V113*Y113+(1-V113) -> 1 | AA113: =(0.795*O113)-0.0014 -> -0.0014 | AD113: =1 - EXP(-2*(AC113^2)) -> 0 | AE113: =(104.7*AA113+0.307*Q113-15)*(Q113^0.75)*10^-3 -> 0 | AF113: =AE113*AD113*Z113 -> 0 | AG113: =(AF113 * M113) + (0.045 * X113) -> 0 | AH113: =$AV$2 -> 0 | AI113: =(AF113 * ((1 - O113) + (0.04 * AF113))) * ( 1 - AH113 ) -> 0 | AJ113: =$AV$1 -> 0 | AK113: =$AW$20 -> 0 | AL113: =AI113 * AJ113 * R113 * T113 * AK113 -> #N/A | AM113: =AI113*AJ113*S113*U113*AK113 -> #N/A | AN113: =AL113+AM113 -> #N/A | AO113: =H113*AN113*L113 -> #N/A
F114: Summer | H114: 210 | I114: 0 | J114: 0 | L114: =$AV$3 -> 1091 | R114: =1-S114 -> #N/A | S114: =S101 -> #N/A | T114: =T101 -> #N/A | U114: =$AV$10 -> EFN2O | V114: =(I114/100)*(MIN(J114,100)/100) -> 0 | W114: 0 | X114: =1.6 * W114 -> 0 | Y114: =$AY$1 -> 0 | Z114: =V114*Y114+(1-V114) -> 1 | AA114: =(0.795*O114)-0.0014 -> -0.0014 | AD114: =1 - EXP(-2*(AC114^2)) -> 0 | AE114: =(104.7*AA114+0.307*Q114-15)*(Q114^0.75)*10^-3 -> 0 | AF114: =AE114*AD114*Z114 -> 0 | AG114: =(AF114 * M114) + (0.045 * X114) -> 0 | AH114: =$AV$2 -> 0 | AI114: =(AF114 * ((1 - O114) + (0.04 * AF114))) * ( 1 - AH114 ) -> 0 | AJ114: =$AV$1 -> 0 | AK114: =$AW$20 -> 0 | AL114: =AI114 * AJ114 * R114 * T114 * AK114 -> #N/A | AM114: =AI114*AJ114*S114*U114*AK114 -> #N/A | AN114: =AL114+AM114 -> #N/A | AO114: =H114*AN114*L114 -> #N/A
F115: Autumn | H115: 190 | I115: 0 | J115: 0 | L115: =$AV$3 -> 1091 | R115: =1-S115 -> #N/A | S115: =S101 -> #N/A | T115: =T101 -> #N/A | U115: =$AV$10 -> EFN2O | V115: =(I115/100)*(MIN(J115,100)/100) -> 0 | W115: 0 | X115: =1.6 * W115 -> 0 | Y115: =$AY$1 -> 0 | Z115: =V115*Y115+(1-V115) -> 1 | AA115: =(0.795*O115)-0.0014 -> -0.0014 | AD115: =1 - EXP(-2*(AC115^2)) -> 0 | AE115: =(104.7*AA115+0.307*Q115-15)*(Q115^0.75)*10^-3 -> 0 | AF115: =AE115*AD115*Z115 -> 0 | AG115: =(AF115 * M115) + (0.045 * X115) -> 0 | AH115: =$AV$2 -> 0 | AI115: =(AF115 * ((1 - O115) + (0.04 * AF115))) * ( 1 - AH115 ) -> 0 | AJ115: =$AV$1 -> 0 | AK115: =$AW$20 -> 0 | AL115: =AI115 * AJ115 * R115 * T115 * AK115 -> #N/A | AM115: =AI115*AJ115*S115*U115*AK115 -> #N/A | AN115: =AL115+AM115 -> #N/A | AO115: =H115*AN115*L115 -> #N/A
F116: Winter | H116: 180 | I116: 0 | J116: 0 | L116: =$AV$3 -> 1091 | R116: =1-S116 -> #N/A | S116: =S101 -> #N/A | T116: =T101 -> #N/A | U116: =$AV$10 -> EFN2O | V116: =(I116/100)*(MIN(J116,100)/100) -> 0 | W116: 0 | X116: =1.6 * W116 -> 0 | Y116: =$AY$1 -> 0 | Z116: =V116*Y116+(1-V116) -> 1 | AA116: =(0.795*O116)-0.0014 -> -0.0014 | AD116: =1 - EXP(-2*(AC116^2)) -> 0 | AE116: =(104.7*AA116+0.307*Q116-15)*(Q116^0.75)*10^-3 -> 0 | AF116: =AE116*AD116*Z116 -> 0 | AG116: =(AF116 * M116) + (0.045 * X116) -> 0 | AH116: =$AV$2 -> 0 | AI116: =(AF116 * ((1 - O116) + (0.04 * AF116))) * ( 1 - AH116 ) -> 0 | AJ116: =$AV$1 -> 0 | AK116: =$AW$20 -> 0 | AL116: =AI116 * AJ116 * R116 * T116 * AK116 -> #N/A | AM116: =AI116*AJ116*S116*U116*AK116 -> #N/A | AN116: =AL116+AM116 -> #N/A | AO116: =H116*AN116*L116 -> #N/A
E117: Rams | F117: Spring | H117: 50 | I117: 0 | J117: 0 | L117: =$AV$3 -> 1091 | R117: =1-S117 -> #N/A | S117: =S101 -> #N/A | T117: =T101 -> #N/A | U117: =$AV$10 -> EFN2O | V117: =(I117/100)*(MIN(J117,100)/100) -> 0 | W117: 0 | X117: =1.6 * W117 -> 0 | Y117: =$AY$1 -> 0 | Z117: =V117*Y117+(1-V117) -> 1 | AA117: =(0.795*O117)-0.0014 -> -0.0014 | AD117: =1 - EXP(-2*(AC117^2)) -> 0 | AE117: =(104.7*AA117+0.307*Q117-15)*(Q117^0.75)*10^-3 -> 0 | AF117: =AE117*AD117*Z117 -> 0 | AG117: =(AF117 * M117) + (0.045 * X117) -> 0 | AH117: =$AV$2 -> 0 | AI117: =(AF117 * ((1 - O117) + (0.04 * AF117))) * ( 1 - AH117 ) -> 0 | AJ117: =$AV$1 -> 0 | AK117: =$AW$20 -> 0 | AL117: =AI117 * AJ117 * R117 * T117 * AK117 -> #N/A | AM117: =AI117*AJ117*S117*U117*AK117 -> #N/A | AN117: =AL117+AM117 -> #N/A | AO117: =H117*AN117*L117 -> #N/A
F118: Summer | H118: 55 | I118: 0 | J118: 0 | L118: =$AV$3 -> 1091 | R118: =1-S118 -> #N/A | S118: =S101 -> #N/A | T118: =T101 -> #N/A | U118: =$AV$10 -> EFN2O | V118: =(I118/100)*(MIN(J118,100)/100) -> 0 | W118: 0 | X118: =1.6 * W118 -> 0 | Y118: =$AY$1 -> 0 | Z118: =V118*Y118+(1-V118) -> 1 | AA118: =(0.795*O118)-0.0014 -> -0.0014 | AD118: =1 - EXP(-2*(AC118^2)) -> 0 | AE118: =(104.7*AA118+0.307*Q118-15)*(Q118^0.75)*10^-3 -> 0 | AF118: =AE118*AD118*Z118 -> 0 | AG118: =(AF118 * M118) + (0.045 * X118) -> 0 | AH118: =$AV$2 -> 0 | AI118: =(AF118 * ((1 - O118) + (0.04 * AF118))) * ( 1 - AH118 ) -> 0 | AJ118: =$AV$1 -> 0 | AK118: =$AW$20 -> 0 | AL118: =AI118 * AJ118 * R118 * T118 * AK118 -> #N/A | AM118: =AI118*AJ118*S118*U118*AK118 -> #N/A | AN118: =AL118+AM118 -> #N/A | AO118: =H118*AN118*L118 -> #N/A
F119: Autumn | H119: 60 | I119: 0 | J119: 0 | L119: =$AV$3 -> 1091 | R119: =1-S119 -> #N/A | S119: =S101 -> #N/A | T119: =T101 -> #N/A | U119: =$AV$10 -> EFN2O | V119: =(I119/100)*(MIN(J119,100)/100) -> 0 | W119: 0 | X119: =1.6 * W119 -> 0 | Y119: =$AY$1 -> 0 | Z119: =V119*Y119+(1-V119) -> 1 | AA119: =(0.795*O119)-0.0014 -> -0.0014 | AD119: =1 - EXP(-2*(AC119^2)) -> 0 | AE119: =(104.7*AA119+0.307*Q119-15)*(Q119^0.75)*10^-3 -> 0 | AF119: =AE119*AD119*Z119 -> 0 | AG119: =(AF119 * M119) + (0.045 * X119) -> 0 | AH119: =$AV$2 -> 0 | AI119: =(AF119 * ((1 - O119) + (0.04 * AF119))) * ( 1 - AH119 ) -> 0 | AJ119: =$AV$1 -> 0 | AK119: =$AW$20 -> 0 | AL119: =AI119 * AJ119 * R119 * T119 * AK119 -> #N/A | AM119: =AI119*AJ119*S119*U119*AK119 -> #N/A | AN119: =AL119+AM119 -> #N/A | AO119: =H119*AN119*L119 -> #N/A
F120: Winter | H120: 65 | I120: 0 | J120: 0 | L120: =$AV$3 -> 1091 | R120: =1-S120 -> #N/A | S120: =S101 -> #N/A | T120: =T101 -> #N/A | U120: =$AV$10 -> EFN2O | V120: =(I120/100)*(MIN(J120,100)/100) -> 0 | W120: 0 | X120: =1.6 * W120 -> 0 | Y120: =$AY$1 -> 0 | Z120: =V120*Y120+(1-V120) -> 1 | AA120: =(0.795*O120)-0.0014 -> -0.0014 | AD120: =1 - EXP(-2*(AC120^2)) -> 0 | AE120: =(104.7*AA120+0.307*Q120-15)*(Q120^0.75)*10^-3 -> 0 | AF120: =AE120*AD120*Z120 -> 0 | AG120: =(AF120 * M120) + (0.045 * X120) -> 0 | AH120: =$AV$2 -> 0 | AI120: =(AF120 * ((1 - O120) + (0.04 * AF120))) * ( 1 - AH120 ) -> 0 | AJ120: =$AV$1 -> 0 | AK120: =$AW$20 -> 0 | AL120: =AI120 * AJ120 * R120 * T120 * AK120 -> #N/A | AM120: =AI120*AJ120*S120*U120*AK120 -> #N/A | AN120: =AL120+AM120 -> #N/A | AO120: =H120*AN120*L120 -> #N/A
...

Sheet Tables
M1: 3.4.1 | N1: 3.4.1 | AC1: 3.4.1 321 | AP1: 3.4.1 | AS1: 3.4.1 | AT1: 3.4.1 | AU1: Ch 3.4.1 | BQ1: 1084 | BR1: Bo | BS1: 0.24 | BU1: FAk | BV1: 1.3
AD2: LEjk=3,4 * 1.6 | AE2: GWk * Yk / 365 | AF2: LWGjk * 0.92 | AH2: Wjk / SRWk | AJ2: 1.6 * PLjk=6 | AK2: ((0.045 * MPjk=3,4) + (WPk * 0.84) + (EBGjk * ((212 - 4 * ((EBGjk * 1000) / (4 * SRWk ^0.75) - 1)) - (140 - 4 * (EBGjk * 1000)) / (1 + e^-6 * (Zjk - 0.4)) * 10^-3) / 6.25 | AL2: (CPIjk ÷ 6.25 ) - NRjk | AV2: (Ijk * CPjk) + (0.045 * MCjk=6) | AX2: (Ijk * ((1 - DMDjk) + (0.04 * Ijk))) * ( 1 - A ) | BA2: VSjk * BO * MMSm * MCFim * 𝜌 | BC2: VSjk * BO * MMSm * MCFim * 𝜌 | BD2: SUM SUM SUM (Njk * Mjkm * Dj) * 10^-3 | BF2: SUM SUM (Njk * NEjk * Dj) | BH2: AE * FracGASMsoil | BI2: AE * FracWet * FracLEACH | BJ2: AE * EFPRP * CN2O * 10^-3 | BK2: Mvol * EFN2O * CN2O * 10^-3 | BL2: Mleach * EFleach * CN2O * 10^-3 | BQ2: 1087 | BR2: A | BS2: 0.08
J3: 1072 | K3: 1073 | L3: 1071 | M3: 342 | N3: 323 | O3: 1075 | P3: 1079 | Q3: 1078 | R3: 1077 | S3: 1081 | U3: 1085 | W3: 1082 | X3: 1092 | Y3: 1094 | Z3: 1095 | AA3: 1093 | AB3: 1091 | AC3: 1004 | AD3: 1003 | AE3: 1011 | AF3: 1017 | AG3: 1089 | AH3: 1021 | AI3: 990 | AJ3: 988 | AK3: 994 | AL3: 978 | AM3: 1090 | AN3: 1088 | AO3: 351 | AP3: 314 | AQ3: 302 | AR3: 349 | AS3: 308 | AT3: 296 | AU3: 946 | AV3: 983 | AW3: 1087 | AX3: 945 | AY3: 1084 | AZ3: 1086 | BA3: 930 | BC3: 930 | BD3: 922 | BF3: 970 | BH3: 1045 | BI3: 1062 | BJ3: 963 | BK3: 1037 | BL3: 1056 | BR3: Dj | BS3: 91.25
J4: input | K4: input | L4: input | O4: constant | P4: constant | Q4: constant | R4: constant | S4: constant | U4: constant | W4: constant | X4: constant | Y4: constant | Z4: constant | AA4: constant | AB4: constant | AC4: constant | AD4: expression | AE4: expression | AF4: expression | AG4: constant | AH4: expression | AI4: expression | AJ4: expression | AK4: expression | AL4: expression | AM4: constant | AN4: constant | AO4: constant | AP4: expression | AQ4: expression | AR4: constant | AS4: expression | AT4: expression | AU4: expression | AV4: expression | AW4: constant | AX4: expression | AY4: constant | AZ4: constant | BA4: expression | BC4: expression | BD4: expression | BF4: expression | BH4: expression | BI4: expression | BJ4: expression | BK4: expression | BL4: expression | BQ4: 1094 | BR4: FracLEACH | BS4: 0.24
O5: input | P5: input | Q5: input | R5: input | S5: input | W5: input | AR5: input | BQ5: 1093 | BR5: FracGASMSoil | BS5: 0.21 | BW5: A.1.4.5 | BX5: LWGjk
BQ6: 1095 | BR6: EFLeach | BS6: 0.011 | BW6: Season | BX6: Class | BY6: ACT/NSW | BZ6: QLD | CA6: SA | CB6: TAS | CC6: VIC | CD6: WA | CE6: SeasonOrder | CH6: Column1 | CI6: Column2 | CJ6: Column3 | CK6: Column4 | CL6: Column5 | CM6: Column6 | CN6: Column7 | CO6: Column8
BQ7: 1088 | BR7: CN2O | BS7: =44/28 -> 1.5714286 | BW7: Spring | BX7: Breeding ewes | BY7: 0.04 | BZ7: -0.02 | CA7: 0 | CB7: -0.02 | CC7: 0.11 | CD7: 0.05 | CE7: 1 | CH7: State | CI7: Season | CJ7: Rams | CK7: Wethers | CL7: Maiden ewes | CM7: Breeding ewes | CN7: Other ewes | CO7: Lambs and hoggets
J8: kg / head | K8: d | L8: head | O8: days | P8: kg | Q8: d | R8: d | S8: kg | U8: d | W8: d | X8: d | Y8: d | Z8: kg N2O-N / kg N | AA8: kg volatilised N/kg N | AB8: kg N2O-N/kg N | AC8: d | AD8: kg/head/day | AE8: kg/head/day | AF8: kg | AG8: kg | AH8: d | AI8: d | AJ8: kg / head / day | AK8: kg N/head/day | AL8: kg N/head/day | AM8: kg N2O-N/kg N deposited | AN8: d | AU8: kg DM/head/day | AV8: kg/head/day | AW8: d | AX8: kg/head/day | AY8: m3 CH4/kgVS | AZ8: kg/m3 | BA8: kg CH4/head/day | BC8: kg CH4/head/day | BD8: kg CH4 | BF8: kg N | BH8: kg N | BI8: kg N | BJ8: t N2O | BK8: t N2O | BL8: t N2O | BW8: Summer | BX8: Breeding ewes | BY8: -0.05 | BZ8: 0.05 | CA8: 0 | CB8: 0 | CC8: -0.05 | CD8: -0.05 | CE8: 2 | CH8: ACT/NSW | CI8: Spring | CJ8: 0.07 | CK8: 0.08 | CL8: 0.07 | CM8: 0.04 | CN8: 0.05 | CO8: 0.16
J9: greasy wool production per class | K9: average clean wool yield per class | L9: number of sheep in each time period and class | M9: Lambing rate | N9: Lamb marking rate | O9: number of days in each time period | P9: liveweight gain | Q9: crude protein content of feed intake | R9: dry matter digestibility | S9: liveweight | U9: fraction of waste in each MMS | W9: methane conversion factor for temperate zone and MMS | X9: fraction of N that is available for leaching and runoff | Y9: fraction of all N that is lost through leaching and runoff | Z9: emissions factor for leaching and runoff | AA9: fraction of nitrogen volatilised from urine and dung on pasture | AB9: NO2 emission factor for atmospheric deposition | AC9: proportion of ewes lactating each season or time period | AD9: milk production | AE9: clean wool production | AF9: empty body gain | AG9: standard reference weight | AH9: relative size | AI9: Proportion of lambs born in the time period | AJ9: Milk intake | AK9: amount of nitrogen retained by the body | AL9: Nitrogen excreted in each time period | AM9: Emissions factor for nitrous oxide from urine and dung | AN9: Factor to convert elemental mass of NO2 to molecular mass | AU9: dry matter intake | AV9: crude protein intake | AW9: ash content of feed intake | AX9: volatile solid production | AY9: emisions potential | AZ9: density of methane | BA9: methane produced from manure | BC9: methane produced from manure | BD9: annual methane production from manure | BF9: Total mass of nitrogen excreted on PRP | BH9: Mass of nitrogen volatilised | BI9: mass of nitrogen lost ot leaching and runoff | BJ9: annual direct NO2 from soils from deposition of urine and dung | BK9: annual atmospheric deposition emissions from urine and dung on pasture | BL9: Leaching and runoff emissions from urine and dung deposited on pasture | BS9: MCF | BU9: Lagoon | BW9: Autumn | BX9: Breeding ewes | BY9: 0.01 | BZ9: 0 | CA9: 0 | CB9: 0 | CC9: -0.02 | CD9: -0.05 | CE9: 3 | CI9: Summer | CJ9: 0 | CK9: -0.08 | CL9: 0 | CM9: -0.05 | CN9: -0.05 | CO9: 0.08
A10: Scenario | B10: State | C10: State | D10: No unfenced water | E10: Leaching zone | F10: Production system | G10: Climate zone | H10: Class | J10: GWk | K10: Yk | L10: Njk | M10: LR | N10: LMR | O10: Dj | P10: LWGjk | Q10: CPjk | R10: DMDjk | S10: Wjk | T10: MMSm=1 | U10: MMSm=14 | V10: MCFim=1 | W10: MCFim=14 | X10: FracWet | Y10: FracLEACH | Z10: EFleach | AA10: FracGASMsoil | AB10: EFN2O | AC10: LEjk=3,4 | AD10: MPjk=3,4 | AE10: WPk | AF10: EBGjk | AG10: SRWk | AH10: Zjk | AI10: PLjk=6 | AJ10: MCjk=6 | AK10: NRjk | AL10: NEjk | AM10: EFPRP | AN10: CN2O | AO10: FAk | AP10: MAjk | AQ10: qmjk | AR10: DMAjk | AS10: RIjk | AT10: PIjk | AU10: Ijk | AV10: CPIjk | AW10: A | AX10: VSjk | AY10: BO | AZ10: 𝜌 | BA10: Mjkm=1 | BB10: Mjkm=14 | BC10: Mjk | BD10: ECH4 | BE10: ECH4 | BF10: AE | BG10: AE | BH10: Mvol | BI10: Mleach | BJ10: EN2O,dir | BK10: EN2O,ad | BL10: ESN2O,leach | BR10: PRP | BS10: 0.0047 | BT10: ACT | BU10: 0.72 | BW10: Winter | BX10: Breeding ewes | BY10: 0 | BZ10: -0.03 | CA10: 0 | CB10: 0.02 | CC10: -0.03 | CD10: 0.05 | CE10: 4 | CI10: Autumn | CJ10: -0.07 | CK10: 0 | CL10: 0 | CM10: 0.01 | CN10: -0.01 | CO10: 0.05
A11: Baseline | B11: ACT | C11: ACT/NSW | D11: yes | E11: yes | F11: Irrigated pasture | G11: wet | H11: Breeding ewes | I11: Spring | J11: 4 | K11: 0.65 | L11: 100 | M11: 95 | N11: 90 | O11: =$BS$3 -> 91.25 | P11: {=_xludf.DROP(_xludf.XLOOKUP($C11,#REF!,#REF!),1)} -> #NAME? | Q11: {=_xludf.DROP(_xludf.XLOOKUP($C11,#REF!,#REF!),1)} -> #NAME? | R11: {=_xludf.DROP(_xludf.XLOOKUP($C11,#REF!,#REF!),1)} -> #NAME? | S11: {=_xludf.DROP(_xludf.XLOOKUP($C11,#REF!,#REF!),1)} -> #NAME? | T11: =1-U11 -> 0 | U11: =IF($D$11="yes", 1, VLOOKUP(B11, $BR$26:$BT$32, 1)) -> 1 | V11: =VLOOKUP($B$11,$BT$10:$BU$16, 2, FALSE) -> 0.72 | W11: =$BS$10 -> 0.0047 | X11: =IF(E11="yes",1,0) -> 1 | Y11: =$BS$4 -> 0.24 | Z11: =$BS$6 -> 0.011 | AA11: =$BS$5 -> 0.21 | AB11: =VLOOKUP($F$11,$BR$37:$BS$49,2,FALSE) -> 0.0059 | AC11: =(M11/100)*(MIN(N11,100)/100) -> 0.855 | AD11: =AC11 * 1.6 -> 1.368 | AE11: =J11 * K11 / 365 -> 0.0071232877 | AF11: =P11 * 0.92 -> #NAME? | AG11: {=_xludf.DROP(_xludf.XLOOKUP($C11,#REF!,#REF!),1)} -> #NAME? | AH11: =S11 / AG11 -> #NAME? | AI11: 0 | AJ11: =1.6 * AI11 -> 0 | AK11: =(0.045*AD11+AE11*0.84+ (AF11* ( (212 - 4*(AF11*1000/(4*AG11^0.75)-1))-((140 - 4 * (AF11*1000/(4*AG11^0.75)-1))/(1+EXP(-6*(AH11-0.4)))) ) )*10^-3 )/6.25 -> #NAME? | AL11: =(AV11 / 6.25 ) - AK11 -> #NAME? | AM11: =IF($G$11="wet",$BU$18,$BU$19) -> 0.006 | AN11: =$BS$7 -> 1.5714286 | AO11: =$BV$1 -> 1.3 | AP11: =AC11*AO11+(1-AC11) -> 1.2565 | AQ11: =(0.795*R11)-0.0014 -> #NAME? | AR11: {=_xludf.DROP(_xludf.XLOOKUP($C11,#REF!,#REF!),1)} -> #NAME? | AS11: =1 - EXP(-2*(AR11^2)) -> #NAME? | AT11: =(104.7*AQ11+0.307*S11-15)*(S11^0.75)*10^-3 -> #NAME? | AU11: =AT11*AS11*AP11 -> #NAME? | AV11: =(AU11 * Q11) + (0.045 * AJ11) -> #NAME? | AW11: =$BS$2 -> 0.08 | AX11: =(AU11 * ((1 - R11) + (0.04 * AU11))) * ( 1 - AW11 ) -> #NAME? | AY11: =$BS$1 -> 0.24 | AZ11: =$BT$20 -> 0.6784 | BA11: =AX11 * AY11 * T11 * V11 * AZ11 -> #NAME? | BB11: =AX11*AY11*U11*W11*AZ11 -> #NAME? | BC11: =BA11+BB11 -> #NAME? | BD11: =L11*BC11*O11 -> #NAME? | BE11: =SUM(BD11:BD34)*10^-3 -> #NAME? | BF11: =L11*AL11*O11 -> #NAME? | BG11: =SUM(BF11:BF34) -> #NAME? | BH11: =BF11 * AA11 -> #NAME? | BI11: =BF11 * X11 * Y11 -> #NAME? | BJ11: =BF11 * AM11 * AN11 * 10^-3 -> #NAME? | BK11: =BH11 * AB11 * AN11 * 10^-3 -> #NAME? | BL11: =BI11 * Z11 * AN11 * 10^-3 -> #NAME? | BT11: NSW | BU11: 0.75 | BW11: Spring | BX11: Lambs and hoggets | BY11: 0.16 | BZ11: 0.2 | CA11: 0.11 | CB11: 0.15 | CC11: 0.15 | CD11: 0.11 | CE11: 1 | CI11: Winter | CJ11: 0 | CK11: 0 | CL11: 0.02 | CM11: 0 | CN11: 0.01 | CO11: 0.04
I12: Summer | J12: =J11 -> 4 | K12: =K11 -> 0.65 | L12: 70 | M12: 0 | N12: 0 | O12: =$BS$3 -> 91.25 | T12: =1-U12 -> 0 | U12: =IF($D$11="yes", 1, VLOOKUP(B12, $BR$26:$BT$32, 1)) -> 1 | V12: =VLOOKUP($B$11,$BT$10:$BU$16, 2, FALSE) -> 0.72 | W12: =$BS$10 -> 0.0047 | X12: =IF(E12="yes",1,0) -> 0 | Y12: =$BS$4 -> 0.24 | Z12: =$BS$6 -> 0.011 | AA12: =$BS$5 -> 0.21 | AB12: =VLOOKUP($F$11,$BR$37:$BS$49,2,FALSE) -> 0.0059 | AC12: =(M12/100)*(MIN(N12,100)/100) -> 0 | AD12: =AC12 * 1.6 -> 0 | AE12: =J12 * K12 / 365 -> 0.0071232877 | AF12: =P12 * 0.92 -> 0 | AH12: =S12 / AG12 -> #DIV/0! | AI12: 0 | AJ12: =1.6 * AI12 -> 0 | AK12: =(0.045*AD12+AE12*0.84+ (AF12* ( (212 - 4*(AF12*1000/(4*AG12^0.75)-1))-((140 - 4 * (AF12*1000/(4*AG12^0.75)-1))/(1+EXP(-6*(AH12-0.4)))) ) )*10^-3 )/6.25 -> #DIV/0! | AL12: =(AV12 / 6.25 ) - AK12 -> #DIV/0! | AM12: =IF($G$11="wet",$BU$18,$BU$19) -> 0.006 | AN12: =$BS$7 -> 1.5714286 | AO12: =$BV$1 -> 1.3 | AP12: =AC12*AO12+(1-AC12) -> 1 | AQ12: =(0.795*R12)-0.0014 -> -0.0014 | AS12: =1 - EXP(-2*(AR12^2)) -> 0 | AT12: =(104.7*AQ12+0.307*S12-15)*(S12^0.75)*10^-3 -> 0 | AU12: =AT12*AS12*AP12 -> 0 | AV12: =(AU12 * Q12) + (0.045 * AJ12) -> 0 | AW12: =$BS$2 -> 0.08 | AX12: =(AU12 * ((1 - R12) + (0.04 * AU12))) * ( 1 - AW12 ) -> 0 | AY12: =$BS$1 -> 0.24 | AZ12: =$BT$20 -> 0.6784 | BA12: =AX12 * AY12 * T12 * V12 * AZ12 -> 0 | BB12: =AX12*AY12*U12*W12*AZ12 -> 0 | BC12: =BA12+BB12 -> 0 | BD12: =L12*BC12*O12 -> 0 | BF12: =L12*AL12*O12 -> #DIV/0! | BT12: QLD | BU12: 0.78 | BW12: Summer | BX12: Lambs and hoggets | BY12: 0.08 | BZ12: 0.05 | CA12: 0.05 | CB12: 0.11 | CC12: 0.07 | CD12: 0 | CE12: 2 | CH12: Queensland | CI12: Spring | CJ12: -0.02 | CK12: 0 | CL12: 0 | CM12: -0.02 | CN12: -0.03 | CO12: 0.2
I13: Autumn | J13: =J12 -> 4 | K13: =K11 -> 0.65 | L13: 65 | M13: 0 | N13: 0 | O13: =$BS$3 -> 91.25 | T13: =1-U13 -> 0 | U13: =IF($D$11="yes", 1, VLOOKUP(B13, $BR$26:$BT$32, 1)) -> 1 | V13: =VLOOKUP($B$11,$BT$10:$BU$16, 2, FALSE) -> 0.72 | W13: =$BS$10 -> 0.0047 | X13: =IF(E13="yes",1,0) -> 0 | Y13: =$BS$4 -> 0.24 | Z13: =$BS$6 -> 0.011 | AA13: =$BS$5 -> 0.21 | AB13: =VLOOKUP($F$11,$BR$37:$BS$49,2,FALSE) -> 0.0059 | AC13: =(M13/100)*(MIN(N13,100)/100) -> 0 | AD13: =AC13 * 1.6 -> 0 | AE13: =J13 * K13 / 365 -> 0.0071232877 | AF13: =P13 * 0.92 -> 0 | AH13: =S13 / AG13 -> #DIV/0! | AI13: 0 | AJ13: =1.6 * AI13 -> 0 | AK13: 0.001074766 | AL13: =(AV13 / 6.25 ) - AK13 -> -0.001074766 | AM13: =IF($G$11="wet",$BU$18,$BU$19) -> 0.006 | AN13: =$BS$7 -> 1.5714286 | AO13: =$BV$1 -> 1.3 | AP13: =AC13*AO13+(1-AC13) -> 1 | AQ13: =(0.795*R13)-0.0014 -> -0.0014 | AS13: =1 - EXP(-2*(AR13^2)) -> 0 | AT13: =(104.7*AQ13+0.307*S13-15)*(S13^0.75)*10^-3 -> 0 | AU13: =AT13*AS13*AP13 -> 0 | AV13: =(AU13 * Q13) + (0.045 * AJ13) -> 0 | AW13: =$BS$2 -> 0.08 | AX13: =(AU13 * ((1 - R13) + (0.04 * AU13))) * ( 1 - AW13 ) -> 0 | AY13: =$BS$1 -> 0.24 | AZ13: =$BT$20 -> 0.6784 | BA13: =AX13 * AY13 * T13 * V13 * AZ13 -> 0 | BB13: =AX13*AY13*U13*W13*AZ13 -> 0 | BC13: =BA13+BB13 -> 0 | BD13: =L13*BC13*O13 -> 0 | BF13: =L13*AL13*O13 -> -6.3747057 | BT13: SA | BU13: 0.74 | BW13: Autumn | BX13: Lambs and hoggets | BY13: 0.05 | BZ13: 0.2 | CA13: 0.16 | CB13: 0.13 | CC13: 0.05 | CD13: 0.11 | CE13: 3 | CI13: Summer | CJ13: 0.03 | CK13: 0.05 | CL13: 0.05 | CM13: 0.05 | CN13: 0.05 | CO13: 0.05
I14: Winter | J14: =J13 -> 4 | K14: =K11 -> 0.65 | L14: 80 | M14: 0 | N14: 0 | O14: =$BS$3 -> 91.25 | T14: =1-U14 -> 0 | U14: =IF($D$11="yes", 1, VLOOKUP(B14, $BR$26:$BT$32, 1)) -> 1 | V14: =VLOOKUP($B$11,$BT$10:$BU$16, 2, FALSE) -> 0.72 | W14: =$BS$10 -> 0.0047 | X14: =IF(E14="yes",1,0) -> 0 | Y14: =$BS$4 -> 0.24 | Z14: =$BS$6 -> 0.011 | AA14: =$BS$5 -> 0.21 | AB14: =VLOOKUP($F$11,$BR$37:$BS$49,2,FALSE) -> 0.0059 | AC14: =(M14/100)*(MIN(N14,100)/100) -> 0 | AD14: =AC14 * 1.6 -> 0 | AE14: =J14 * K14 / 365 -> 0.0071232877 | AF14: =P14 * 0.92 -> 0 | AH14: =S14 / AG14 -> #DIV/0! | AI14: 0 | AJ14: =1.6 * AI14 -> 0 | AK14: 0.00095736986 | AL14: =(AV14 / 6.25 ) - AK14 -> -0.00095736986 | AM14: =IF($G$11="wet",$BU$18,$BU$19) -> 0.006 | AN14: =$BS$7 -> 1.5714286 | AO14: =$BV$1 -> 1.3 | AP14: =AC14*AO14+(1-AC14) -> 1 | AQ14: =(0.795*R14)-0.0014 -> -0.0014 | AS14: =1 - EXP(-2*(AR14^2)) -> 0 | AT14: =(104.7*AQ14+0.307*S14-15)*(S14^0.75)*10^-3 -> 0 | AU14: =AT14*AS14*AP14 -> 0 | AV14: =(AU14 * Q14) + (0.045 * AJ14) -> 0 | AW14: =$BS$2 -> 0.08 | AX14: =(AU14 * ((1 - R14) + (0.04 * AU14))) * ( 1 - AW14 ) -> 0 | AY14: =$BS$1 -> 0.24 | AZ14: =$BT$20 -> 0.6784 | BA14: =AX14 * AY14 * T14 * V14 * AZ14 -> 0 | BB14: =AX14*AY14*U14*W14*AZ14 -> 0 | BC14: =BA14+BB14 -> 0 | BD14: =L14*BC14*O14 -> 0 | BF14: =L14*AL14*O14 -> -6.9888 | BT14: TAS | BU14: 0.69 | BW14: Winter | BX14: Lambs and hoggets | BY14: 0.04 | BZ14: 0.05 | CA14: 0.16 | CB14: 0.07 | CC14: 0.02 | CD14: 0.11 | CE14: 4 | CI14: Autumn | CJ14: 0.02 | CK14: 0 | CL14: 0 | CM14: 0 | CN14: 0 | CO14: 0.2
H15: Lambs and hoggets | I15: Spring | J15: 3 | K15: 0.6 | L15: 200 | M15: 0 | N15: 0 | O15: =$BS$3 -> 91.25 | T15: =1-U15 -> 0 | U15: =IF($D$11="yes", 1, VLOOKUP(B15, $BR$26:$BT$32, 1)) -> 1 | V15: =VLOOKUP($B$11,$BT$10:$BU$16, 2, FALSE) -> 0.72 | W15: =$BS$10 -> 0.0047 | X15: =IF(E15="yes",1,0) -> 0 | Y15: =$BS$4 -> 0.24 | Z15: =$BS$6 -> 0.011 | AA15: =$BS$5 -> 0.21 | AB15: =VLOOKUP($F$11,$BR$37:$BS$49,2,FALSE) -> 0.0059 | AC15: =(M15/100)*(MIN(N15,100)/100) -> 0 | AD15: =AC15 * 1.6 -> 0 | AE15: =J15 * K15 / 365 -> 0.0049315068 | AF15: =P15 * 0.92 -> 0 | AH15: =S15 / AG15 -> #DIV/0! | AI15: 1 | AJ15: =1.6 * AI15 -> 1.6 | AK15: 0.0042927036 | AL15: =(AV15 / 6.25 ) - AK15 -> 0.0072272964 | AM15: =IF($G$11="wet",$BU$18,$BU$19) -> 0.006 | AN15: =$BS$7 -> 1.5714286 | AO15: =$BV$1 -> 1.3 | AP15: =AC15*AO15+(1-AC15) -> 1 | AQ15: =(0.795*R15)-0.0014 -> -0.0014 | AS15: =1 - EXP(-2*(AR15^2)) -> 0 | AT15: =(104.7*AQ15+0.307*S15-15)*(S15^0.75)*10^-3 -> 0 | AU15: =AT15*AS15*AP15 -> 0 | AV15: =(AU15 * Q15) + (0.045 * AJ15) -> 0.072 | AW15: =$BS$2 -> 0.08 | AX15: =(AU15 * ((1 - R15) + (0.04 * AU15))) * ( 1 - AW15 ) -> 0 | AY15: =$BS$1 -> 0.24 | AZ15: =$BT$20 -> 0.6784 | BA15: =AX15 * AY15 * T15 * V15 * AZ15 -> 0 | BB15: =AX15*AY15*U15*W15*AZ15 -> 0 | BC15: =BA15+BB15 -> 0 | BD15: =L15*BC15*O15 -> 0 | BF15: =L15*AL15*O15 -> 131.89816 | BT15: VIC | BU15: 0.73 | BW15: Spring | BX15: Maiden ewes | BY15: 0.07 | BZ15: 0 | CA15: 0 | CB15: 0.03 | CC15: 0.16 | CD15: 0.05 | CE15: 1 | CI15: Winter | CJ15: -0.03 | CK15: -0.05 | CL15: -0.05 | CM15: -0.03 | CN15: -0.02 | CO15: 0.05
I16: Summer | J16: =J15 -> 3 | K16: =K15 -> 0.6 | L16: 210 | M16: 0 | N16: 0 | O16: =$BS$3 -> 91.25 | T16: =1-U16 -> 0 | U16: =IF($D$11="yes", 1, VLOOKUP(B16, $BR$26:$BT$32, 1)) -> 1 | V16: =VLOOKUP($B$11,$BT$10:$BU$16, 2, FALSE) -> 0.72 | W16: =$BS$10 -> 0.0047 | X16: =IF(E16="yes",1,0) -> 0 | Y16: =$BS$4 -> 0.24 | Z16: =$BS$6 -> 0.011 | AA16: =$BS$5 -> 0.21 | AB16: =VLOOKUP($F$11,$BR$37:$BS$49,2,FALSE) -> 0.0059 | AC16: =(M16/100)*(MIN(N16,100)/100) -> 0 | AD16: =AC16 * 1.6 -> 0 | AE16: =J16 * K16 / 365 -> 0.0049315068 | AF16: =P16 * 0.92 -> 0 | AH16: =S16 / AG16 -> #DIV/0! | AI16: 0 | AJ16: =1.6 * AI16 -> 0 | AK16: 0.0022333801 | AL16: =(AV16 / 6.25 ) - AK16 -> -0.0022333801 | AM16: =IF($G$11="wet",$BU$18,$BU$19) -> 0.006 | AN16: =$BS$7 -> 1.5714286 | AO16: =$BV$1 -> 1.3 | AP16: =AC16*AO16+(1-AC16) -> 1 | AQ16: =(0.795*R16)-0.0014 -> -0.0014 | AS16: =1 - EXP(-2*(AR16^2)) -> 0 | AT16: =(104.7*AQ16+0.307*S16-15)*(S16^0.75)*10^-3 -> 0 | AU16: =AT16*AS16*AP16 -> 0 | AV16: =(AU16 * Q16) + (0.045 * AJ16) -> 0 | AW16: =$BS$2 -> 0.08 | AX16: =(AU16 * ((1 - R16) + (0.04 * AU16))) * ( 1 - AW16 ) -> 0 | AY16: =$BS$1 -> 0.24 | AZ16: =$BT$20 -> 0.6784 | BA16: =AX16 * AY16 * T16 * V16 * AZ16 -> 0 | BB16: =AX16*AY16*U16*W16*AZ16 -> 0 | BC16: =BA16+BB16 -> 0 | BD16: =L16*BC16*O16 -> 0 | BF16: =L16*AL16*O16 -> -42.797146 | BT16: WA | BU16: 0.76 | BW16: Summer | BX16: Maiden ewes | BY16: 0 | BZ16: 0.05 | CA16: 0 | CB16: 0 | CC16: -0.05 | CD16: -0.05 | CE16: 2 | CH16: South Australia | CI16: Spring | CJ16: 0.11 | CK16: 0.11 | CL16: 0 | CM16: 0 | CN16: 0 | CO16: 0.11
I17: Autumn | J17: =J16 -> 3 | K17: =K16 -> 0.6 | L17: 170 | M17: 0 | N17: 0 | O17: =$BS$3 -> 91.25 | T17: =1-U17 -> 0 | U17: =IF($D$11="yes", 1, VLOOKUP(B17, $BR$26:$BT$32, 1)) -> 1 | V17: =VLOOKUP($B$11,$BT$10:$BU$16, 2, FALSE) -> 0.72 | W17: =$BS$10 -> 0.0047 | X17: =IF(E17="yes",1,0) -> 0 | Y17: =$BS$4 -> 0.24 | Z17: =$BS$6 -> 0.011 | AA17: =$BS$5 -> 0.21 | AB17: =VLOOKUP($F$11,$BR$37:$BS$49,2,FALSE) -> 0.0059 | AC17: =(M17/100)*(MIN(N17,100)/100) -> 0 | AD17: =AC17 * 1.6 -> 0 | AE17: =J17 * K17 / 365 -> 0.0049315068 | AF17: =P17 * 0.92 -> 0 | AH17: =S17 / AG17 -> #DIV/0! | AI17: 0 | AJ17: =1.6 * AI17 -> 0 | AK17: 0.0015400455 | AL17: =(AV17 / 6.25 ) - AK17 -> -0.0015400455 | AM17: =IF($G$11="wet",$BU$18,$BU$19) -> 0.006 | AN17: =$BS$7 -> 1.5714286 | AO17: =$BV$1 -> 1.3 | AP17: =AC17*AO17+(1-AC17) -> 1 | AQ17: =(0.795*R17)-0.0014 -> -0.0014 | AS17: =1 - EXP(-2*(AR17^2)) -> 0 | AT17: =(104.7*AQ17+0.307*S17-15)*(S17^0.75)*10^-3 -> 0 | AU17: =AT17*AS17*AP17 -> 0 | AV17: =(AU17 * Q17) + (0.045 * AJ17) -> 0 | AW17: =$BS$2 -> 0.08 | AX17: =(AU17 * ((1 - R17) + (0.04 * AU17))) * ( 1 - AW17 ) -> 0 | AY17: =$BS$1 -> 0.24 | AZ17: =$BT$20 -> 0.6784 | BA17: =AX17 * AY17 * T17 * V17 * AZ17 -> 0 | BB17: =AX17*AY17*U17*W17*AZ17 -> 0 | BC17: =BA17+BB17 -> 0 | BD17: =L17*BC17*O17 -> 0 | BF17: =L17*AL17*O17 -> -23.889956 | BW17: Autumn | BX17: Maiden ewes | BY17: 0 | BZ17: 0 | CA17: 0 | CB17: 0 | CC17: -0.02 | CD17: 0.11 | CE17: 3 | CI17: Summer | CJ17: -0.1 | CK17: -0.1 | CL17: 0 | CM17: 0 | CN17: 0 | CO17: 0.05
I18: Winter | J18: =J17 -> 3 | K18: =K17 -> 0.6 | L18: 200 | M18: 0 | N18: 0 | O18: =$BS$3 -> 91.25 | T18: =1-U18 -> 0 | U18: =IF($D$11="yes", 1, VLOOKUP(B18, $BR$26:$BT$32, 1)) -> 1 | V18: =VLOOKUP($B$11,$BT$10:$BU$16, 2, FALSE) -> 0.72 | W18: =$BS$10 -> 0.0047 | X18: =IF(E18="yes",1,0) -> 0 | Y18: =$BS$4 -> 0.24 | Z18: =$BS$6 -> 0.011 | AA18: =$BS$5 -> 0.21 | AB18: =VLOOKUP($F$11,$BR$37:$BS$49,2,FALSE) -> 0.0059 | AC18: =(M18/100)*(MIN(N18,100)/100) -> 0 | AD18: =AC18 * 1.6 -> 0 | AE18: =J18 * K18 / 365 -> 0.0049315068 | AF18: =P18 * 0.92 -> 0 | AH18: =S18 / AG18 -> #DIV/0! | AI18: 0 | AJ18: =1.6 * AI18 -> 0 | AK18: 0.001339808 | AL18: =(AV18 / 6.25 ) - AK18 -> -0.001339808 | AM18: =IF($G$11="wet",$BU$18,$BU$19) -> 0.006 | AN18: =$BS$7 -> 1.5714286 | AO18: =$BV$1 -> 1.3 | AP18: =AC18*AO18+(1-AC18) -> 1 | AQ18: =(0.795*R18)-0.0014 -> -0.0014 | AS18: =1 - EXP(-2*(AR18^2)) -> 0 | AT18: =(104.7*AQ18+0.307*S18-15)*(S18^0.75)*10^-3 -> 0 | AU18: =AT18*AS18*AP18 -> 0 | AV18: =(AU18 * Q18) + (0.045 * AJ18) -> 0 | AW18: =$BS$2 -> 0.08 | AX18: =(AU18 * ((1 - R18) + (0.04 * AU18))) * ( 1 - AW18 ) -> 0 | AY18: =$BS$1 -> 0.24 | AZ18: =$BT$20 -> 0.6784 | BA18: =AX18 * AY18 * T18 * V18 * AZ18 -> 0 | BB18: =AX18*AY18*U18*W18*AZ18 -> 0 | BC18: =BA18+BB18 -> 0 | BD18: =L18*BC18*O18 -> 0 | BF18: =L18*AL18*O18 -> -24.451496 | BS18: EFPRP | BT18: wet | BU18: 0.006 | BW18: Winter | BX18: Maiden ewes | BY18: 0.02 | BZ18: -0.05 | CA18: 0 | CB18: 0.5 | CC18: -0.03 | CD18: 0.05 | CE18: 4 | CI18: Autumn | CJ18: 0 | CK18: -0.1 | CL18: 0 | CM18: 0 | CN18: 0 | CO18: 0.16
H19: Maiden ewes | I19: Spring | J19: 2 | K19: 0.65 | L19: 100 | M19: 95 | N19: 105 | O19: =$BS$3 -> 91.25 | T19: =1-U19 -> 0 | U19: =IF($D$11="yes", 1, VLOOKUP(B19, $BR$26:$BT$32, 1)) -> 1 | V19: =VLOOKUP($B$11,$BT$10:$BU$16, 2, FALSE) -> 0.72 | W19: =$BS$10 -> 0.0047 | X19: =IF(E19="yes",1,0) -> 0 | Y19: =$BS$4 -> 0.24 | Z19: =$BS$6 -> 0.011 | AA19: =$BS$5 -> 0.21 | AB19: =VLOOKUP($F$11,$BR$37:$BS$49,2,FALSE) -> 0.0059 | AC19: =(M19/100)*(MIN(N19,100)/100) -> 0.95 | AD19: =AC19 * 1.6 -> 1.52 | AE19: =J19 * K19 / 365 -> 0.0035616438 | AF19: =P19 * 0.92 -> 0 | AH19: =S19 / AG19 -> #DIV/0! | AI19: 0 | AJ19: =1.6 * AI19 -> 0 | AK19: 0.012305324 | AL19: =(AV19 / 6.25 ) - AK19 -> -0.012305324 | AM19: =IF($G$11="wet",$BU$18,$BU$19) -> 0.006 | AN19: =$BS$7 -> 1.5714286 | AO19: =$BV$1 -> 1.3 | AP19: =AC19*AO19+(1-AC19) -> 1.285 | AQ19: =(0.795*R19)-0.0014 -> -0.0014 | AS19: =1 - EXP(-2*(AR19^2)) -> 0 | AT19: =(104.7*AQ19+0.307*S19-15)*(S19^0.75)*10^-3 -> 0 | AU19: =AT19*AS19*AP19 -> 0 | AV19: =(AU19 * Q19) + (0.045 * AJ19) -> 0 | AW19: =$BS$2 -> 0.08 | AX19: =(AU19 * ((1 - R19) + (0.04 * AU19))) * ( 1 - AW19 ) -> 0 | AY19: =$BS$1 -> 0.24 | AZ19: =$BT$20 -> 0.6784 | BA19: =AX19 * AY19 * T19 * V19 * AZ19 -> 0 | BB19: =AX19*AY19*U19*W19*AZ19 -> 0 | BC19: =BA19+BB19 -> 0 | BD19: =L19*BC19*O19 -> 0 | BF19: =L19*AL19*O19 -> -112.28608 | BT19: dry | BU19: 0.002 | BW19: Spring | BX19: Other ewes | BY19: 0.05 | BZ19: -0.03 | CA19: 0 | CB19: 0 | CC19: 0 | CD19: 0.05 | CE19: 1 | CI19: Winter | CJ19: 0 | CK19: 0 | CL19: 0 | CM19: 0 | CN19: 0 | CO19: 0.16
I20: Summer | J20: =J19 -> 2 | K20: =K19 -> 0.65 | L20: 140 | M20: 0 | N20: 0 | O20: =$BS$3 -> 91.25 | T20: =1-U20 -> 0 | U20: =IF($D$11="yes", 1, VLOOKUP(B20, $BR$26:$BT$32, 1)) -> 1 | V20: =VLOOKUP($B$11,$BT$10:$BU$16, 2, FALSE) -> 0.72 | W20: =$BS$10 -> 0.0047 | X20: =IF(E20="yes",1,0) -> 0 | Y20: =$BS$4 -> 0.24 | Z20: =$BS$6 -> 0.011 | AA20: =$BS$5 -> 0.21 | AB20: =VLOOKUP($F$11,$BR$37:$BS$49,2,FALSE) -> 0.0059 | AC20: =(M20/100)*(MIN(N20,100)/100) -> 0 | AD20: =AC20 * 1.6 -> 0 | AE20: =J20 * K20 / 365 -> 0.0035616438 | AF20: =P20 * 0.92 -> 0 | AH20: =S20 / AG20 -> #DIV/0! | AI20: 0 | AJ20: =1.6 * AI20 -> 0 | AK20: 0.00047868493 | AL20: =(AV20 / 6.25 ) - AK20 -> -0.00047868493 | AM20: =IF($G$11="wet",$BU$18,$BU$19) -> 0.006 | AN20: =$BS$7 -> 1.5714286 | AO20: =$BV$1 -> 1.3 | AP20: =AC20*AO20+(1-AC20) -> 1 | AQ20: =(0.795*R20)-0.0014 -> -0.0014 | AS20: =1 - EXP(-2*(AR20^2)) -> 0 | AT20: =(104.7*AQ20+0.307*S20-15)*(S20^0.75)*10^-3 -> 0 | AU20: =AT20*AS20*AP20 -> 0 | AV20: =(AU20 * Q20) + (0.045 * AJ20) -> 0 | AW20: =$BS$2 -> 0.08 | AX20: =(AU20 * ((1 - R20) + (0.04 * AU20))) * ( 1 - AW20 ) -> 0 | AY20: =$BS$1 -> 0.24 | AZ20: =$BT$20 -> 0.6784 | BA20: =AX20 * AY20 * T20 * V20 * AZ20 -> 0 | BB20: =AX20*AY20*U20*W20*AZ20 -> 0 | BC20: =BA20+BB20 -> 0 | BD20: =L20*BC20*O20 -> 0 | BF20: =L20*AL20*O20 -> -6.1152 | BS20: p | BT20: 0.6784 | BW20: Summer | BX20: Other ewes | BY20: -0.05 | BZ20: 0.05 | CA20: 0 | CB20: 0 | CC20: 0 | CD20: -0.05 | CE20: 2 | CH20: Tasmania | CI20: Spring | CJ20: 0.16 | CK20: 0.11 | CL20: 0.03 | CM20: -0.02 | CN20: 0 | CO20: 0.15
I21: Autumn | J21: =J20 -> 2 | K21: =K20 -> 0.65 | L21: 135 | M21: 0 | N21: 0 | O21: =$BS$3 -> 91.25 | T21: =1-U21 -> 0 | U21: =IF($D$11="yes", 1, VLOOKUP(B21, $BR$26:$BT$32, 1)) -> 1 | V21: =VLOOKUP($B$11,$BT$10:$BU$16, 2, FALSE) -> 0.72 | W21: =$BS$10 -> 0.0047 | X21: =IF(E21="yes",1,0) -> 0 | Y21: =$BS$4 -> 0.24 | Z21: =$BS$6 -> 0.011 | AA21: =$BS$5 -> 0.21 | AB21: =VLOOKUP($F$11,$BR$37:$BS$49,2,FALSE) -> 0.0059 | AC21: =(M21/100)*(MIN(N21,100)/100) -> 0 | AD21: =AC21 * 1.6 -> 0 | AE21: =J21 * K21 / 365 -> 0.0035616438 | AF21: =P21 * 0.92 -> 0 | AH21: =S21 / AG21 -> #DIV/0! | AI21: 0 | AJ21: =1.6 * AI21 -> 0 | AK21: 0.00047868493 | AL21: =(AV21 / 6.25 ) - AK21 -> -0.00047868493 | AM21: =IF($G$11="wet",$BU$18,$BU$19) -> 0.006 | AN21: =$BS$7 -> 1.5714286 | AO21: =$BV$1 -> 1.3 | AP21: =AC21*AO21+(1-AC21) -> 1 | AQ21: =(0.795*R21)-0.0014 -> -0.0014 | AS21: =1 - EXP(-2*(AR21^2)) -> 0 | AT21: =(104.7*AQ21+0.307*S21-15)*(S21^0.75)*10^-3 -> 0 | AU21: =AT21*AS21*AP21 -> 0 | AV21: =(AU21 * Q21) + (0.045 * AJ21) -> 0 | AW21: =$BS$2 -> 0.08 | AX21: =(AU21 * ((1 - R21) + (0.04 * AU21))) * ( 1 - AW21 ) -> 0 | AY21: =$BS$1 -> 0.24 | AZ21: =$BT$20 -> 0.6784 | BA21: =AX21 * AY21 * T21 * V21 * AZ21 -> 0 | BB21: =AX21*AY21*U21*W21*AZ21 -> 0 | BC21: =BA21+BB21 -> 0 | BD21: =L21*BC21*O21 -> 0 | BF21: =L21*AL21*O21 -> -5.8968 | BW21: Autumn | BX21: Other ewes | BY21: -0.01 | BZ21: 0 | CA21: 0 | CB21: 0 | CC21: 0 | CD21: -0.05 | CE21: 3 | CI21: Summer | CJ21: 0 | CK21: 0 | CL21: 0 | CM21: 0 | CN21: 0 | CO21: 0.11
I22: Winter | J22: =J21 -> 2 | K22: =K21 -> 0.65 | L22: 130 | M22: 0 | N22: 0 | O22: =$BS$3 -> 91.25 | T22: =1-U22 -> 0 | U22: =IF($D$11="yes", 1, VLOOKUP(B22, $BR$26:$BT$32, 1)) -> 1 | V22: =VLOOKUP($B$11,$BT$10:$BU$16, 2, FALSE) -> 0.72 | W22: =$BS$10 -> 0.0047 | X22: =IF(E22="yes",1,0) -> 0 | Y22: =$BS$4 -> 0.24 | Z22: =$BS$6 -> 0.011 | AA22: =$BS$5 -> 0.21 | AB22: =VLOOKUP($F$11,$BR$37:$BS$49,2,FALSE) -> 0.0059 | AC22: =(M22/100)*(MIN(N22,100)/100) -> 0 | AD22: =AC22 * 1.6 -> 0 | AE22: =J22 * K22 / 365 -> 0.0035616438 | AF22: =P22 * 0.92 -> 0 | AH22: =S22 / AG22 -> #DIV/0! | AI22: 0 | AJ22: =1.6 * AI22 -> 0 | AK22: 0.00072777894 | AL22: =(AV22 / 6.25 ) - AK22 -> -0.00072777894 | AM22: =IF($G$11="wet",$BU$18,$BU$19) -> 0.006 | AN22: =$BS$7 -> 1.5714286 | AO22: =$BV$1 -> 1.3 | AP22: =AC22*AO22+(1-AC22) -> 1 | AQ22: =(0.795*R22)-0.0014 -> -0.0014 | AS22: =1 - EXP(-2*(AR22^2)) -> 0 | AT22: =(104.7*AQ22+0.307*S22-15)*(S22^0.75)*10^-3 -> 0 | AU22: =AT22*AS22*AP22 -> 0 | AV22: =(AU22 * Q22) + (0.045 * AJ22) -> 0 | AW22: =$BS$2 -> 0.08 | AX22: =(AU22 * ((1 - R22) + (0.04 * AU22))) * ( 1 - AW22 ) -> 0 | AY22: =$BS$1 -> 0.24 | AZ22: =$BT$20 -> 0.6784 | BA22: =AX22 * AY22 * T22 * V22 * AZ22 -> 0 | BB22: =AX22*AY22*U22*W22*AZ22 -> 0 | BC22: =BA22+BB22 -> 0 | BD22: =L22*BC22*O22 -> 0 | BF22: =L22*AL22*O22 -> -8.6332777 | BW22: Winter | BX22: Other ewes | BY22: 0.01 | BZ22: -0.02 | CA22: 0 | CB22: 0 | CC22: 0 | CD22: 0.05 | CE22: 4 | CI22: Autumn | CJ22: -0.2 | CK22: -0.1 | CL22: 0 | CM22: 0 | CN22: 0 | CO22: 0.13
H23: Other ewes | I23: Spring | J23: 2 | K23: 0.7 | L23: 200 | M23: 0 | N23: 0 | O23: =$BS$3 -> 91.25 | T23: =1-U23 -> 0 | U23: =IF($D$11="yes", 1, VLOOKUP(B23, $BR$26:$BT$32, 1)) -> 1 | V23: =VLOOKUP($B$11,$BT$10:$BU$16, 2, FALSE) -> 0.72 | W23: =$BS$10 -> 0.0047 | X23: =IF(E23="yes",1,0) -> 0 | Y23: =$BS$4 -> 0.24 | Z23: =$BS$6 -> 0.011 | AA23: =$BS$5 -> 0.21 | AB23: =VLOOKUP($F$11,$BR$37:$BS$49,2,FALSE) -> 0.0059 | AC23: =(M23/100)*(MIN(N23,100)/100) -> 0 | AD23: =AC23 * 1.6 -> 0 | AE23: =J23 * K23 / 365 -> 0.0038356164 | AF23: =P23 * 0.92 -> 0 | AH23: =S23 / AG23 -> #DIV/0! | AI23: 0 | AJ23: =1.6 * AI23 -> 0 | AK23: 0.0010761714 | AL23: =(AV23 / 6.25 ) - AK23 -> -0.0010761714 | AM23: =IF($G$11="wet",$BU$18,$BU$19) -> 0.006 | AN23: =$BS$7 -> 1.5714286 | AO23: =$BV$1 -> 1.3 | AP23: =AC23*AO23+(1-AC23) -> 1 | AQ23: =(0.795*R23)-0.0014 -> -0.0014 | AS23: =1 - EXP(-2*(AR23^2)) -> 0 | AT23: =(104.7*AQ23+0.307*S23-15)*(S23^0.75)*10^-3 -> 0 | AU23: =AT23*AS23*AP23 -> 0 | AV23: =(AU23 * Q23) + (0.045 * AJ23) -> 0 | AW23: =$BS$2 -> 0.08 | AX23: =(AU23 * ((1 - R23) + (0.04 * AU23))) * ( 1 - AW23 ) -> 0 | AY23: =$BS$1 -> 0.24 | AZ23: =$BT$20 -> 0.6784 | BA23: =AX23 * AY23 * T23 * V23 * AZ23 -> 0 | BB23: =AX23*AY23*U23*W23*AZ23 -> 0 | BC23: =BA23+BB23 -> 0 | BD23: =L23*BC23*O23 -> 0 | BF23: =L23*AL23*O23 -> -19.640128 | BW23: Spring | BX23: Rams | BY23: 0.07 | BZ23: -0.02 | CA23: 0.11 | CB23: 0.16 | CC23: 0.11 | CD23: 0.11 | CE23: 1 | CI23: Winter | CJ23: 0 | CK23: -0.1 | CL23: 0.5 | CM23: 0.02 | CN23: 0 | CO23: 0.07
I24: Summer | J24: =J23 -> 2 | K24: =K23 -> 0.7 | L24: 210 | M24: 0 | N24: 0 | O24: =$BS$3 -> 91.25 | T24: =1-U24 -> 0 | U24: =IF($D$11="yes", 1, VLOOKUP(B24, $BR$26:$BT$32, 1)) -> 1 | V24: =VLOOKUP($B$11,$BT$10:$BU$16, 2, FALSE) -> 0.72 | W24: =$BS$10 -> 0.0047 | X24: =IF(E24="yes",1,0) -> 0 | Y24: =$BS$4 -> 0.24 | Z24: =$BS$6 -> 0.011 | AA24: =$BS$5 -> 0.21 | AB24: =VLOOKUP($F$11,$BR$37:$BS$49,2,FALSE) -> 0.0059 | AC24: =(M24/100)*(MIN(N24,100)/100) -> 0 | AD24: =AC24 * 1.6 -> 0 | AE24: =J24 * K24 / 365 -> 0.0038356164 | AF24: =P24 * 0.92 -> 0 | AH24: =S24 / AG24 -> #DIV/0! | AI24: 0 | AJ24: =1.6 * AI24 -> 0 | AK24: -6.7008408e-05 | AL24: =(AV24 / 6.25 ) - AK24 -> 6.7008408e-05 | AM24: =IF($G$11="wet",$BU$18,$BU$19) -> 0.006 | AN24: =$BS$7 -> 1.5714286 | AO24: =$BV$1 -> 1.3 | AP24: =AC24*AO24+(1-AC24) -> 1 | AQ24: =(0.795*R24)-0.0014 -> -0.0014 | AS24: =1 - EXP(-2*(AR24^2)) -> 0 | AT24: =(104.7*AQ24+0.307*S24-15)*(S24^0.75)*10^-3 -> 0 | AU24: =AT24*AS24*AP24 -> 0 | AV24: =(AU24 * Q24) + (0.045 * AJ24) -> 0 | AW24: =$BS$2 -> 0.08 | AX24: =(AU24 * ((1 - R24) + (0.04 * AU24))) * ( 1 - AW24 ) -> 0 | AY24: =$BS$1 -> 0.24 | AZ24: =$BT$20 -> 0.6784 | BA24: =AX24 * AY24 * T24 * V24 * AZ24 -> 0 | BB24: =AX24*AY24*U24*W24*AZ24 -> 0 | BC24: =BA24+BB24 -> 0 | BD24: =L24*BC24*O24 -> 0 | BF24: =L24*AL24*O24 -> 1.2840486 | BW24: Summer | BX24: Rams | BY24: 0 | BZ24: 0.03 | CA24: -0.1 | CB24: 0 | CC24: -0.05 | CD24: -0.11 | CE24: 2 | CH24: Victoria | CI24: Spring | CJ24: 0.11 | CK24: 0.11 | CL24: 0.16 | CM24: 0.11 | CN24: 0 | CO24: 0.15
I25: Autumn | J25: =J24 -> 2 | K25: =K24 -> 0.7 | L25: 190 | M25: 0 | N25: 0 | O25: =$BS$3 -> 91.25 | T25: =1-U25 -> 0 | U25: =IF($D$11="yes", 1, VLOOKUP(B25, $BR$26:$BT$32, 1)) -> 1 | V25: =VLOOKUP($B$11,$BT$10:$BU$16, 2, FALSE) -> 0.72 | W25: =$BS$10 -> 0.0047 | X25: =IF(E25="yes",1,0) -> 0 | Y25: =$BS$4 -> 0.24 | Z25: =$BS$6 -> 0.011 | AA25: =$BS$5 -> 0.21 | AB25: =VLOOKUP($F$11,$BR$37:$BS$49,2,FALSE) -> 0.0059 | AC25: =(M25/100)*(MIN(N25,100)/100) -> 0 | AD25: =AC25 * 1.6 -> 0 | AE25: =J25 * K25 / 365 -> 0.0038356164 | AF25: =P25 * 0.92 -> 0 | AH25: =S25 / AG25 -> #DIV/0! | AI25: 0 | AJ25: =1.6 * AI25 -> 0 | AK25: 0.00039804023 | AL25: =(AV25 / 6.25 ) - AK25 -> -0.00039804023 | AM25: =IF($G$11="wet",$BU$18,$BU$19) -> 0.006 | AN25: =$BS$7 -> 1.5714286 | AO25: =$BV$1 -> 1.3 | AP25: =AC25*AO25+(1-AC25) -> 1 | AQ25: =(0.795*R25)-0.0014 -> -0.0014 | AS25: =1 - EXP(-2*(AR25^2)) -> 0 | AT25: =(104.7*AQ25+0.307*S25-15)*(S25^0.75)*10^-3 -> 0 | AU25: =AT25*AS25*AP25 -> 0 | AV25: =(AU25 * Q25) + (0.045 * AJ25) -> 0 | AW25: =$BS$2 -> 0.08 | AX25: =(AU25 * ((1 - R25) + (0.04 * AU25))) * ( 1 - AW25 ) -> 0 | AY25: =$BS$1 -> 0.24 | AZ25: =$BT$20 -> 0.6784 | BA25: =AX25 * AY25 * T25 * V25 * AZ25 -> 0 | BB25: =AX25*AY25*U25*W25*AZ25 -> 0 | BC25: =BA25+BB25 -> 0 | BD25: =L25*BC25*O25 -> 0 | BF25: =L25*AL25*O25 -> -6.9010225 | BR25: MMS | BW25: Autumn | BX25: Rams | BY25: -0.07 | BZ25: 0.02 | CA25: 0 | CB25: -0.2 | CC25: 0 | CD25: 0 | CE25: 3 | CI25: Summer | CJ25: -0.05 | CK25: -0.05 | CL25: -0.05 | CM25: -0.05 | CN25: 0 | CO25: 0.07
I26: Winter | J26: =J25 -> 2 | K26: =K25 -> 0.7 | L26: 180 | M26: 0 | N26: 0 | O26: =$BS$3 -> 91.25 | T26: =1-U26 -> 0 | U26: =IF($D$11="yes", 1, VLOOKUP(B26, $BR$26:$BT$32, 1)) -> 1 | V26: =VLOOKUP($B$11,$BT$10:$BU$16, 2, FALSE) -> 0.72 | W26: =$BS$10 -> 0.0047 | X26: =IF(E26="yes",1,0) -> 0 | Y26: =$BS$4 -> 0.24 | Z26: =$BS$6 -> 0.011 | AA26: =$BS$5 -> 0.21 | AB26: =VLOOKUP($F$11,$BR$37:$BS$49,2,FALSE) -> 0.0059 | AC26: =(M26/100)*(MIN(N26,100)/100) -> 0 | AD26: =AC26 * 1.6 -> 0 | AE26: =J26 * K26 / 365 -> 0.0038356164 | AF26: =P26 * 0.92 -> 0 | AH26: =S26 / AG26 -> #DIV/0! | AI26: 0 | AJ26: =1.6 * AI26 -> 0 | AK26: 0.00063181847 | AL26: =(AV26 / 6.25 ) - AK26 -> -0.00063181847 | AM26: =IF($G$11="wet",$BU$18,$BU$19) -> 0.006 | AN26: =$BS$7 -> 1.5714286 | AO26: =$BV$1 -> 1.3 | AP26: =AC26*AO26+(1-AC26) -> 1 | AQ26: =(0.795*R26)-0.0014 -> -0.0014 | AS26: =1 - EXP(-2*(AR26^2)) -> 0 | AT26: =(104.7*AQ26+0.307*S26-15)*(S26^0.75)*10^-3 -> 0 | AU26: =AT26*AS26*AP26 -> 0 | AV26: =(AU26 * Q26) + (0.045 * AJ26) -> 0 | AW26: =$BS$2 -> 0.08 | AX26: =(AU26 * ((1 - R26) + (0.04 * AU26))) * ( 1 - AW26 ) -> 0 | AY26: =$BS$1 -> 0.24 | AZ26: =$BT$20 -> 0.6784 | BA26: =AX26 * AY26 * T26 * V26 * AZ26 -> 0 | BB26: =AX26*AY26*U26*W26*AZ26 -> 0 | BC26: =BA26+BB26 -> 0 | BD26: =L26*BC26*O26 -> 0 | BF26: =L26*AL26*O26 -> -10.377618 | BR26: ACT | BS26: 99.25 | BT26: 0.75 | BW26: Winter | BX26: Rams | BY26: 0 | BZ26: -0.03 | CA26: 0 | CB26: 0 | CC26: -0.05 | CD26: 0 | CE26: 4 | CI26: Autumn | CJ26: 0 | CK26: -0.03 | CL26: -0.02 | CM26: -0.02 | CN26: 0 | CO26: 0.05
H27: Rams | I27: Spring | J27: 1 | K27: 0.65 | L27: 50 | M27: 0 | N27: 0 | O27: =$BS$3 -> 91.25 | T27: =1-U27 -> 0 | U27: =IF($D$11="yes", 1, VLOOKUP(B27, $BR$26:$BT$32, 1)) -> 1 | V27: =VLOOKUP($B$11,$BT$10:$BU$16, 2, FALSE) -> 0.72 | W27: =$BS$10 -> 0.0047 | X27: =IF(E27="yes",1,0) -> 0 | Y27: =$BS$4 -> 0.24 | Z27: =$BS$6 -> 0.011 | AA27: =$BS$5 -> 0.21 | AB27: =VLOOKUP($F$11,$BR$37:$BS$49,2,FALSE) -> 0.0059 | AC27: =(M27/100)*(MIN(N27,100)/100) -> 0 | AD27: =AC27 * 1.6 -> 0 | AE27: =J27 * K27 / 365 -> 0.0017808219 | AF27: =P27 * 0.92 -> 0 | AH27: =S27 / AG27 -> #DIV/0! | AI27: 0 | AJ27: =1.6 * AI27 -> 0 | AK27: 0.0010297561 | AL27: =(AV27 / 6.25 ) - AK27 -> -0.0010297561 | AM27: =IF($G$11="wet",$BU$18,$BU$19) -> 0.006 | AN27: =$BS$7 -> 1.5714286 | AO27: =$BV$1 -> 1.3 | AP27: =AC27*AO27+(1-AC27) -> 1 | AQ27: =(0.795*R27)-0.0014 -> -0.0014 | AS27: =1 - EXP(-2*(AR27^2)) -> 0 | AT27: =(104.7*AQ27+0.307*S27-15)*(S27^0.75)*10^-3 -> 0 | AU27: =AT27*AS27*AP27 -> 0 | AV27: =(AU27 * Q27) + (0.045 * AJ27) -> 0 | AW27: =$BS$2 -> 0.08 | AX27: =(AU27 * ((1 - R27) + (0.04 * AU27))) * ( 1 - AW27 ) -> 0 | AY27: =$BS$1 -> 0.24 | AZ27: =$BT$20 -> 0.6784 | BA27: =AX27 * AY27 * T27 * V27 * AZ27 -> 0 | BB27: =AX27*AY27*U27*W27*AZ27 -> 0 | BC27: =BA27+BB27 -> 0 | BD27: =L27*BC27*O27 -> 0 | BF27: =L27*AL27*O27 -> -4.698262 | BR27: NSW | BS27: 99.55 | BT27: 0.45 | BW27: Spring | BX27: Wethers | BY27: 0.08 | BZ27: 0 | CA27: 0.11 | CB27: 0.11 | CC27: 0.11 | CD27: 0.13 | CE27: 1 | CI27: Winter | CJ27: -0.05 | CK27: -0.02 | CL27: -0.03 | CM27: -0.03 | CN27: 0 | CO27: 0.02
I28: Summer | J28: =J27 -> 1 | K28: =K27 -> 0.65 | L28: 55 | M28: 0 | N28: 0 | O28: =$BS$3 -> 91.25 | T28: =1-U28 -> 0 | U28: =IF($D$11="yes", 1, VLOOKUP(B28, $BR$26:$BT$32, 1)) -> 1 | V28: =VLOOKUP($B$11,$BT$10:$BU$16, 2, FALSE) -> 0.72 | W28: =$BS$10 -> 0.0047 | X28: =IF(E28="yes",1,0) -> 0 | Y28: =$BS$4 -> 0.24 | Z28: =$BS$6 -> 0.011 | AA28: =$BS$5 -> 0.21 | AB28: =VLOOKUP($F$11,$BR$37:$BS$49,2,FALSE) -> 0.0059 | AC28: =(M28/100)*(MIN(N28,100)/100) -> 0 | AD28: =AC28 * 1.6 -> 0 | AE28: =J28 * K28 / 365 -> 0.0017808219 | AF28: =P28 * 0.92 -> 0 | AH28: =S28 / AG28 -> #DIV/0! | AI28: 0 | AJ28: =1.6 * AI28 -> 0 | AK28: 0.00023934247 | AL28: =(AV28 / 6.25 ) - AK28 -> -0.00023934247 | AM28: =IF($G$11="wet",$BU$18,$BU$19) -> 0.006 | AN28: =$BS$7 -> 1.5714286 | AO28: =$BV$1 -> 1.3 | AP28: =AC28*AO28+(1-AC28) -> 1 | AQ28: =(0.795*R28)-0.0014 -> -0.0014 | AS28: =1 - EXP(-2*(AR28^2)) -> 0 | AT28: =(104.7*AQ28+0.307*S28-15)*(S28^0.75)*10^-3 -> 0 | AU28: =AT28*AS28*AP28 -> 0 | AV28: =(AU28 * Q28) + (0.045 * AJ28) -> 0 | AW28: =$BS$2 -> 0.08 | AX28: =(AU28 * ((1 - R28) + (0.04 * AU28))) * ( 1 - AW28 ) -> 0 | AY28: =$BS$1 -> 0.24 | AZ28: =$BT$20 -> 0.6784 | BA28: =AX28 * AY28 * T28 * V28 * AZ28 -> 0 | BB28: =AX28*AY28*U28*W28*AZ28 -> 0 | BC28: =BA28+BB28 -> 0 | BD28: =L28*BC28*O28 -> 0 | BF28: =L28*AL28*O28 -> -1.2012 | BR28: QLD | BS28: 99.91 | BT28: 0.09 | BW28: Summer | BX28: Wethers | BY28: -0.08 | BZ28: 0.05 | CA28: -0.1 | CB28: 0 | CC28: -0.05 | CD28: -0.05 | CE28: 2 | CH28: Western Australia | CI28: Spring | CJ28: 0.11 | CK28: 0.13 | CL28: 0.05 | CM28: 0.05 | CN28: 0.05 | CO28: 0.11
I29: Autumn | J29: =J28 -> 1 | K29: =K28 -> 0.65 | L29: 60 | M29: 0 | N29: 0 | O29: =$BS$3 -> 91.25 | T29: =1-U29 -> 0 | U29: =IF($D$11="yes", 1, VLOOKUP(B29, $BR$26:$BT$32, 1)) -> 1 | V29: =VLOOKUP($B$11,$BT$10:$BU$16, 2, FALSE) -> 0.72 | W29: =$BS$10 -> 0.0047 | X29: =IF(E29="yes",1,0) -> 0 | Y29: =$BS$4 -> 0.24 | Z29: =$BS$6 -> 0.011 | AA29: =$BS$5 -> 0.21 | AB29: =VLOOKUP($F$11,$BR$37:$BS$49,2,FALSE) -> 0.0059 | AC29: =(M29/100)*(MIN(N29,100)/100) -> 0 | AD29: =AC29 * 1.6 -> 0 | AE29: =J29 * K29 / 365 -> 0.0017808219 | AF29: =P29 * 0.92 -> 0 | AH29: =S29 / AG29 -> #DIV/0! | AI29: 0 | AJ29: =1.6 * AI29 -> 0 | AK29: -0.00058067646 | AL29: =(AV29 / 6.25 ) - AK29 -> 0.00058067646 | AM29: =IF($G$11="wet",$BU$18,$BU$19) -> 0.006 | AN29: =$BS$7 -> 1.5714286 | AO29: =$BV$1 -> 1.3 | AP29: =AC29*AO29+(1-AC29) -> 1 | AQ29: =(0.795*R29)-0.0014 -> -0.0014 | AS29: =1 - EXP(-2*(AR29^2)) -> 0 | AT29: =(104.7*AQ29+0.307*S29-15)*(S29^0.75)*10^-3 -> 0 | AU29: =AT29*AS29*AP29 -> 0 | AV29: =(AU29 * Q29) + (0.045 * AJ29) -> 0 | AW29: =$BS$2 -> 0.08 | AX29: =(AU29 * ((1 - R29) + (0.04 * AU29))) * ( 1 - AW29 ) -> 0 | AY29: =$BS$1 -> 0.24 | AZ29: =$BT$20 -> 0.6784 | BA29: =AX29 * AY29 * T29 * V29 * AZ29 -> 0 | BB29: =AX29*AY29*U29*W29*AZ29 -> 0 | BC29: =BA29+BB29 -> 0 | BD29: =L29*BC29*O29 -> 0 | BF29: =L29*AL29*O29 -> 3.1792036 | BR29: SA | BS29: 99.74 | BT29: 0.26 | BW29: Autumn | BX29: Wethers | BY29: 0 | BZ29: 0 | CA29: -0.1 | CB29: -0.1 | CC29: -0.03 | CD29: -0.08 | CE29: 3 | CI29: Summer | CJ29: -0.11 | CK29: -0.05 | CL29: -0.05 | CM29: -0.05 | CN29: -0.05 | CO29: 0
I30: Winter | J30: =J29 -> 1 | K30: =K29 -> 0.65 | L30: 65 | M30: 0 | N30: 0 | O30: =$BS$3 -> 91.25 | T30: =1-U30 -> 0 | U30: =IF($D$11="yes", 1, VLOOKUP(B30, $BR$26:$BT$32, 1)) -> 1 | V30: =VLOOKUP($B$11,$BT$10:$BU$16, 2, FALSE) -> 0.72 | W30: =$BS$10 -> 0.0047 | X30: =IF(E30="yes",1,0) -> 0 | Y30: =$BS$4 -> 0.24 | Z30: =$BS$6 -> 0.011 | AA30: =$BS$5 -> 0.21 | AB30: =VLOOKUP($F$11,$BR$37:$BS$49,2,FALSE) -> 0.0059 | AC30: =(M30/100)*(MIN(N30,100)/100) -> 0 | AD30: =AC30 * 1.6 -> 0 | AE30: =J30 * K30 / 365 -> 0.0017808219 | AF30: =P30 * 0.92 -> 0 | AH30: =S30 / AG30 -> #DIV/0! | AI30: 0 | AJ30: =1.6 * AI30 -> 0 | AK30: 0.00023934247 | AL30: =(AV30 / 6.25 ) - AK30 -> -0.00023934247 | AM30: =IF($G$11="wet",$BU$18,$BU$19) -> 0.006 | AN30: =$BS$7 -> 1.5714286 | AO30: =$BV$1 -> 1.3 | AP30: =AC30*AO30+(1-AC30) -> 1 | AQ30: =(0.795*R30)-0.0014 -> -0.0014 | AS30: =1 - EXP(-2*(AR30^2)) -> 0 | AT30: =(104.7*AQ30+0.307*S30-15)*(S30^0.75)*10^-3 -> 0 | AU30: =AT30*AS30*AP30 -> 0 | AV30: =(AU30 * Q30) + (0.045 * AJ30) -> 0 | AW30: =$BS$2 -> 0.08 | AX30: =(AU30 * ((1 - R30) + (0.04 * AU30))) * ( 1 - AW30 ) -> 0 | AY30: =$BS$1 -> 0.24 | AZ30: =$BT$20 -> 0.6784 | BA30: =AX30 * AY30 * T30 * V30 * AZ30 -> 0 | BB30: =AX30*AY30*U30*W30*AZ30 -> 0 | BC30: =BA30+BB30 -> 0 | BD30: =L30*BC30*O30 -> 0 | BF30: =L30*AL30*O30 -> -1.4196 | BR30: TAS | BS30: 99.50 | BT30: 0.5 | BW30: Winter | BX30: Wethers | BY30: 0 | BZ30: -0.05 | CA30: 0 | CB30: -0.1 | CC30: -0.02 | CD30: 0 | CE30: 4 | CI30: Autumn | CJ30: 0 | CK30: -0.08 | CL30: 0.11 | CM30: -0.05 | CN30: -0.05 | CO30: 0.11
H31: Wethers | I31: Spring | J31: 0.5 | K31: 0.65 | L31: 50 | M31: 0 | N31: 0 | O31: =$BS$3 -> 91.25 | T31: =1-U31 -> 0 | U31: =IF($D$11="yes", 1, VLOOKUP(B31, $BR$26:$BT$32, 1)) -> 1 | V31: =VLOOKUP($B$11,$BT$10:$BU$16, 2, FALSE) -> 0.72 | W31: =$BS$10 -> 0.0047 | X31: =IF(E31="yes",1,0) -> 0 | Y31: =$BS$4 -> 0.24 | Z31: =$BS$6 -> 0.011 | AA31: =$BS$5 -> 0.21 | AB31: =VLOOKUP($F$11,$BR$37:$BS$49,2,FALSE) -> 0.0059 | AC31: =(M31/100)*(MIN(N31,100)/100) -> 0 | AD31: =AC31 * 1.6 -> 0 | AE31: =J31 * K31 / 365 -> 0.00089041096 | AF31: =P31 * 0.92 -> 0 | AH31: =S31 / AG31 -> #DIV/0! | AI31: 0 | AJ31: =1.6 * AI31 -> 0 | AK31: 0.0010116016 | AL31: =(AV31 / 6.25 ) - AK31 -> -0.0010116016 | AM31: =IF($G$11="wet",$BU$18,$BU$19) -> 0.006 | AN31: =$BS$7 -> 1.5714286 | AO31: =$BV$1 -> 1.3 | AP31: =AC31*AO31+(1-AC31) -> 1 | AQ31: =(0.795*R31)-0.0014 -> -0.0014 | AS31: =1 - EXP(-2*(AR31^2)) -> 0 | AT31: =(104.7*AQ31+0.307*S31-15)*(S31^0.75)*10^-3 -> 0 | AU31: =AT31*AS31*AP31 -> 0 | AV31: =(AU31 * Q31) + (0.045 * AJ31) -> 0 | AW31: =$BS$2 -> 0.08 | AX31: =(AU31 * ((1 - R31) + (0.04 * AU31))) * ( 1 - AW31 ) -> 0 | AY31: =$BS$1 -> 0.24 | AZ31: =$BT$20 -> 0.6784 | BA31: =AX31 * AY31 * T31 * V31 * AZ31 -> 0 | BB31: =AX31*AY31*U31*W31*AZ31 -> 0 | BC31: =BA31+BB31 -> 0 | BD31: =L31*BC31*O31 -> 0 | BF31: =L31*AL31*O31 -> -4.6154324 | BR31: VIC | BS31: 99.17 | BT31: 0.83 | CI31: Winter | CJ31: 0 | CK31: 0 | CL31: 0.05 | CM31: 0.05 | CN31: 0.05 | CO31: 0.11
I32: Summer | J32: =J31 -> 0.5 | K32: =K31 -> 0.65 | L32: 100 | M32: 0 | N32: 0 | O32: =$BS$3 -> 91.25 | T32: =1-U32 -> 0 | U32: =IF($D$11="yes", 1, VLOOKUP(B32, $BR$26:$BT$32, 1)) -> 1 | V32: =VLOOKUP($B$11,$BT$10:$BU$16, 2, FALSE) -> 0.72 | W32: =$BS$10 -> 0.0047 | X32: =IF(E32="yes",1,0) -> 0 | Y32: =$BS$4 -> 0.24 | Z32: =$BS$6 -> 0.011 | AA32: =$BS$5 -> 0.21 | AB32: =VLOOKUP($F$11,$BR$37:$BS$49,2,FALSE) -> 0.0059 | AC32: =(M32/100)*(MIN(N32,100)/100) -> 0 | AD32: =AC32 * 1.6 -> 0 | AE32: =J32 * K32 / 365 -> 0.00089041096 | AF32: =P32 * 0.92 -> 0 | AH32: =S32 / AG32 -> #DIV/0! | AI32: 0 | AJ32: =1.6 * AI32 -> 0 | AK32: -0.00081676849 | AL32: =(AV32 / 6.25 ) - AK32 -> 0.00081676849 | AM32: =IF($G$11="wet",$BU$18,$BU$19) -> 0.006 | AN32: =$BS$7 -> 1.5714286 | AO32: =$BV$1 -> 1.3 | AP32: =AC32*AO32+(1-AC32) -> 1 | AQ32: =(0.795*R32)-0.0014 -> -0.0014 | AS32: =1 - EXP(-2*(AR32^2)) -> 0 | AT32: =(104.7*AQ32+0.307*S32-15)*(S32^0.75)*10^-3 -> 0 | AU32: =AT32*AS32*AP32 -> 0 | AV32: =(AU32 * Q32) + (0.045 * AJ32) -> 0 | AW32: =$BS$2 -> 0.08 | AX32: =(AU32 * ((1 - R32) + (0.04 * AU32))) * ( 1 - AW32 ) -> 0 | AY32: =$BS$1 -> 0.24 | AZ32: =$BT$20 -> 0.6784 | BA32: =AX32 * AY32 * T32 * V32 * AZ32 -> 0 | BB32: =AX32*AY32*U32*W32*AZ32 -> 0 | BC32: =BA32+BB32 -> 0 | BD32: =L32*BC32*O32 -> 0 | BF32: =L32*AL32*O32 -> 7.4530125 | BR32: WA | BS32: 99.59 | BT32: 0.41
I33: Autumn | J33: =J32 -> 0.5 | K33: =K32 -> 0.65 | L33: 90 | M33: 0 | N33: 0 | O33: =$BS$3 -> 91.25 | T33: =1-U33 -> 0 | U33: =IF($D$11="yes", 1, VLOOKUP(B33, $BR$26:$BT$32, 1)) -> 1 | V33: =VLOOKUP($B$11,$BT$10:$BU$16, 2, FALSE) -> 0.72 | W33: =$BS$10 -> 0.0047 | X33: =IF(E33="yes",1,0) -> 0 | Y33: =$BS$4 -> 0.24 | Z33: =$BS$6 -> 0.011 | AA33: =$BS$5 -> 0.21 | AB33: =VLOOKUP($F$11,$BR$37:$BS$49,2,FALSE) -> 0.0059 | AC33: =(M33/100)*(MIN(N33,100)/100) -> 0 | AD33: =AC33 * 1.6 -> 0 | AE33: =J33 * K33 / 365 -> 0.00089041096 | AF33: =P33 * 0.92 -> 0 | AH33: =S33 / AG33 -> #DIV/0! | AI33: 0 | AJ33: =1.6 * AI33 -> 0 | AK33: 0.00011967123 | AL33: =(AV33 / 6.25 ) - AK33 -> -0.00011967123 | AM33: =IF($G$11="wet",$BU$18,$BU$19) -> 0.006 | AN33: =$BS$7 -> 1.5714286 | AO33: =$BV$1 -> 1.3 | AP33: =AC33*AO33+(1-AC33) -> 1 | AQ33: =(0.795*R33)-0.0014 -> -0.0014 | AS33: =1 - EXP(-2*(AR33^2)) -> 0 | AT33: =(104.7*AQ33+0.307*S33-15)*(S33^0.75)*10^-3 -> 0 | AU33: =AT33*AS33*AP33 -> 0 | AV33: =(AU33 * Q33) + (0.045 * AJ33) -> 0 | AW33: =$BS$2 -> 0.08 | AX33: =(AU33 * ((1 - R33) + (0.04 * AU33))) * ( 1 - AW33 ) -> 0 | AY33: =$BS$1 -> 0.24 | AZ33: =$BT$20 -> 0.6784 | BA33: =AX33 * AY33 * T33 * V33 * AZ33 -> 0 | BB33: =AX33*AY33*U33*W33*AZ33 -> 0 | BC33: =BA33+BB33 -> 0 | BD33: =L33*BC33*O33 -> 0 | BF33: =L33*AL33*O33 -> -0.9828
I34: Winter | J34: =J33 -> 0.5 | K34: =K33 -> 0.65 | L34: 80 | M34: 0 | N34: 0 | O34: =$BS$3 -> 91.25 | T34: =1-U34 -> 0 | U34: =IF($D$11="yes", 1, VLOOKUP(B34, $BR$26:$BT$32, 1)) -> 1 | V34: =VLOOKUP($B$11,$BT$10:$BU$16, 2, FALSE) -> 0.72 | W34: =$BS$10 -> 0.0047 | X34: =IF(E34="yes",1,0) -> 0 | Y34: =$BS$4 -> 0.24 | Z34: =$BS$6 -> 0.011 | AA34: =$BS$5 -> 0.21 | AB34: =VLOOKUP($F$11,$BR$37:$BS$49,2,FALSE) -> 0.0059 | AC34: =(M34/100)*(MIN(N34,100)/100) -> 0 | AD34: =AC34 * 1.6 -> 0 | AE34: =J34 * K34 / 365 -> 0.00089041096 | AF34: =P34 * 0.92 -> 0 | AH34: =S34 / AG34 -> #DIV/0! | AI34: 0 | AJ34: =1.6 * AI34 -> 0 | AK34: 0.00011967123 | AL34: =(AV34 / 6.25 ) - AK34 -> -0.00011967123 | AM34: =IF($G$11="wet",$BU$18,$BU$19) -> 0.006 | AN34: =$BS$7 -> 1.5714286 | AO34: =$BV$1 -> 1.3 | AP34: =AC34*AO34+(1-AC34) -> 1 | AQ34: =(0.795*R34)-0.0014 -> -0.0014 | AS34: =1 - EXP(-2*(AR34^2)) -> 0 | AT34: =(104.7*AQ34+0.307*S34-15)*(S34^0.75)*10^-3 -> 0 | AU34: =AT34*AS34*AP34 -> 0 | AV34: =(AU34 * Q34) + (0.045 * AJ34) -> 0 | AW34: =$BS$2 -> 0.08 | AX34: =(AU34 * ((1 - R34) + (0.04 * AU34))) * ( 1 - AW34 ) -> 0 | AY34: =$BS$1 -> 0.24 | AZ34: =$BT$20 -> 0.6784 | BA34: =AX34 * AY34 * T34 * V34 * AZ34 -> 0 | BB34: =AX34*AY34*U34*W34*AZ34 -> 0 | BC34: =BA34+BB34 -> 0 | BD34: =L34*BC34*O34 -> 0 | BF34: =L34*AL34*O34 -> -0.8736
BR36: EFN2O | BW36: A.1.4.4 | BX36: CPjk
BR37: Irrigated pasture | BS37: 0.0059 | BW37: Season | BX37: Class | BY37: ACT/NSW | BZ37: QLD | CA37: SA | CB37: TAS | CC37: VIC | CD37: WA | CE37: SeasonOrder | CH37: Column1 | CI37: Column2 | CJ37: Column3 | CK37: Column4 | CL37: Column5 | CM37: Column6 | CN37: Column7 | CO37: Column8
BR38: Irrigated crop | BS38: 0.007 | BW38: Spring | BX38: Breeding ewes | BY38: 0.2 | BZ38: 0.08 | CA38: 0.16 | CB38: 0.2 | CC38: 0.16 | CD38: 0.18 | CE38: 1 | CH38: State | CI38: Season | CJ38: Rams | CK38: Wethers | CL38: Maiden ewes | CM38: Breeding ewes | CN38: Other ewes | CO38: Lambs and hoggets
BR39: Non-irrigated pasture | BS39: 0.0018 | BW39: Summer | BX39: Breeding ewes | BY39: 0.1 | BZ39: 0.1 | CA39: 0.07 | CB39: 0.07 | CC39: 0.07 | CD39: 0.06 | CE39: 2 | CH39: ACT/NSW | CI39: Spring | CJ39: 0.2 | CK39: 0.2 | CL39: 0.2 | CM39: 0.2 | CN39: 0.2 | CO39: 0.2
BR40: Non-irrigated crop (low rainfall) | BS40: 0.0029 | BW40: Autumn | BX40: Breeding ewes | BY40: 0.12 | BZ40: 0.09 | CA40: 0.09 | CB40: 0.14 | CC40: 0.13 | CD40: 0.16 | CE40: 3 | CI40: Summer | CJ40: 0.1 | CK40: 0.1 | CL40: 0.1 | CM40: 0.1 | CN40: 0.1 | CO40: 0.1
BR41: Non-irrigated crop (high rainfall) | BS41: 0.008 | BW41: Winter | BX41: Breeding ewes | BY41: 0.18 | BZ41: 0.07 | CA41: 0.2 | CB41: 0.16 | CC41: 0.1 | CD41: 0.21 | CE41: 4 | CI41: Autumn | CJ41: 0.12 | CK41: 0.12 | CL41: 0.12 | CM41: 0.12 | CN41: 0.12 | CO41: 0.12
