Workbook

Sheet Constants
A1: Breed | B1: milkingCows | C1: heifersGt1 | D1: heifersLt1Weaned | E1: bullsGt1 | F1: bullsLt1Weaned | G1: heifersLt1PreWeaned | H1: bullsLt1PreWeaned | J1: Pre-weaned calves | K1: MPWmanure | L1: VSj | M1: NPWj | O1: Metabolic rate increase | P1: MRj
A2: Medium Friesian | B2: 550 | C2: 380 | D2: 155 | E2: 600 | F2: 225 | G2: 155 | H2: 225 | J2: heifersLt1PreWeaned | K2: 0.0176 | L2: 0.2685 | M2: 0.0137 | O2: milkingCows | P2: 1.1
A3: Large Friesian | B3: 600 | C3: 415 | D3: 170 | E3: 600 | F3: 225 | G3: 170 | H3: 225 | J3: bullsLt1PreWeaned | K3: 0.0204 | L3: 0.3003 | M3: 0.0092 | O3: others | P3: 1
A4: Holstein-Friesian | B4: 650 | C4: 450 | D4: 185 | E4: 600 | F4: 225 | G4: 185 | H4: 225
A5: Friesian crossbred | B5: 500 | C5: 350 | D5: 145 | E5: 600 | F5: 225 | G5: 145 | H5: 225 | J5: Class | K5: Dj | M5: Feeding system | N5: Pasture | O5: Milking Shed | P5: Feedpad
A6: Jersey | B6: 400 | C6: 275 | D6: 115 | E6: 600 | F6: 225 | G6: 115 | H6: 225 | J6: milkingCows | K6: 365 | M6: Grazed only | N6: 0.89 | O6: 0.11 | P6: 0
A7: Jersey crossbred | B7: 450 | C7: 315 | D7: 130 | E7: 600 | F7: 225 | G7: 130 | H7: 225 | J7: bullsGt1 | K7: 365 | M7: Limited feedpad | N7: 0.79 | O7: 0.11 | P7: 0.1
A8: Ayrshire | B8: 540 | C8: 375 | D8: 150 | E8: 600 | F8: 225 | G8: 150 | H8: 225 | J8: heifersGt1 | K8: 365 | M8: Limited grazing | N8: 0.534 | O8: 0.11 | P8: 0.356
A9: Guernsey | B9: 480 | C9: 335 | D9: 140 | E9: 600 | F9: 225 | G9: 140 | H9: 225 | J9: heifersLt1Weaned | K9: 281 | M9: Zero grazing | N9: 0 | O9: 0.11 | P9: 0.89
A10: Brown Swiss | B10: 600 | C10: 415 | D10: 170 | E10: 600 | F10: 225 | G10: 170 | H10: 225 | J10: bullsLt1Weaned | K10: 281
A11: Illawarra/Aussie Red | B11: 550 | C11: 375 | D11: 150 | E11: 600 | F11: 225 | G11: 150 | H11: 225 | J11: heifersLt1PreWeaned | K11: 84
J12: bullsLt1PreWeaned | K12: 84
A13: Class | B13: milkingCows | C13: heifersGt1 | D13: heifersLt1Weaned | E13: bullsGt1 | F13: bullsLt1Weaned
A14: Reference Weight | B14: 590 | C14: 590 | D14: 590 | E14: 770 | F14: 770
A15: LWG | B15: 0.016 | C15: 0.6 | D15: 0.57 | E15: 0.1 | F15: 0.8
E17: MCFim by state
A18: MMS | B18: m | C18: EFm | D18: FracGASMm | E18: NSW | F18: ACT | G18: QLD | H18: NT | I18: VIC | J18: SA | K18: WA | L18: TAS
A19: anaerobicLagoon | B19: 1 | C19: 0 | D19: 0.35 | E19: 0.76 | F19: 0.72 | G19: 0.78 | H19: 0.8 | I19: 0.73 | J19: 0.74 | K19: 0.76 | L19: 0.69
A20: sumpDispersal | B20: 3a | C20: 0 | D20: 0.07 | E20: 0.005 | F20: 0.005 | G20: 0.005 | H20: 0.01 | I20: 0.005 | J20: 0.005 | K20: 0.005 | L20: 0.001
A21: drainToPaddock | B21: 3b | C21: 0 | D21: 0.2 | E21: 0.18 | F21: 0.15 | G21: 0.24 | H21: 0.5 | I21: 0.17 | J21: 0.17 | K21: 0.18 | L21: 0.13
A22: solidStorage | B22: 4 | C22: 0.005 | D22: 0.3 | E22: 0.02 | F22: 0.02 | G22: 0.02 | H22: 0.02 | I22: 0.02 | J22: 0.02 | K22: 0.02 | L22: 0.02
A23: pastureRangeAndPaddock | B23: 14 | C23: 0 | D23: 0 | E23: 0.01 | F23: 0.01 | G23: 0.01 | H23: 0.02 | I23: 0.01 | J23: 0.01 | K23: 0.01 | L23: 0.01
E25: MCFim BY MAT
A26: Production system | B26: EFN2O | E26: MAT | F26: anaerobicLagoon | G26: sumpDispersal | H26: drainToPaddock | I26: solidStorage | K26: Dairy pasture range and paddock is state based - 0.03 (QLD, NT) or 0.01 (Other States) – source NIR
A27: Non-irrigated pasture | B27: 0.0018 | E27: 10 or below | F27: 0.66 | G27: 0.001 | H27: 0.1 | I27: 0.02
A28: Irrigated pasture | B28: 0.0059 | E28: 11 | F28: 0.68 | G28: 0.001 | H28: 0.11 | I28: 0.02
A29: Irrigated crop | B29: 0.007 | E29: 12 | F29: 0.7 | G29: 0.001 | H29: 0.13 | I29: 0.02
A30: Non-irrigated crop (low rainfall) | B30: 0.0029 | E30: 13 | F30: 0.71 | G30: 0.001 | H30: 0.14 | I30: 0.02
A31: Non-irrigated crop (high rainfall) | B31: 0.008 | E31: 14 | F31: 0.73 | G31: 0.001 | H31: 0.15 | I31: 0.02
E32: 15 | F32: 0.74 | G32: 0.005 | H32: 0.17 | I32: 0.02
A33: Climate Zone | B33: EFPRP | E33: 16 | F33: 0.75 | G33: 0.005 | H33: 0.18 | I33: 0.02
A34: wet | B34: 0.006 | E34: 17 | F34: 0.76 | G34: 0.005 | H34: 0.2 | I34: 0.02
A35: dry | B35: 0.002 | E35: 18 | F35: 0.77 | G35: 0.005 | H35: 0.22 | I35: 0.02
E36: 19 | F36: 0.78 | G36: 0.005 | H36: 0.24 | I36: 0.02
A37: Fixed Constants | E37: 20 | F37: 0.78 | G37: 0.005 | H37: 0.26 | I37: 0.02
A38: SS | B38: 0.2 | E38: 21 | F38: 0.78 | G38: 0.005 | H38: 0.29 | I38: 0.02
A39: FC | B39: 4 | E39: 22 | F39: 0.78 | G39: 0.005 | H39: 0.31 | I39: 0.02
A40: PC | B40: 3.3 | E40: 23 | F40: 0.79 | G40: 0.005 | H40: 0.34 | I40: 0.02
A41: NE | B41: 3.054 | E41: 24 | F41: 0.79 | G41: 0.005 | H41: 0.37 | I41: 0.02
A42: GEC | B42: 18.4 | E42: 25 | F42: 0.79 | G42: 0.005 | H42: 0.41 | I42: 0.02
A43: k | B43: 0.6 | E43: 26 | F43: 0.79 | G43: 0.01 | H43: 0.44 | I43: 0.02
A44: Density of milk | B44: 1.03 | E44: 27 | F44: 0.8 | G44: 0.01 | H44: 0.48 | I44: 0.02
A45: DMD | B45: 0.75 | E45: 28 or above | F45: 0.8 | G45: 0.01 | H45: 0.5 | I45: 0.02
A46: CP | B46: 0.2
A47: A | B47: 0.08
A48: Bo | B48: 0.24
A49: p | B49: 0.6784
A50: CN2O | B50: =[1]!common_cn2o -> 1.57
A51: FracGASMsoil | B51: 0.21
A52: EFLeach | B52: 0.011
A53: FracLEACH | B53: 0.24
A54: FracLEACH_MS | B54: 0.02
A55: Crude Protein | B55: 6.25

Sheet Input Scenarios
A1: Method 1 Inputs
A3: input | C3: input | D3: input | E3: input | Y3: input
A5: State | B5: MAT | C5: Production system | D5: Climate Zone | E5: Leaching zone | F5: Feed system | G5: Time spent in locations | J5: Allocations to MMS from milk shed | N5: Allocations to MMS from feedpad | R5: Solids separated | S5: Solid separation rate | Y5: Dairy class
W6: L/head/day
A7: i | B7: i | D7: (wet or dry) | E7: (true or false) | G7: pasture | H7: milk shed | I7: feedpad | J7: anaerobic lagoon | K7: sump and dispersal | L7: drains to paddock | M7: solid storage | N7: anaerobic lagoon | O7: sump and dispersal | P7: drains to paddock | Q7: solid storage | R7: true or false | S7: SSm | T7: MPj (kg) | U7: FC | V7: PC | W7: MPj (L) | X7: breed | Y7: j | Z7: Nj | AA7: Dj | AB7: Wj | AC7: LWGj | AD7: DMDj | AE7: CPj
A8: NSW | C8: Non-irrigated pasture | D8: wet | E8: FALSE | F8: Limited grazing | J8: 0.25 | K8: 0.25 | L8: 0.25 | M8: 0.25 | N8: 0.25 | O8: 0.25 | P8: 0.25 | Q8: 0.25 | R8: TRUE | W8: 15 | X8: Medium Friesian | Y8: milkingCows | Z8: 200
A9: NSW | C9: Non-irrigated pasture | D9: wet | E9: FALSE | F9: Limited grazing | J9: 0.25 | K9: 0.25 | L9: 0.25 | M9: 0.25 | N9: 0.25 | O9: 0.25 | P9: 0.25 | Q9: 0.25 | R9: TRUE | X9: Medium Friesian | Y9: heifersGt1 | Z9: 200
A10: NSW | C10: Non-irrigated pasture | D10: wet | E10: FALSE | F10: Limited grazing | J10: 0.25 | K10: 0.25 | L10: 0.25 | M10: 0.25 | N10: 0.25 | O10: 0.25 | P10: 0.25 | Q10: 0.25 | R10: TRUE | X10: Medium Friesian | Y10: heifersLt1PreWeaned | Z10: 200
A11: NSW | C11: Non-irrigated pasture | D11: wet | E11: FALSE | F11: Limited grazing | J11: 0.25 | K11: 0.25 | L11: 0.25 | M11: 0.25 | N11: 0.25 | O11: 0.25 | P11: 0.25 | Q11: 0.25 | R11: TRUE | X11: Medium Friesian | Y11: heifersLt1Weaned | Z11: 200
A12: NSW | C12: Non-irrigated pasture | D12: wet | E12: FALSE | F12: Limited grazing | J12: 0.25 | K12: 0.25 | L12: 0.25 | M12: 0.25 | N12: 0.25 | O12: 0.25 | P12: 0.25 | Q12: 0.25 | R12: TRUE | X12: Medium Friesian | Y12: bullsGt1 | Z12: 200
A13: NSW | C13: Non-irrigated pasture | D13: wet | E13: FALSE | F13: Limited grazing | J13: 0.25 | K13: 0.25 | L13: 0.25 | M13: 0.25 | N13: 0.25 | O13: 0.25 | P13: 0.25 | Q13: 0.25 | R13: TRUE | X13: Medium Friesian | Y13: bullsLt1PreWeaned | Z13: 200
A14: NSW | C14: Non-irrigated pasture | D14: wet | E14: FALSE | F14: Limited grazing | J14: 0.25 | K14: 0.25 | L14: 0.25 | M14: 0.25 | N14: 0.25 | O14: 0.25 | P14: 0.25 | Q14: 0.25 | R14: TRUE | X14: Medium Friesian | Y14: bullsLt1Weaned | Z14: 200
A15: QLD | C15: Non-irrigated crop (high rainfall) | D15: wet | E15: TRUE | F15: Limited feedpad | L15: 1 | N15: 1 | R15: TRUE | T15: 3 | X15: Large Friesian | Y15: milkingCows | Z15: 200
A16: QLD | C16: Non-irrigated crop (high rainfall) | D16: wet | E16: TRUE | F16: Limited feedpad | L16: 1 | N16: 1 | R16: TRUE | X16: Large Friesian | Y16: heifersGt1 | Z16: 200
A17: QLD | C17: Non-irrigated crop (high rainfall) | D17: wet | E17: TRUE | F17: Limited feedpad | L17: 1 | N17: 1 | R17: TRUE | X17: Large Friesian | Y17: heifersLt1PreWeaned | Z17: 200
A18: QLD | C18: Non-irrigated crop (high rainfall) | D18: wet | E18: TRUE | F18: Limited feedpad | L18: 1 | N18: 1 | R18: TRUE | X18: Large Friesian | Y18: heifersLt1Weaned | Z18: 200
A19: QLD | C19: Non-irrigated crop (high rainfall) | D19: wet | E19: TRUE | F19: Limited feedpad | L19: 1 | N19: 1 | R19: TRUE | X19: Large Friesian | Y19: bullsGt1 | Z19: 200
A20: QLD | C20: Non-irrigated crop (high rainfall) | D20: wet | E20: TRUE | F20: Limited feedpad | L20: 1 | N20: 1 | R20: TRUE | X20: Large Friesian | Y20: bullsLt1PreWeaned | Z20: 200
A21: QLD | C21: Non-irrigated crop (high rainfall) | D21: wet | E21: TRUE | F21: Limited feedpad | L21: 1 | N21: 1 | R21: TRUE | X21: Large Friesian | Y21: bullsLt1Weaned | Z21: 200
A22: NT | C22: Irrigated pasture | D22: dry | E22: FALSE | F22: Zero grazing | J22: 0 | K22: 0.5 | L22: 0.5 | M22: 0 | N22: 0.5 | O22: 0 | P22: 0 | Q22: 0.5 | R22: FALSE | T22: 2.8 | X22: Holstein-Friesian | Y22: milkingCows | Z22: 200
A23: NT | C23: Irrigated pasture | D23: dry | E23: FALSE | F23: Zero grazing | J23: 0 | K23: 0.5 | L23: 0.5 | M23: 0 | N23: 0.5 | O23: 0 | P23: 0 | Q23: 0.5 | R23: FALSE | X23: Holstein-Friesian | Y23: heifersGt1 | Z23: 200
A24: NT | C24: Irrigated pasture | D24: dry | E24: FALSE | F24: Zero grazing | J24: 0 | K24: 0.5 | L24: 0.5 | M24: 0 | N24: 0.5 | O24: 0 | P24: 0 | Q24: 0.5 | R24: FALSE | X24: Holstein-Friesian | Y24: heifersLt1PreWeaned | Z24: 200
A25: NT | C25: Irrigated pasture | D25: dry | E25: FALSE | F25: Zero grazing | J25: 0 | K25: 0.5 | L25: 0.5 | M25: 0 | N25: 0.5 | O25: 0 | P25: 0 | Q25: 0.5 | R25: FALSE | X25: Holstein-Friesian | Y25: heifersLt1Weaned | Z25: 200
A26: NT | C26: Irrigated pasture | D26: dry | E26: FALSE | F26: Zero grazing | J26: 0 | K26: 0.5 | L26: 0.5 | M26: 0 | N26: 0.5 | O26: 0 | P26: 0 | Q26: 0.5 | R26: FALSE | X26: Holstein-Friesian | Y26: bullsGt1 | Z26: 200
A27: NT | C27: Irrigated pasture | D27: dry | E27: FALSE | F27: Zero grazing | J27: 0 | K27: 0.5 | L27: 0.5 | M27: 0 | N27: 0.5 | O27: 0 | P27: 0 | Q27: 0.5 | R27: FALSE | X27: Holstein-Friesian | Y27: bullsLt1PreWeaned | Z27: 200
A28: NT | C28: Irrigated pasture | D28: dry | E28: FALSE | F28: Zero grazing | J28: 0 | K28: 0.5 | L28: 0.5 | M28: 0 | N28: 0.5 | O28: 0 | P28: 0 | Q28: 0.5 | R28: FALSE | X28: Holstein-Friesian | Y28: bullsLt1Weaned | Z28: 200
A29: TAS | C29: Irrigated crop | D29: dry | E29: TRUE | F29: Grazed only | J29: 0.1 | K29: 0.2 | L29: 0.3 | M29: 0.4 | N29: 0.4 | O29: 0.3 | P29: 0.2 | Q29: 0.1 | R29: FALSE | W29: 20 | X29: Friesian crossbred | Y29: milkingCows | Z29: 200
A30: TAS | C30: Irrigated crop | D30: dry | E30: TRUE | F30: Grazed only | J30: 0.1 | K30: 0.2 | L30: 0.3 | M30: 0.4 | N30: 0.4 | O30: 0.3 | P30: 0.2 | Q30: 0.1 | R30: FALSE | X30: Friesian crossbred | Y30: heifersGt1 | Z30: 200
A31: TAS | C31: Irrigated crop | D31: dry | E31: TRUE | F31: Grazed only | J31: 0.1 | K31: 0.2 | L31: 0.3 | M31: 0.4 | N31: 0.4 | O31: 0.3 | P31: 0.2 | Q31: 0.1 | R31: FALSE | X31: Friesian crossbred | Y31: heifersLt1PreWeaned | Z31: 200
A32: TAS | C32: Irrigated crop | D32: dry | E32: TRUE | F32: Grazed only | J32: 0.1 | K32: 0.2 | L32: 0.3 | M32: 0.4 | N32: 0.4 | O32: 0.3 | P32: 0.2 | Q32: 0.1 | R32: FALSE | X32: Friesian crossbred | Y32: heifersLt1Weaned | Z32: 200
A33: TAS | C33: Irrigated crop | D33: dry | E33: TRUE | F33: Grazed only | J33: 0.1 | K33: 0.2 | L33: 0.3 | M33: 0.4 | N33: 0.4 | O33: 0.3 | P33: 0.2 | Q33: 0.1 | R33: FALSE | X33: Friesian crossbred | Y33: bullsGt1 | Z33: 200
A34: TAS | C34: Irrigated crop | D34: dry | E34: TRUE | F34: Grazed only | J34: 0.1 | K34: 0.2 | L34: 0.3 | M34: 0.4 | N34: 0.4 | O34: 0.3 | P34: 0.2 | Q34: 0.1 | R34: FALSE | X34: Friesian crossbred | Y34: bullsLt1PreWeaned | Z34: 200
A35: TAS | C35: Irrigated crop | D35: dry | E35: TRUE | F35: Grazed only | J35: 0.1 | K35: 0.2 | L35: 0.3 | M35: 0.4 | N35: 0.4 | O35: 0.3 | P35: 0.2 | Q35: 0.1 | R35: FALSE | X35: Friesian crossbred | Y35: bullsLt1Weaned | Z35: 200
A36: VIC | C36: Non-irrigated pasture | D36: wet | E36: FALSE | F36: Limited grazing | J36: 0.25 | K36: 0.25 | L36: 0.25 | M36: 0.25 | N36: 0.25 | O36: 0.25 | P36: 0.25 | Q36: 0.25 | R36: TRUE | W36: 30 | X36: Jersey | Y36: milkingCows | Z36: 200
A37: VIC | C37: Non-irrigated pasture | D37: wet | E37: FALSE | F37: Limited grazing | J37: 0.25 | K37: 0.25 | L37: 0.25 | M37: 0.25 | N37: 0.25 | O37: 0.25 | P37: 0.25 | Q37: 0.25 | R37: TRUE | X37: Jersey | Y37: heifersGt1 | Z37: 200
A38: VIC | C38: Non-irrigated pasture | D38: wet | E38: FALSE | F38: Limited grazing | J38: 0.25 | K38: 0.25 | L38: 0.25 | M38: 0.25 | N38: 0.25 | O38: 0.25 | P38: 0.25 | Q38: 0.25 | R38: TRUE | X38: Jersey | Y38: heifersLt1PreWeaned | Z38: 200
A39: VIC | C39: Non-irrigated pasture | D39: wet | E39: FALSE | F39: Limited grazing | J39: 0.25 | K39: 0.25 | L39: 0.25 | M39: 0.25 | N39: 0.25 | O39: 0.25 | P39: 0.25 | Q39: 0.25 | R39: TRUE | X39: Jersey | Y39: heifersLt1Weaned | Z39: 200
A40: VIC | C40: Non-irrigated pasture | D40: wet | E40: FALSE | F40: Limited grazing | J40: 0.25 | K40: 0.25 | L40: 0.25 | M40: 0.25 | N40: 0.25 | O40: 0.25 | P40: 0.25 | Q40: 0.25 | R40: TRUE | X40: Jersey | Y40: bullsGt1 | Z40: 200
A41: VIC | C41: Non-irrigated pasture | D41: wet | E41: FALSE | F41: Limited grazing | J41: 0.25 | K41: 0.25 | L41: 0.25 | M41: 0.25 | N41: 0.25 | O41: 0.25 | P41: 0.25 | Q41: 0.25 | R41: TRUE | X41: Jersey | Y41: bullsLt1PreWeaned | Z41: 200
A42: VIC | C42: Non-irrigated pasture | D42: wet | E42: FALSE | F42: Limited grazing | J42: 0.25 | K42: 0.25 | L42: 0.25 | M42: 0.25 | N42: 0.25 | O42: 0.25 | P42: 0.25 | Q42: 0.25 | R42: TRUE | X42: Jersey | Y42: bullsLt1Weaned | Z42: 200
A43: ACT | C43: Non-irrigated crop (low rainfall) | D43: wet | E43: TRUE | F43: Limited feedpad | L43: 1 | N43: 1 | R43: TRUE | T43: 4 | X43: Jersey crossbred | Y43: milkingCows | Z43: 200
A44: ACT | C44: Non-irrigated crop (low rainfall) | D44: wet | E44: TRUE | F44: Limited feedpad | L44: 1 | N44: 1 | R44: TRUE | X44: Jersey crossbred | Y44: heifersGt1 | Z44: 200
A45: ACT | C45: Non-irrigated crop (low rainfall) | D45: wet | E45: TRUE | F45: Limited feedpad | L45: 1 | N45: 1 | R45: TRUE | X45: Jersey crossbred | Y45: heifersLt1PreWeaned | Z45: 200
A46: ACT | C46: Non-irrigated crop (low rainfall) | D46: wet | E46: TRUE | F46: Limited feedpad | L46: 1 | N46: 1 | R46: TRUE | X46: Jersey crossbred | Y46: heifersLt1Weaned | Z46: 200
A47: ACT | C47: Non-irrigated crop (low rainfall) | D47: wet | E47: TRUE | F47: Limited feedpad | L47: 1 | N47: 1 | R47: TRUE | X47: Jersey crossbred | Y47: bullsGt1 | Z47: 200
A48: ACT | C48: Non-irrigated crop (low rainfall) | D48: wet | E48: TRUE | F48: Limited feedpad | L48: 1 | N48: 1 | R48: TRUE | X48: Jersey crossbred | Y48: bullsLt1PreWeaned | Z48: 200
A49: ACT | C49: Non-irrigated crop (low rainfall) | D49: wet | E49: TRUE | F49: Limited feedpad | L49: 1 | N49: 1 | R49: TRUE | X49: Jersey crossbred | Y49: bullsLt1Weaned | Z49: 200
A50: WA | C50: Irrigated pasture | D50: dry | E50: FALSE | F50: Grazed only | J50: 0 | K50: 0.5 | L50: 0.5 | M50: 0 | N50: 0.5 | O50: 0 | P50: 0 | Q50: 0.5 | R50: FALSE | T50: 2.5 | X50: Ayrshire | Y50: milkingCows | Z50: 200
A51: WA | C51: Irrigated pasture | D51: dry | E51: FALSE | F51: Grazed only | J51: 0 | K51: 0.5 | L51: 0.5 | M51: 0 | N51: 0.5 | O51: 0 | P51: 0 | Q51: 0.5 | R51: FALSE | X51: Ayrshire | Y51: heifersGt1 | Z51: 200
A52: WA | C52: Irrigated pasture | D52: dry | E52: FALSE | F52: Grazed only | J52: 0 | K52: 0.5 | L52: 0.5 | M52: 0 | N52: 0.5 | O52: 0 | P52: 0 | Q52: 0.5 | R52: FALSE | X52: Ayrshire | Y52: heifersLt1PreWeaned | Z52: 200
A53: WA | C53: Irrigated pasture | D53: dry | E53: FALSE | F53: Grazed only | J53: 0 | K53: 0.5 | L53: 0.5 | M53: 0 | N53: 0.5 | O53: 0 | P53: 0 | Q53: 0.5 | R53: FALSE | X53: Ayrshire | Y53: heifersLt1Weaned | Z53: 200
A54: WA | C54: Irrigated pasture | D54: dry | E54: FALSE | F54: Grazed only | J54: 0 | K54: 0.5 | L54: 0.5 | M54: 0 | N54: 0.5 | O54: 0 | P54: 0 | Q54: 0.5 | R54: FALSE | X54: Ayrshire | Y54: bullsGt1 | Z54: 200
A55: WA | C55: Irrigated pasture | D55: dry | E55: FALSE | F55: Grazed only | J55: 0 | K55: 0.5 | L55: 0.5 | M55: 0 | N55: 0.5 | O55: 0 | P55: 0 | Q55: 0.5 | R55: FALSE | X55: Ayrshire | Y55: bullsLt1PreWeaned | Z55: 200
A56: WA | C56: Irrigated pasture | D56: dry | E56: FALSE | F56: Grazed only | J56: 0 | K56: 0.5 | L56: 0.5 | M56: 0 | N56: 0.5 | O56: 0 | P56: 0 | Q56: 0.5 | R56: FALSE | X56: Ayrshire | Y56: bullsLt1Weaned | Z56: 200
A57: SA | C57: Irrigated crop | D57: dry | E57: TRUE | F57: Zero grazing | J57: 0.1 | K57: 0.2 | L57: 0.3 | M57: 0.4 | N57: 0.4 | O57: 0.3 | P57: 0.2 | Q57: 0.1 | R57: FALSE | W57: 0.1 | X57: Guernsey | Y57: milkingCows | Z57: 200
A58: SA | C58: Irrigated crop | D58: dry | E58: TRUE | F58: Zero grazing | J58: 0.1 | K58: 0.2 | L58: 0.3 | M58: 0.4 | N58: 0.4 | O58: 0.3 | P58: 0.2 | Q58: 0.1 | R58: FALSE | X58: Guernsey | Y58: heifersGt1 | Z58: 200
A59: SA | C59: Irrigated crop | D59: dry | E59: TRUE | F59: Zero grazing | J59: 0.1 | K59: 0.2 | L59: 0.3 | M59: 0.4 | N59: 0.4 | O59: 0.3 | P59: 0.2 | Q59: 0.1 | R59: FALSE | X59: Guernsey | Y59: heifersLt1PreWeaned | Z59: 200
A60: SA | C60: Irrigated crop | D60: dry | E60: TRUE | F60: Zero grazing | J60: 0.1 | K60: 0.2 | L60: 0.3 | M60: 0.4 | N60: 0.4 | O60: 0.3 | P60: 0.2 | Q60: 0.1 | R60: FALSE | X60: Guernsey | Y60: heifersLt1Weaned | Z60: 200
A61: SA | C61: Irrigated crop | D61: dry | E61: TRUE | F61: Zero grazing | J61: 0.1 | K61: 0.2 | L61: 0.3 | M61: 0.4 | N61: 0.4 | O61: 0.3 | P61: 0.2 | Q61: 0.1 | R61: FALSE | X61: Guernsey | Y61: bullsGt1 | Z61: 200
A62: SA | C62: Irrigated crop | D62: dry | E62: TRUE | F62: Zero grazing | J62: 0.1 | K62: 0.2 | L62: 0.3 | M62: 0.4 | N62: 0.4 | O62: 0.3 | P62: 0.2 | Q62: 0.1 | R62: FALSE | X62: Guernsey | Y62: bullsLt1PreWeaned | Z62: 200
A63: SA | C63: Irrigated crop | D63: dry | E63: TRUE | F63: Zero grazing | J63: 0.1 | K63: 0.2 | L63: 0.3 | M63: 0.4 | N63: 0.4 | O63: 0.3 | P63: 0.2 | Q63: 0.1 | R63: FALSE | X63: Guernsey | Y63: bullsLt1Weaned | Z63: 200
A66: Method 2 inputs
A70: State | B70: MAT | C70: Production system | D70: Climate Zone | E70: Leaching zone | F70: Feed system | G70: Time spent in locations | J70: Allocations to MMS from milk shed | N70: Allocations to MMS from feedpad | R70: Solids separated | S70: Solid separation rate | Y70: Dairy class
W71: L/head/day
A72: i | B72: i | D72: (wet or dry) | E72: (true or false) | G72: pasture | H72: milk shed | I72: feedpad | J72: anaerobic lagoon | K72: sump and dispersal | L72: drains to paddock | M72: solid storage | N72: anaerobic lagoon | O72: sump and dispersal | P72: drains to paddock | Q72: solid storage | R72: true or false | S72: SSm | T72: MPj (kg) | U72: FC | V72: PC | W72: MPj (L) | X72: breed | Y72: j | Z72: Nj | AA72: Dj | AB72: Wj | AC72: LWGj | AD72: DMDj | AE72: CPj
A73: NSW | B73: 15 | C73: Non-irrigated pasture | D73: wet | E73: FALSE | G73: 0.2 | H73: 0.3 | I73: 0.5 | J73: 0.25 | K73: 0.25 | L73: 0.25 | M73: 0.25 | N73: 0.25 | O73: 0.25 | P73: 0.25 | Q73: 0.25 | R73: TRUE | S73: 0.22 | W73: 15 | X73: Medium Friesian | Y73: milkingCows | Z73: 200 | AA73: 365 | AB73: 555 | AC73: 0.016 | AD73: 0.7 | AE73: 0.18
A74: NSW | B74: 15 | C74: Non-irrigated pasture | D74: wet | E74: FALSE | G74: 0.2 | H74: 0.3 | I74: 0.5 | J74: 0.25 | K74: 0.25 | L74: 0.25 | M74: 0.25 | N74: 0.25 | O74: 0.25 | P74: 0.25 | Q74: 0.25 | R74: TRUE | S74: 0.22 | X74: Medium Friesian | Y74: heifersGt1 | Z74: 200 | AA74: 365 | AB74: 375 | AC74: 0.6 | AD74: 0.71 | AE74: 0.19
A75: NSW | B75: 15 | C75: Non-irrigated pasture | D75: wet | E75: FALSE | G75: 0.2 | H75: 0.3 | I75: 0.5 | J75: 0.25 | K75: 0.25 | L75: 0.25 | M75: 0.25 | N75: 0.25 | O75: 0.25 | P75: 0.25 | Q75: 0.25 | R75: TRUE | S75: 0.22 | X75: Medium Friesian | Y75: heifersLt1PreWeaned | Z75: 200 | AA75: 365 | AB75: 80 | AD75: 0.72 | AE75: 0.2
A76: NSW | B76: 15 | C76: Non-irrigated pasture | D76: wet | E76: FALSE | G76: 0.2 | H76: 0.3 | I76: 0.5 | J76: 0.25 | K76: 0.25 | L76: 0.25 | M76: 0.25 | N76: 0.25 | O76: 0.25 | P76: 0.25 | Q76: 0.25 | R76: TRUE | S76: 0.22 | X76: Medium Friesian | Y76: heifersLt1Weaned | Z76: 200 | AA76: 365 | AB76: 123 | AC76: 0.57 | AD76: 0.73 | AE76: 0.21
A77: NSW | B77: 15 | C77: Non-irrigated pasture | D77: wet | E77: FALSE | G77: 0.2 | H77: 0.3 | I77: 0.5 | J77: 0.25 | K77: 0.25 | L77: 0.25 | M77: 0.25 | N77: 0.25 | O77: 0.25 | P77: 0.25 | Q77: 0.25 | R77: TRUE | S77: 0.22 | X77: Medium Friesian | Y77: bullsGt1 | Z77: 200 | AA77: 365 | AB77: 560 | AC77: 0.1 | AD77: 0.74 | AE77: 0.22
A78: NSW | B78: 15 | C78: Non-irrigated pasture | D78: wet | E78: FALSE | G78: 0.2 | H78: 0.3 | I78: 0.5 | J78: 0.25 | K78: 0.25 | L78: 0.25 | M78: 0.25 | N78: 0.25 | O78: 0.25 | P78: 0.25 | Q78: 0.25 | R78: TRUE | S78: 0.22 | X78: Medium Friesian | Y78: bullsLt1PreWeaned | Z78: 200 | AA78: 365 | AB78: 250 | AD78: 0.75 | AE78: 0.23
A79: NSW | B79: 15 | C79: Non-irrigated pasture | D79: wet | E79: FALSE | G79: 0.2 | H79: 0.3 | I79: 0.5 | J79: 0.25 | K79: 0.25 | L79: 0.25 | M79: 0.25 | N79: 0.25 | O79: 0.25 | P79: 0.25 | Q79: 0.25 | R79: TRUE | S79: 0.22 | X79: Medium Friesian | Y79: bullsLt1Weaned | Z79: 200 | AA79: 365 | AB79: 267 | AC79: 0.8 | AD79: 0.76 | AE79: 0.24
A80: QLD | B80: 22 | C80: Non-irrigated crop (high rainfall) | D80: wet | E80: TRUE | G80: 0.5 | H80: 0.1 | I80: 0.4 | L80: 1 | N80: 1 | R80: TRUE | S80: 0.21 | T80: 3 | U80: 3.8 | V80: 2.2 | X80: Large Friesian | Y80: milkingCows | Z80: 200 | AA80: 300 | AB80: 611 | AC80: 0.016 | AD80: 0.65 | AE80: 0.23
A81: QLD | B81: 22 | C81: Non-irrigated crop (high rainfall) | D81: wet | E81: TRUE | G81: 0.5 | H81: 0.1 | I81: 0.4 | L81: 1 | N81: 1 | R81: TRUE | S81: 0.21 | X81: Large Friesian | Y81: heifersGt1 | Z81: 200 | AA81: 300 | AB81: 333 | AC81: 0.6 | AD81: 0.7 | AE81: 0.23
A82: QLD | B82: 22 | C82: Non-irrigated crop (high rainfall) | D82: wet | E82: TRUE | G82: 0.5 | H82: 0.1 | I82: 0.4 | L82: 1 | N82: 1 | R82: TRUE | S82: 0.21 | X82: Large Friesian | Y82: heifersLt1PreWeaned | Z82: 200 | AA82: 300 | AB82: 55 | AD82: 0.65 | AE82: 0.23
A83: QLD | B83: 22 | C83: Non-irrigated crop (high rainfall) | D83: wet | E83: TRUE | G83: 0.5 | H83: 0.1 | I83: 0.4 | L83: 1 | N83: 1 | R83: TRUE | S83: 0.21 | X83: Large Friesian | Y83: heifersLt1Weaned | Z83: 200 | AA83: 300 | AB83: 180 | AC83: 0.57 | AD83: 0.7 | AE83: 0.23
A84: QLD | B84: 22 | C84: Non-irrigated crop (high rainfall) | D84: wet | E84: TRUE | G84: 0.5 | H84: 0.1 | I84: 0.4 | L84: 1 | N84: 1 | R84: TRUE | S84: 0.21 | X84: Large Friesian | Y84: bullsGt1 | Z84: 200 | AA84: 300 | AB84: 650 | AC84: 0.1 | AD84: 0.7 | AE84: 0.23
A85: QLD | B85: 22 | C85: Non-irrigated crop (high rainfall) | D85: wet | E85: TRUE | G85: 0.5 | H85: 0.1 | I85: 0.4 | L85: 1 | N85: 1 | R85: TRUE | S85: 0.21 | X85: Large Friesian | Y85: bullsLt1PreWeaned | Z85: 200 | AA85: 300 | AB85: 222 | AD85: 0.65 | AE85: 0.23
A86: QLD | B86: 22 | C86: Non-irrigated crop (high rainfall) | D86: wet | E86: TRUE | G86: 0.5 | H86: 0.1 | I86: 0.4 | L86: 1 | N86: 1 | R86: TRUE | S86: 0.21 | X86: Large Friesian | Y86: bullsLt1Weaned | Z86: 200 | AA86: 300 | AB86: 201 | AC86: 0.8 | AD86: 0.7 | AE86: 0.23
A87: NT | B87: 27 | C87: Irrigated pasture | D87: dry | E87: FALSE | G87: 0.73 | H87: 0.08 | I87: 0.19 | J87: 0 | K87: 0.5 | L87: 0.5 | M87: 0 | N87: 0.5 | O87: 0 | P87: 0 | Q87: 0.5 | R87: FALSE | T87: 2.8 | U87: 4 | V87: 4 | X87: Brown Swiss | Y87: milkingCows | Z87: 200 | AA87: 365 | AB87: 623 | AC87: 0.016
A88: NT | B88: 27 | C88: Irrigated pasture | D88: dry | E88: FALSE | G88: 0.73 | H88: 0.08 | I88: 0.19 | J88: 0 | K88: 0.5 | L88: 0.5 | M88: 0 | N88: 0.5 | O88: 0 | P88: 0 | Q88: 0.5 | R88: FALSE | X88: Brown Swiss | Y88: heifersGt1 | Z88: 200 | AA88: 265 | AB88: 450 | AC88: 0.6
A89: NT | B89: 27 | C89: Irrigated pasture | D89: dry | E89: FALSE | G89: 0.73 | H89: 0.08 | I89: 0.19 | J89: 0 | K89: 0.5 | L89: 0.5 | M89: 0 | N89: 0.5 | O89: 0 | P89: 0 | Q89: 0.5 | R89: FALSE | X89: Brown Swiss | Y89: heifersLt1PreWeaned | Z89: 200 | AA89: 100 | AB89: 88
A90: NT | B90: 27 | C90: Irrigated pasture | D90: dry | E90: FALSE | G90: 0.73 | H90: 0.08 | I90: 0.19 | J90: 0 | K90: 0.5 | L90: 0.5 | M90: 0 | N90: 0.5 | O90: 0 | P90: 0 | Q90: 0.5 | R90: FALSE | X90: Brown Swiss | Y90: heifersLt1Weaned | Z90: 200 | AA90: 360 | AB90: 185 | AC90: 0.57
A91: NT | B91: 27 | C91: Irrigated pasture | D91: dry | E91: FALSE | G91: 0.73 | H91: 0.08 | I91: 0.19 | J91: 0 | K91: 0.5 | L91: 0.5 | M91: 0 | N91: 0.5 | O91: 0 | P91: 0 | Q91: 0.5 | R91: FALSE | X91: Brown Swiss | Y91: bullsGt1 | Z91: 200 | AA91: 345 | AB91: 550 | AC91: 0.1
A92: NT | B92: 27 | C92: Irrigated pasture | D92: dry | E92: FALSE | G92: 0.73 | H92: 0.08 | I92: 0.19 | J92: 0 | K92: 0.5 | L92: 0.5 | M92: 0 | N92: 0.5 | O92: 0 | P92: 0 | Q92: 0.5 | R92: FALSE | X92: Brown Swiss | Y92: bullsLt1PreWeaned | Z92: 200 | AA92: 124 | AB92: 225
A93: NT | B93: 27 | C93: Irrigated pasture | D93: dry | E93: FALSE | G93: 0.73 | H93: 0.08 | I93: 0.19 | J93: 0 | K93: 0.5 | L93: 0.5 | M93: 0 | N93: 0.5 | O93: 0 | P93: 0 | Q93: 0.5 | R93: FALSE | X93: Brown Swiss | Y93: bullsLt1Weaned | Z93: 200 | AA93: 294 | AB93: 225 | AC93: 0.8
A94: TAS | B94: 10 or below | C94: Irrigated crop | D94: dry | E94: TRUE | G94: 0 | H94: 0.1 | I94: 0.9 | J94: 0.1 | K94: 0.2 | L94: 0.3 | M94: 0.4 | N94: 0.4 | O94: 0.3 | P94: 0.2 | Q94: 0.1 | R94: FALSE | W94: 20 | X94: Illawarra/Aussie Red | Y94: milkingCows | Z94: 200 | AA94: 365 | AB94: 500 | AC94: 0.016
A95: TAS | B95: 10 or below | C95: Irrigated crop | D95: dry | E95: TRUE | G95: 0 | H95: 0.1 | I95: 0.9 | J95: 0.1 | K95: 0.2 | L95: 0.3 | M95: 0.4 | N95: 0.4 | O95: 0.3 | P95: 0.2 | Q95: 0.1 | R95: FALSE | X95: Illawarra/Aussie Red | Y95: heifersGt1 | Z95: 200 | AA95: 265 | AB95: 350 | AC95: 0.6
A96: TAS | B96: 10 or below | C96: Irrigated crop | D96: dry | E96: TRUE | G96: 0 | H96: 0.1 | I96: 0.9 | J96: 0.1 | K96: 0.2 | L96: 0.3 | M96: 0.4 | N96: 0.4 | O96: 0.3 | P96: 0.2 | Q96: 0.1 | R96: FALSE | X96: Illawarra/Aussie Red | Y96: heifersLt1PreWeaned | Z96: 200 | AA96: 100 | AB96: 39
A97: TAS | B97: 10 or below | C97: Irrigated crop | D97: dry | E97: TRUE | G97: 0 | H97: 0.1 | I97: 0.9 | J97: 0.1 | K97: 0.2 | L97: 0.3 | M97: 0.4 | N97: 0.4 | O97: 0.3 | P97: 0.2 | Q97: 0.1 | R97: FALSE | X97: Illawarra/Aussie Red | Y97: heifersLt1Weaned | Z97: 200 | AA97: 360 | AB97: 145 | AC97: 0.57
A98: TAS | B98: 10 or below | C98: Irrigated crop | D98: dry | E98: TRUE | G98: 0 | H98: 0.1 | I98: 0.9 | J98: 0.1 | K98: 0.2 | L98: 0.3 | M98: 0.4 | N98: 0.4 | O98: 0.3 | P98: 0.2 | Q98: 0.1 | R98: FALSE | X98: Illawarra/Aussie Red | Y98: bullsGt1 | Z98: 200 | AA98: 345 | AB98: 575 | AC98: 0.1
A99: TAS | B99: 10 or below | C99: Irrigated crop | D99: dry | E99: TRUE | G99: 0 | H99: 0.1 | I99: 0.9 | J99: 0.1 | K99: 0.2 | L99: 0.3 | M99: 0.4 | N99: 0.4 | O99: 0.3 | P99: 0.2 | Q99: 0.1 | R99: FALSE | X99: Illawarra/Aussie Red | Y99: bullsLt1PreWeaned | Z99: 200 | AA99: 124 | AB99: 225
A100: TAS | B100: 10 or below | C100: Irrigated crop | D100: dry | E100: TRUE | G100: 0 | H100: 0.1 | I100: 0.9 | J100: 0.1 | K100: 0.2 | L100: 0.3 | M100: 0.4 | N100: 0.4 | O100: 0.3 | P100: 0.2 | Q100: 0.1 | R100: FALSE | X100: Illawarra/Aussie Red | Y100: bullsLt1Weaned | Z100: 200 | AA100: 294 | AB100: 225 | AC100: 0.8
A101: VIC | B101: 14 | C101: Non-irrigated pasture | D101: wet | E101: FALSE | G101: 0.43 | H101: 0.14 | I101: 0.43 | J101: 0.25 | K101: 0.25 | L101: 0.25 | M101: 0.25 | N101: 0.25 | O101: 0.25 | P101: 0.25 | Q101: 0.25 | R101: TRUE | S101: 0.18 | W101: 30 | X101: Jersey | Y101: milkingCows | Z101: 200 | AA101: 365 | AB101: 400 | AC101: 0.016
A102: VIC | B102: 14 | C102: Non-irrigated pasture | D102: wet | E102: FALSE | G102: 0.43 | H102: 0.14 | I102: 0.43 | J102: 0.25 | K102: 0.25 | L102: 0.25 | M102: 0.25 | N102: 0.25 | O102: 0.25 | P102: 0.25 | Q102: 0.25 | R102: TRUE | S102: 0.18 | X102: Jersey | Y102: heifersGt1 | Z102: 200 | AA102: 265 | AB102: 275 | AC102: 0.6
A103: VIC | B103: 14 | C103: Non-irrigated pasture | D103: wet | E103: FALSE | G103: 0.43 | H103: 0.14 | I103: 0.43 | J103: 0.25 | K103: 0.25 | L103: 0.25 | M103: 0.25 | N103: 0.25 | O103: 0.25 | P103: 0.25 | Q103: 0.25 | R103: TRUE | S103: 0.18 | X103: Jersey | Y103: heifersLt1PreWeaned | Z103: 200 | AA103: 100 | AB103: 115
A104: VIC | B104: 14 | C104: Non-irrigated pasture | D104: wet | E104: FALSE | G104: 0.43 | H104: 0.14 | I104: 0.43 | J104: 0.25 | K104: 0.25 | L104: 0.25 | M104: 0.25 | N104: 0.25 | O104: 0.25 | P104: 0.25 | Q104: 0.25 | R104: TRUE | S104: 0.18 | X104: Jersey | Y104: heifersLt1Weaned | Z104: 200 | AA104: 360 | AB104: 115 | AC104: 0.57
A105: VIC | B105: 14 | C105: Non-irrigated pasture | D105: wet | E105: FALSE | G105: 0.43 | H105: 0.14 | I105: 0.43 | J105: 0.25 | K105: 0.25 | L105: 0.25 | M105: 0.25 | N105: 0.25 | O105: 0.25 | P105: 0.25 | Q105: 0.25 | R105: TRUE | S105: 0.18 | X105: Jersey | Y105: bullsGt1 | Z105: 200 | AA105: 345 | AB105: 600 | AC105: 0.1
A106: VIC | B106: 14 | C106: Non-irrigated pasture | D106: wet | E106: FALSE | G106: 0.43 | H106: 0.14 | I106: 0.43 | J106: 0.25 | K106: 0.25 | L106: 0.25 | M106: 0.25 | N106: 0.25 | O106: 0.25 | P106: 0.25 | Q106: 0.25 | R106: TRUE | S106: 0.18 | X106: Jersey | Y106: bullsLt1PreWeaned | Z106: 200 | AA106: 124 | AB106: 225
A107: VIC | B107: 14 | C107: Non-irrigated pasture | D107: wet | E107: FALSE | G107: 0.43 | H107: 0.14 | I107: 0.43 | J107: 0.25 | K107: 0.25 | L107: 0.25 | M107: 0.25 | N107: 0.25 | O107: 0.25 | P107: 0.25 | Q107: 0.25 | R107: TRUE | S107: 0.18 | X107: Jersey | Y107: bullsLt1Weaned | Z107: 200 | AA107: 294 | AB107: 225 | AC107: 0.8
...

Sheet 4.3.1.1
A1: Method 1
A3: input | C3: input | D3: input | E3: input | Y3: input
A5: State | B5: MAT | C5: Production system | D5: Climate Zone | E5: Leaching zone | F5: Feed system | G5: Time spent in locations | J5: Allocations to MMS from milk shed | N5: Allocations to MMS from feedpad | R5: Solids separated | S5: Solid separation rate | T5: Milk solids | U5: fat content | V5: protein content | Y5: Dairy class | AF5: MMS allocations (resolved) | AL5: Milk density
U6: fraction | V6: fraction | W6: L/head/day | AK6: L/head/day | BN6: kg CH4 | BO6: t CH4
A7: i | B7: i | D7: (wet or dry) | E7: (true or false) | G7: pasture | H7: milk shed | I7: feedpad | J7: anaerobic lagoon | K7: sump and dispersal | L7: drains to paddock | M7: solid storage | N7: anaerobic lagoon | O7: sump and dispersal | P7: drains to paddock | Q7: solid storage | R7: true or false | S7: SSm | T7: MSj (kg) | U7: FC | V7: PC | W7: MPj (L) | Y7: j | Z7: Nj | AA7: Dj | AB7: Wj | AC7: LWGj | AD7: DMDj | AE7: CPj | AF7: MMSm=1 | AG7: MMSm=3a | AH7: MMSm=3b | AI7: MMSm=4 | AJ7: MMSm=14 | AK7: MPj (Normalised) | AM7: NE | AN7: GEC | AO7: k | AP7: qmj | AQ7: MIj | AR7: MRj | AS7: Ij | AT7: A | AU7: VSj | AV7: FVSm=1 | AW7: FVSm=3a | AX7: FVSm=3b | AY7: FVSm=4 | AZ7: FVSm=14 | BA7: MCFim=1 | BB7: MCFim=3a | BC7: MCFim=3b | BD7: MCFim=4 | BE7: MCFim=14 | BF7: Bo | BG7: p | BH7: Mjm=1 | BI7: Mjm=3a | BJ7: Mjm=3b | BK7: Mjm=4 | BL7: Mjm=14 | BM7: MPWmanure | BN7: ECH4 (j) | BO7: ECH4
A8: ='Input Scenarios'!A8 -> NSW | B8: ='Input Scenarios'!B8 -> 0 | C8: ='Input Scenarios'!C8 -> Non-irrigated pasture | D8: ='Input Scenarios'!D8 -> wet | E8: ='Input Scenarios'!E8 -> FALSE | F8: ='Input Scenarios'!F8 -> Limited grazing | G8: =IF('Input Scenarios'!G8<>"", 'Input Scenarios'!G8, _xlfn.XLOOKUP($F8, Constants!$M$6:$M$9,Constants!N$6:N$9)) -> 0.534 | H8: =IF('Input Scenarios'!H8<>"", 'Input Scenarios'!H8, _xlfn.XLOOKUP($F8, Constants!$M$6:$M$9,Constants!O$6:O$9)) -> 0.11 | I8: =IF('Input Scenarios'!I8<>"", 'Input Scenarios'!I8, _xlfn.XLOOKUP($F8, Constants!$M$6:$M$9,Constants!P$6:P$9)) -> 0.356 | J8: ='Input Scenarios'!J8 -> 0.25 | K8: ='Input Scenarios'!K8 -> 0.25 | L8: ='Input Scenarios'!L8 -> 0.25 | M8: ='Input Scenarios'!M8 -> 0.25 | N8: ='Input Scenarios'!N8 -> 0.25 | O8: ='Input Scenarios'!O8 -> 0.25 | P8: ='Input Scenarios'!P8 -> 0.25 | Q8: ='Input Scenarios'!Q8 -> 0.25 | R8: ='Input Scenarios'!R8 -> TRUE | S8: =IF('Input Scenarios'!S8<>"", 'Input Scenarios'!S8, IF(R8, Constants!$B$38, 0)) -> 0.2 | T8: =IF('Input Scenarios'!T8<>"", 'Input Scenarios'!T8, "") | U8: =IF('Input Scenarios'!U8<>"", 'Input Scenarios'!U8, IF(W8<>"", "", Constants!$B$39)) | V8: =IF('Input Scenarios'!V8<>"", 'Input Scenarios'!V8, IF(W8<>"", "", Constants!$B$40)) | W8: =IF('Input Scenarios'!W8<>"", 'Input Scenarios'!W8, "") -> 15 | X8: ='Input Scenarios'!X8 -> Medium Friesian | Y8: ='Input Scenarios'!Y8 -> milkingCows | Z8: ='Input Scenarios'!Z8 -> 200 | AA8: =IF('Input Scenarios'!AA8<>"", 'Input Scenarios'!AA8, _xlfn.XLOOKUP(Y8,Constants!$J$6:$J$12,Constants!$K$6:$K$12)) -> 365 | AB8: =IF('Input Scenarios'!AB8<>"", 'Input Scenarios'!AB8, INDEX(Constants!$B$2:$H$11, MATCH(X8, Constants!$A$2:$A$11, 0), MATCH(Y8,Constants!$B$1:$H$1, 0))) -> 550 | AC8: =IF('Input Scenarios'!AC8<>"", 'Input Scenarios'!AC8, _xlfn.XLOOKUP(Y8, Constants!$B$13:$H$13, Constants!$B$15:$H$15, "")) -> 0.016 | AD8: =IF('Input Scenarios'!AD8<>"", 'Input Scenarios'!AD8, Constants!$B$45) -> 0.75 | AE8: =IF('Input Scenarios'!AE8<>"", 'Input Scenarios'!AE8, Constants!$B$46) -> 0.2 | AF8: =IF($Y8="milkingCows",($H8*J8)+($I8*N8), 0) -> 0.1165 | AG8: =IF($Y8="milkingCows",($H8*K8)+($I8*O8), 0) -> 0.1165 | AH8: =IF($Y8="milkingCows",($H8*L8)+($I8*P8), 0) -> 0.1165 | AI8: =IF($Y8="milkingCows",($H8*M8)+($I8*Q8), 0) -> 0.1165 | AJ8: =IF($Y8="milkingCows",G8, 1) -> 0.534 | AK8: =IF(Y8="milkingCows", IF(W8<>"", W8, T8/((U8+V8)*0.01)), 0) -> 15 | AL8: =Constants!$B$44 -> 1.03 | AM8: =Constants!$B$41 -> 3.054 | AN8: =Constants!$B$42 -> 18.4 | AO8: =Constants!$B$43 -> 0.6 | AP8: =0.795*(AD8)-0.0014 -> 0.59485 | AQ8: =(AK8*AL8*AM8)/(AN8*AO8*AP8) -> 7.1849041 | AR8: =IF(Y8="milkingCows", Constants!$P$2, Constants!$P$3) -> 1.1 | AS8: =IFERROR(((((1.185 + (0.00454*AB8) - (0.0000026*(AB8^2)) + (0.315*AC8))^2)*AR8)+AQ8), "") -> 16.43935 | AT8: =Constants!$B$47 -> 0.08 | AU8: =IFERROR((AS8*(1-AD8)+(0.04*AS8))*(1-AT8), "") -> 4.3860185 | AV8: =AF8*(1-S8) -> 0.0932 | AW8: =AG8 -> 0.1165 | AX8: =AH8 -> 0.1165 | AY8: =AI8+(AF8*S8) -> 0.1398 | AZ8: =AJ8 -> 0.534 | BA8: =_xlfn.XLOOKUP($A8, Constants!$E$18:$L$18,Constants!$E$19:$L$19) -> 0.76 | BB8: =_xlfn.XLOOKUP($A8, Constants!$E$18:$L$18,Constants!$E$20:$L$20) -> 0.005 | BC8: =_xlfn.XLOOKUP($A8, Constants!$E$18:$L$18,Constants!$E$21:$L$21) -> 0.18 | BD8: =_xlfn.XLOOKUP($A8, Constants!$E$18:$L$18,Constants!$E$22:$L$22) -> 0.02 | BE8: =_xlfn.XLOOKUP($A8, Constants!$E$18:$L$18,Constants!$E$23:$L$23) -> 0.01 | BF8: =Constants!$B$48 -> 0.24 | BG8: =Constants!$B$49 -> 0.6784 | BH8: =IF(ISNUMBER(FIND("PreWeaned",$Y8)), "", $AU8*AV8*BA8*$BF8*$BG8) -> 0.050582122 | BI8: =IF(ISNUMBER(FIND("PreWeaned",$Y8)), "", $AU8*AW8*BB8*$BF8*$BG8) -> 0.0004159714 | BJ8: =IF(ISNUMBER(FIND("PreWeaned",$Y8)), "", $AU8*AX8*BC8*$BF8*$BG8) -> 0.01497497 | BK8: =IF(ISNUMBER(FIND("PreWeaned",$Y8)), "", $AU8*AY8*BD8*$BF8*$BG8) -> 0.0019966627 | BL8: =IF(ISNUMBER(FIND("PreWeaned",$Y8)), "", $AU8*AZ8*BE8*$BF8*$BG8) -> 0.0038133687 | BM8: =IF(ISNUMBER(FIND("PreWeaned",Y8)),_xlfn.XLOOKUP(Y8,Constants!$J$2:$J$3,Constants!$K$2:$K$3), "") | BN8: =Z8*AA8*SUM(BH8:BM8) -> 5240.1659 | BO8: =SUM(BN8:BN14)/1000 -> 6.6304737
A9: ='Input Scenarios'!A9 -> NSW | B9: ='Input Scenarios'!B9 -> 0 | C9: ='Input Scenarios'!C9 -> Non-irrigated pasture | D9: ='Input Scenarios'!D9 -> wet | E9: ='Input Scenarios'!E9 -> FALSE | F9: ='Input Scenarios'!F9 -> Limited grazing | G9: =IF('Input Scenarios'!G9<>"", 'Input Scenarios'!G9, _xlfn.XLOOKUP($F9, Constants!$M$6:$M$9,Constants!N$6:N$9)) -> 0.534 | H9: =IF('Input Scenarios'!H9<>"", 'Input Scenarios'!H9, _xlfn.XLOOKUP($F9, Constants!$M$6:$M$9,Constants!O$6:O$9)) -> 0.11 | I9: =IF('Input Scenarios'!I9<>"", 'Input Scenarios'!I9, _xlfn.XLOOKUP($F9, Constants!$M$6:$M$9,Constants!P$6:P$9)) -> 0.356 | J9: ='Input Scenarios'!J9 -> 0.25 | K9: ='Input Scenarios'!K9 -> 0.25 | L9: ='Input Scenarios'!L9 -> 0.25 | M9: ='Input Scenarios'!M9 -> 0.25 | N9: ='Input Scenarios'!N9 -> 0.25 | O9: ='Input Scenarios'!O9 -> 0.25 | P9: ='Input Scenarios'!P9 -> 0.25 | Q9: ='Input Scenarios'!Q9 -> 0.25 | R9: ='Input Scenarios'!R9 -> TRUE | S9: =IF('Input Scenarios'!S9<>"", 'Input Scenarios'!S9, IF(R9, Constants!$B$38, 0)) -> 0.2 | T9: =IF('Input Scenarios'!T9<>"", 'Input Scenarios'!T9, "") | U9: =IF('Input Scenarios'!U9<>"", 'Input Scenarios'!U9, IF(W9<>"", "", Constants!$B$39)) -> 4 | V9: =IF('Input Scenarios'!V9<>"", 'Input Scenarios'!V9, IF(W9<>"", "", Constants!$B$40)) -> 3.3 | W9: =IF('Input Scenarios'!W9<>"", 'Input Scenarios'!W9, "") | X9: ='Input Scenarios'!X9 -> Medium Friesian | Y9: ='Input Scenarios'!Y9 -> heifersGt1 | Z9: ='Input Scenarios'!Z9 -> 200 | AA9: =IF('Input Scenarios'!AA9<>"", 'Input Scenarios'!AA9, _xlfn.XLOOKUP(Y9,Constants!$J$6:$J$12,Constants!$K$6:$K$12)) -> 365 | AB9: =IF('Input Scenarios'!AB9<>"", 'Input Scenarios'!AB9, INDEX(Constants!$B$2:$H$11, MATCH(X9, Constants!$A$2:$A$11, 0), MATCH(Y9,Constants!$B$1:$H$1, 0))) -> 380 | AC9: =IF('Input Scenarios'!AC9<>"", 'Input Scenarios'!AC9, _xlfn.XLOOKUP(Y9, Constants!$B$13:$H$13, Constants!$B$15:$H$15, "")) -> 0.6 | AD9: =IF('Input Scenarios'!AD9<>"", 'Input Scenarios'!AD9, Constants!$B$45) -> 0.75 | AE9: =IF('Input Scenarios'!AE9<>"", 'Input Scenarios'!AE9, Constants!$B$46) -> 0.2 | AF9: =IF($Y9="milkingCows",($H9*J9)+($I9*N9), 0) -> 0 | AG9: =IF($Y9="milkingCows",($H9*K9)+($I9*O9), 0) -> 0 | AH9: =IF($Y9="milkingCows",($H9*L9)+($I9*P9), 0) -> 0 | AI9: =IF($Y9="milkingCows",($H9*M9)+($I9*Q9), 0) -> 0 | AJ9: =IF($Y9="milkingCows",G9, 1) -> 1 | AK9: =IF(Y9="milkingCows", IF(W9<>"", W9, T9/((U9+V9)*0.01)), 0) -> 0 | AL9: =Constants!$B$44 -> 1.03 | AM9: =Constants!$B$41 -> 3.054 | AN9: =Constants!$B$42 -> 18.4 | AO9: =Constants!$B$43 -> 0.6 | AP9: =0.795*(AD9)-0.0014 -> 0.59485 | AQ9: =(AK9*AL9*AM9)/(AN9*AO9*AP9) -> 0 | AR9: =IF(Y9="milkingCows", Constants!$P$2, Constants!$P$3) -> 1 | AS9: =IFERROR(((((1.185 + (0.00454*AB9) - (0.0000026*(AB9^2)) + (0.315*AC9))^2)*AR9)+AQ9), "") -> 7.4188685 | AT9: =Constants!$B$47 -> 0.08 | AU9: =IFERROR((AS9*(1-AD9)+(0.04*AS9))*(1-AT9), "") -> 1.9793541 | AV9: =AF9*(1-S9) -> 0 | AW9: =AG9 -> 0 | AX9: =AH9 -> 0 | AY9: =AI9+(AF9*S9) -> 0 | AZ9: =AJ9 -> 1 | BA9: =_xlfn.XLOOKUP($A9, Constants!$E$18:$L$18,Constants!$E$19:$L$19) -> 0.76 | BB9: =_xlfn.XLOOKUP($A9, Constants!$E$18:$L$18,Constants!$E$20:$L$20) -> 0.005 | BC9: =_xlfn.XLOOKUP($A9, Constants!$E$18:$L$18,Constants!$E$21:$L$21) -> 0.18 | BD9: =_xlfn.XLOOKUP($A9, Constants!$E$18:$L$18,Constants!$E$22:$L$22) -> 0.02 | BE9: =_xlfn.XLOOKUP($A9, Constants!$E$18:$L$18,Constants!$E$23:$L$23) -> 0.01 | BF9: =Constants!$B$48 -> 0.24 | BG9: =Constants!$B$49 -> 0.6784 | BH9: =IF(ISNUMBER(FIND("PreWeaned",$Y9)), "", $AU9*AV9*BA9*$BF9*$BG9) -> 0 | BI9: =IF(ISNUMBER(FIND("PreWeaned",$Y9)), "", $AU9*AW9*BB9*$BF9*$BG9) -> 0 | BJ9: =IF(ISNUMBER(FIND("PreWeaned",$Y9)), "", $AU9*AX9*BC9*$BF9*$BG9) -> 0 | BK9: =IF(ISNUMBER(FIND("PreWeaned",$Y9)), "", $AU9*AY9*BD9*$BF9*$BG9) -> 0 | BL9: =IF(ISNUMBER(FIND("PreWeaned",$Y9)), "", $AU9*AZ9*BE9*$BF9*$BG9) -> 0.0032227052 | BM9: =IF(ISNUMBER(FIND("PreWeaned",Y9)),_xlfn.XLOOKUP(Y9,Constants!$J$2:$J$3,Constants!$K$2:$K$3), "") | BN9: =Z9*AA9*SUM(BH9:BM9) -> 235.25748
A10: ='Input Scenarios'!A10 -> NSW | B10: ='Input Scenarios'!B10 -> 0 | C10: ='Input Scenarios'!C10 -> Non-irrigated pasture | D10: ='Input Scenarios'!D10 -> wet | E10: ='Input Scenarios'!E10 -> FALSE | F10: ='Input Scenarios'!F10 -> Limited grazing | G10: =IF('Input Scenarios'!G10<>"", 'Input Scenarios'!G10, _xlfn.XLOOKUP($F10, Constants!$M$6:$M$9,Constants!N$6:N$9)) -> 0.534 | H10: =IF('Input Scenarios'!H10<>"", 'Input Scenarios'!H10, _xlfn.XLOOKUP($F10, Constants!$M$6:$M$9,Constants!O$6:O$9)) -> 0.11 | I10: =IF('Input Scenarios'!I10<>"", 'Input Scenarios'!I10, _xlfn.XLOOKUP($F10, Constants!$M$6:$M$9,Constants!P$6:P$9)) -> 0.356 | J10: ='Input Scenarios'!J10 -> 0.25 | K10: ='Input Scenarios'!K10 -> 0.25 | L10: ='Input Scenarios'!L10 -> 0.25 | M10: ='Input Scenarios'!M10 -> 0.25 | N10: ='Input Scenarios'!N10 -> 0.25 | O10: ='Input Scenarios'!O10 -> 0.25 | P10: ='Input Scenarios'!P10 -> 0.25 | Q10: ='Input Scenarios'!Q10 -> 0.25 | R10: ='Input Scenarios'!R10 -> TRUE | S10: =IF('Input Scenarios'!S10<>"", 'Input Scenarios'!S10, IF(R10, Constants!$B$38, 0)) -> 0.2 | T10: =IF('Input Scenarios'!T10<>"", 'Input Scenarios'!T10, "") | U10: =IF('Input Scenarios'!U10<>"", 'Input Scenarios'!U10, IF(W10<>"", "", Constants!$B$39)) -> 4 | V10: =IF('Input Scenarios'!V10<>"", 'Input Scenarios'!V10, IF(W10<>"", "", Constants!$B$40)) -> 3.3 | W10: =IF('Input Scenarios'!W10<>"", 'Input Scenarios'!W10, "") | X10: ='Input Scenarios'!X10 -> Medium Friesian | Y10: ='Input Scenarios'!Y10 -> heifersLt1PreWeaned | Z10: ='Input Scenarios'!Z10 -> 200 | AA10: =IF('Input Scenarios'!AA10<>"", 'Input Scenarios'!AA10, _xlfn.XLOOKUP(Y10,Constants!$J$6:$J$12,Constants!$K$6:$K$12)) -> 84 | AB10: =IF('Input Scenarios'!AB10<>"", 'Input Scenarios'!AB10, INDEX(Constants!$B$2:$H$11, MATCH(X10, Constants!$A$2:$A$11, 0), MATCH(Y10,Constants!$B$1:$H$1, 0))) -> 155 | AC10: =IF('Input Scenarios'!AC10<>"", 'Input Scenarios'!AC10, _xlfn.XLOOKUP(Y10, Constants!$B$13:$H$13, Constants!$B$15:$H$15, "")) | AD10: =IF('Input Scenarios'!AD10<>"", 'Input Scenarios'!AD10, Constants!$B$45) -> 0.75 | AE10: =IF('Input Scenarios'!AE10<>"", 'Input Scenarios'!AE10, Constants!$B$46) -> 0.2 | AF10: =IF($Y10="milkingCows",($H10*J10)+($I10*N10), 0) -> 0 | AG10: =IF($Y10="milkingCows",($H10*K10)+($I10*O10), 0) -> 0 | AH10: =IF($Y10="milkingCows",($H10*L10)+($I10*P10), 0) -> 0 | AI10: =IF($Y10="milkingCows",($H10*M10)+($I10*Q10), 0) -> 0 | AJ10: =IF($Y10="milkingCows",G10, 1) -> 1 | AK10: =IF(Y10="milkingCows", IF(W10<>"", W10, T10/((U10+V10)*0.01)), 0) -> 0 | AL10: =Constants!$B$44 -> 1.03 | AM10: =Constants!$B$41 -> 3.054 | AN10: =Constants!$B$42 -> 18.4 | AO10: =Constants!$B$43 -> 0.6 | AP10: =0.795*(AD10)-0.0014 -> 0.59485 | AQ10: =(AK10*AL10*AM10)/(AN10*AO10*AP10) -> 0 | AR10: =IF(Y10="milkingCows", Constants!$P$2, Constants!$P$3) -> 1 | AS10: =IFERROR(((((1.185 + (0.00454*AB10) - (0.0000026*(AB10^2)) + (0.315*AC10))^2)*AR10)+AQ10), "") | AT10: =Constants!$B$47 -> 0.08 | AU10: =IFERROR((AS10*(1-AD10)+(0.04*AS10))*(1-AT10), "") | AV10: =AF10*(1-S10) -> 0 | AW10: =AG10 -> 0 | AX10: =AH10 -> 0 | AY10: =AI10+(AF10*S10) -> 0 | AZ10: =AJ10 -> 1 | BA10: =_xlfn.XLOOKUP($A10, Constants!$E$18:$L$18,Constants!$E$19:$L$19) -> 0.76 | BB10: =_xlfn.XLOOKUP($A10, Constants!$E$18:$L$18,Constants!$E$20:$L$20) -> 0.005 | BC10: =_xlfn.XLOOKUP($A10, Constants!$E$18:$L$18,Constants!$E$21:$L$21) -> 0.18 | BD10: =_xlfn.XLOOKUP($A10, Constants!$E$18:$L$18,Constants!$E$22:$L$22) -> 0.02 | BE10: =_xlfn.XLOOKUP($A10, Constants!$E$18:$L$18,Constants!$E$23:$L$23) -> 0.01 | BF10: =Constants!$B$48 -> 0.24 | BG10: =Constants!$B$49 -> 0.6784 | BH10: =IF(ISNUMBER(FIND("PreWeaned",$Y10)), "", $AU10*AV10*BA10*$BF10*$BG10) | BI10: =IF(ISNUMBER(FIND("PreWeaned",$Y10)), "", $AU10*AW10*BB10*$BF10*$BG10) | BJ10: =IF(ISNUMBER(FIND("PreWeaned",$Y10)), "", $AU10*AX10*BC10*$BF10*$BG10) | BK10: =IF(ISNUMBER(FIND("PreWeaned",$Y10)), "", $AU10*AY10*BD10*$BF10*$BG10) | BL10: =IF(ISNUMBER(FIND("PreWeaned",$Y10)), "", $AU10*AZ10*BE10*$BF10*$BG10) | BM10: =IF(ISNUMBER(FIND("PreWeaned",Y10)),_xlfn.XLOOKUP(Y10,Constants!$J$2:$J$3,Constants!$K$2:$K$3), "") -> 0.0176 | BN10: =Z10*AA10*SUM(BH10:BM10) -> 295.68
A11: ='Input Scenarios'!A11 -> NSW | B11: ='Input Scenarios'!B11 -> 0 | C11: ='Input Scenarios'!C11 -> Non-irrigated pasture | D11: ='Input Scenarios'!D11 -> wet | E11: ='Input Scenarios'!E11 -> FALSE | F11: ='Input Scenarios'!F11 -> Limited grazing | G11: =IF('Input Scenarios'!G11<>"", 'Input Scenarios'!G11, _xlfn.XLOOKUP($F11, Constants!$M$6:$M$9,Constants!N$6:N$9)) -> 0.534 | H11: =IF('Input Scenarios'!H11<>"", 'Input Scenarios'!H11, _xlfn.XLOOKUP($F11, Constants!$M$6:$M$9,Constants!O$6:O$9)) -> 0.11 | I11: =IF('Input Scenarios'!I11<>"", 'Input Scenarios'!I11, _xlfn.XLOOKUP($F11, Constants!$M$6:$M$9,Constants!P$6:P$9)) -> 0.356 | J11: ='Input Scenarios'!J11 -> 0.25 | K11: ='Input Scenarios'!K11 -> 0.25 | L11: ='Input Scenarios'!L11 -> 0.25 | M11: ='Input Scenarios'!M11 -> 0.25 | N11: ='Input Scenarios'!N11 -> 0.25 | O11: ='Input Scenarios'!O11 -> 0.25 | P11: ='Input Scenarios'!P11 -> 0.25 | Q11: ='Input Scenarios'!Q11 -> 0.25 | R11: ='Input Scenarios'!R11 -> TRUE | S11: =IF('Input Scenarios'!S11<>"", 'Input Scenarios'!S11, IF(R11, Constants!$B$38, 0)) -> 0.2 | T11: =IF('Input Scenarios'!T11<>"", 'Input Scenarios'!T11, "") | U11: =IF('Input Scenarios'!U11<>"", 'Input Scenarios'!U11, IF(W11<>"", "", Constants!$B$39)) -> 4 | V11: =IF('Input Scenarios'!V11<>"", 'Input Scenarios'!V11, IF(W11<>"", "", Constants!$B$40)) -> 3.3 | W11: =IF('Input Scenarios'!W11<>"", 'Input Scenarios'!W11, "") | X11: ='Input Scenarios'!X11 -> Medium Friesian | Y11: ='Input Scenarios'!Y11 -> heifersLt1Weaned | Z11: ='Input Scenarios'!Z11 -> 200 | AA11: =IF('Input Scenarios'!AA11<>"", 'Input Scenarios'!AA11, _xlfn.XLOOKUP(Y11,Constants!$J$6:$J$12,Constants!$K$6:$K$12)) -> 281 | AB11: =IF('Input Scenarios'!AB11<>"", 'Input Scenarios'!AB11, INDEX(Constants!$B$2:$H$11, MATCH(X11, Constants!$A$2:$A$11, 0), MATCH(Y11,Constants!$B$1:$H$1, 0))) -> 155 | AC11: =IF('Input Scenarios'!AC11<>"", 'Input Scenarios'!AC11, _xlfn.XLOOKUP(Y11, Constants!$B$13:$H$13, Constants!$B$15:$H$15, "")) -> 0.57 | AD11: =IF('Input Scenarios'!AD11<>"", 'Input Scenarios'!AD11, Constants!$B$45) -> 0.75 | AE11: =IF('Input Scenarios'!AE11<>"", 'Input Scenarios'!AE11, Constants!$B$46) -> 0.2 | AF11: =IF($Y11="milkingCows",($H11*J11)+($I11*N11), 0) -> 0 | AG11: =IF($Y11="milkingCows",($H11*K11)+($I11*O11), 0) -> 0 | AH11: =IF($Y11="milkingCows",($H11*L11)+($I11*P11), 0) -> 0 | AI11: =IF($Y11="milkingCows",($H11*M11)+($I11*Q11), 0) -> 0 | AJ11: =IF($Y11="milkingCows",G11, 1) -> 1 | AK11: =IF(Y11="milkingCows", IF(W11<>"", W11, T11/((U11+V11)*0.01)), 0) -> 0 | AL11: =Constants!$B$44 -> 1.03 | AM11: =Constants!$B$41 -> 3.054 | AN11: =Constants!$B$42 -> 18.4 | AO11: =Constants!$B$43 -> 0.6 | AP11: =0.795*(AD11)-0.0014 -> 0.59485 | AQ11: =(AK11*AL11*AM11)/(AN11*AO11*AP11) -> 0 | AR11: =IF(Y11="milkingCows", Constants!$P$2, Constants!$P$3) -> 1 | AS11: =IFERROR(((((1.185 + (0.00454*AB11) - (0.0000026*(AB11^2)) + (0.315*AC11))^2)*AR11)+AQ11), "") -> 4.0231735 | AT11: =Constants!$B$47 -> 0.08 | AU11: =IFERROR((AS11*(1-AD11)+(0.04*AS11))*(1-AT11), "") -> 1.0733827 | AV11: =AF11*(1-S11) -> 0 | AW11: =AG11 -> 0 | AX11: =AH11 -> 0 | AY11: =AI11+(AF11*S11) -> 0 | AZ11: =AJ11 -> 1 | BA11: =_xlfn.XLOOKUP($A11, Constants!$E$18:$L$18,Constants!$E$19:$L$19) -> 0.76 | BB11: =_xlfn.XLOOKUP($A11, Constants!$E$18:$L$18,Constants!$E$20:$L$20) -> 0.005 | BC11: =_xlfn.XLOOKUP($A11, Constants!$E$18:$L$18,Constants!$E$21:$L$21) -> 0.18 | BD11: =_xlfn.XLOOKUP($A11, Constants!$E$18:$L$18,Constants!$E$22:$L$22) -> 0.02 | BE11: =_xlfn.XLOOKUP($A11, Constants!$E$18:$L$18,Constants!$E$23:$L$23) -> 0.01 | BF11: =Constants!$B$48 -> 0.24 | BG11: =Constants!$B$49 -> 0.6784 | BH11: =IF(ISNUMBER(FIND("PreWeaned",$Y11)), "", $AU11*AV11*BA11*$BF11*$BG11) -> 0 | BI11: =IF(ISNUMBER(FIND("PreWeaned",$Y11)), "", $AU11*AW11*BB11*$BF11*$BG11) -> 0 | BJ11: =IF(ISNUMBER(FIND("PreWeaned",$Y11)), "", $AU11*AX11*BC11*$BF11*$BG11) -> 0 | BK11: =IF(ISNUMBER(FIND("PreWeaned",$Y11)), "", $AU11*AY11*BD11*$BF11*$BG11) -> 0 | BL11: =IF(ISNUMBER(FIND("PreWeaned",$Y11)), "", $AU11*AZ11*BE11*$BF11*$BG11) -> 0.0017476387 | BM11: =IF(ISNUMBER(FIND("PreWeaned",Y11)),_xlfn.XLOOKUP(Y11,Constants!$J$2:$J$3,Constants!$K$2:$K$3), "") | BN11: =Z11*AA11*SUM(BH11:BM11) -> 98.217298
A12: ='Input Scenarios'!A12 -> NSW | B12: ='Input Scenarios'!B12 -> 0 | C12: ='Input Scenarios'!C12 -> Non-irrigated pasture | D12: ='Input Scenarios'!D12 -> wet | E12: ='Input Scenarios'!E12 -> FALSE | F12: ='Input Scenarios'!F12 -> Limited grazing | G12: =IF('Input Scenarios'!G12<>"", 'Input Scenarios'!G12, _xlfn.XLOOKUP($F12, Constants!$M$6:$M$9,Constants!N$6:N$9)) -> 0.534 | H12: =IF('Input Scenarios'!H12<>"", 'Input Scenarios'!H12, _xlfn.XLOOKUP($F12, Constants!$M$6:$M$9,Constants!O$6:O$9)) -> 0.11 | I12: =IF('Input Scenarios'!I12<>"", 'Input Scenarios'!I12, _xlfn.XLOOKUP($F12, Constants!$M$6:$M$9,Constants!P$6:P$9)) -> 0.356 | J12: ='Input Scenarios'!J12 -> 0.25 | K12: ='Input Scenarios'!K12 -> 0.25 | L12: ='Input Scenarios'!L12 -> 0.25 | M12: ='Input Scenarios'!M12 -> 0.25 | N12: ='Input Scenarios'!N12 -> 0.25 | O12: ='Input Scenarios'!O12 -> 0.25 | P12: ='Input Scenarios'!P12 -> 0.25 | Q12: ='Input Scenarios'!Q12 -> 0.25 | R12: ='Input Scenarios'!R12 -> TRUE | S12: =IF('Input Scenarios'!S12<>"", 'Input Scenarios'!S12, IF(R12, Constants!$B$38, 0)) -> 0.2 | T12: =IF('Input Scenarios'!T12<>"", 'Input Scenarios'!T12, "") | U12: =IF('Input Scenarios'!U12<>"", 'Input Scenarios'!U12, IF(W12<>"", "", Constants!$B$39)) -> 4 | V12: =IF('Input Scenarios'!V12<>"", 'Input Scenarios'!V12, IF(W12<>"", "", Constants!$B$40)) -> 3.3 | W12: =IF('Input Scenarios'!W12<>"", 'Input Scenarios'!W12, "") | X12: ='Input Scenarios'!X12 -> Medium Friesian | Y12: ='Input Scenarios'!Y12 -> bullsGt1 | Z12: ='Input Scenarios'!Z12 -> 200 | AA12: =IF('Input Scenarios'!AA12<>"", 'Input Scenarios'!AA12, _xlfn.XLOOKUP(Y12,Constants!$J$6:$J$12,Constants!$K$6:$K$12)) -> 365 | AB12: =IF('Input Scenarios'!AB12<>"", 'Input Scenarios'!AB12, INDEX(Constants!$B$2:$H$11, MATCH(X12, Constants!$A$2:$A$11, 0), MATCH(Y12,Constants!$B$1:$H$1, 0))) -> 600 | AC12: =IF('Input Scenarios'!AC12<>"", 'Input Scenarios'!AC12, _xlfn.XLOOKUP(Y12, Constants!$B$13:$H$13, Constants!$B$15:$H$15, "")) -> 0.1 | AD12: =IF('Input Scenarios'!AD12<>"", 'Input Scenarios'!AD12, Constants!$B$45) -> 0.75 | AE12: =IF('Input Scenarios'!AE12<>"", 'Input Scenarios'!AE12, Constants!$B$46) -> 0.2 | AF12: =IF($Y12="milkingCows",($H12*J12)+($I12*N12), 0) -> 0 | AG12: =IF($Y12="milkingCows",($H12*K12)+($I12*O12), 0) -> 0 | AH12: =IF($Y12="milkingCows",($H12*L12)+($I12*P12), 0) -> 0 | AI12: =IF($Y12="milkingCows",($H12*M12)+($I12*Q12), 0) -> 0 | AJ12: =IF($Y12="milkingCows",G12, 1) -> 1 | AK12: =IF(Y12="milkingCows", IF(W12<>"", W12, T12/((U12+V12)*0.01)), 0) -> 0 | AL12: =Constants!$B$44 -> 1.03 | AM12: =Constants!$B$41 -> 3.054 | AN12: =Constants!$B$42 -> 18.4 | AO12: =Constants!$B$43 -> 0.6 | AP12: =0.795*(AD12)-0.0014 -> 0.59485 | AQ12: =(AK12*AL12*AM12)/(AN12*AO12*AP12) -> 0 | AR12: =IF(Y12="milkingCows", Constants!$P$2, Constants!$P$3) -> 1 | AS12: =IFERROR(((((1.185 + (0.00454*AB12) - (0.0000026*(AB12^2)) + (0.315*AC12))^2)*AR12)+AQ12), "") -> 9.0270202 | AT12: =Constants!$B$47 -> 0.08 | AU12: =IFERROR((AS12*(1-AD12)+(0.04*AS12))*(1-AT12), "") -> 2.408409 | AV12: =AF12*(1-S12) -> 0 | AW12: =AG12 -> 0 | AX12: =AH12 -> 0 | AY12: =AI12+(AF12*S12) -> 0 | AZ12: =AJ12 -> 1 | BA12: =_xlfn.XLOOKUP($A12, Constants!$E$18:$L$18,Constants!$E$19:$L$19) -> 0.76 | BB12: =_xlfn.XLOOKUP($A12, Constants!$E$18:$L$18,Constants!$E$20:$L$20) -> 0.005 | BC12: =_xlfn.XLOOKUP($A12, Constants!$E$18:$L$18,Constants!$E$21:$L$21) -> 0.18 | BD12: =_xlfn.XLOOKUP($A12, Constants!$E$18:$L$18,Constants!$E$22:$L$22) -> 0.02 | BE12: =_xlfn.XLOOKUP($A12, Constants!$E$18:$L$18,Constants!$E$23:$L$23) -> 0.01 | BF12: =Constants!$B$48 -> 0.24 | BG12: =Constants!$B$49 -> 0.6784 | BH12: =IF(ISNUMBER(FIND("PreWeaned",$Y12)), "", $AU12*AV12*BA12*$BF12*$BG12) -> 0 | BI12: =IF(ISNUMBER(FIND("PreWeaned",$Y12)), "", $AU12*AW12*BB12*$BF12*$BG12) -> 0 | BJ12: =IF(ISNUMBER(FIND("PreWeaned",$Y12)), "", $AU12*AX12*BC12*$BF12*$BG12) -> 0 | BK12: =IF(ISNUMBER(FIND("PreWeaned",$Y12)), "", $AU12*AY12*BD12*$BF12*$BG12) -> 0 | BL12: =IF(ISNUMBER(FIND("PreWeaned",$Y12)), "", $AU12*AZ12*BE12*$BF12*$BG12) -> 0.0039212752 | BM12: =IF(ISNUMBER(FIND("PreWeaned",Y12)),_xlfn.XLOOKUP(Y12,Constants!$J$2:$J$3,Constants!$K$2:$K$3), "") | BN12: =Z12*AA12*SUM(BH12:BM12) -> 286.25309
A13: ='Input Scenarios'!A13 -> NSW | B13: ='Input Scenarios'!B13 -> 0 | C13: ='Input Scenarios'!C13 -> Non-irrigated pasture | D13: ='Input Scenarios'!D13 -> wet | E13: ='Input Scenarios'!E13 -> FALSE | F13: ='Input Scenarios'!F13 -> Limited grazing | G13: =IF('Input Scenarios'!G13<>"", 'Input Scenarios'!G13, _xlfn.XLOOKUP($F13, Constants!$M$6:$M$9,Constants!N$6:N$9)) -> 0.534 | H13: =IF('Input Scenarios'!H13<>"", 'Input Scenarios'!H13, _xlfn.XLOOKUP($F13, Constants!$M$6:$M$9,Constants!O$6:O$9)) -> 0.11 | I13: =IF('Input Scenarios'!I13<>"", 'Input Scenarios'!I13, _xlfn.XLOOKUP($F13, Constants!$M$6:$M$9,Constants!P$6:P$9)) -> 0.356 | J13: ='Input Scenarios'!J13 -> 0.25 | K13: ='Input Scenarios'!K13 -> 0.25 | L13: ='Input Scenarios'!L13 -> 0.25 | M13: ='Input Scenarios'!M13 -> 0.25 | N13: ='Input Scenarios'!N13 -> 0.25 | O13: ='Input Scenarios'!O13 -> 0.25 | P13: ='Input Scenarios'!P13 -> 0.25 | Q13: ='Input Scenarios'!Q13 -> 0.25 | R13: ='Input Scenarios'!R13 -> TRUE | S13: =IF('Input Scenarios'!S13<>"", 'Input Scenarios'!S13, IF(R13, Constants!$B$38, 0)) -> 0.2 | T13: =IF('Input Scenarios'!T13<>"", 'Input Scenarios'!T13, "") | U13: =IF('Input Scenarios'!U13<>"", 'Input Scenarios'!U13, IF(W13<>"", "", Constants!$B$39)) -> 4 | V13: =IF('Input Scenarios'!V13<>"", 'Input Scenarios'!V13, IF(W13<>"", "", Constants!$B$40)) -> 3.3 | W13: =IF('Input Scenarios'!W13<>"", 'Input Scenarios'!W13, "") | X13: ='Input Scenarios'!X13 -> Medium Friesian | Y13: ='Input Scenarios'!Y13 -> bullsLt1PreWeaned | Z13: ='Input Scenarios'!Z13 -> 200 | AA13: =IF('Input Scenarios'!AA13<>"", 'Input Scenarios'!AA13, _xlfn.XLOOKUP(Y13,Constants!$J$6:$J$12,Constants!$K$6:$K$12)) -> 84 | AB13: =IF('Input Scenarios'!AB13<>"", 'Input Scenarios'!AB13, INDEX(Constants!$B$2:$H$11, MATCH(X13, Constants!$A$2:$A$11, 0), MATCH(Y13,Constants!$B$1:$H$1, 0))) -> 225 | AC13: =IF('Input Scenarios'!AC13<>"", 'Input Scenarios'!AC13, _xlfn.XLOOKUP(Y13, Constants!$B$13:$H$13, Constants!$B$15:$H$15, "")) | AD13: =IF('Input Scenarios'!AD13<>"", 'Input Scenarios'!AD13, Constants!$B$45) -> 0.75 | AE13: =IF('Input Scenarios'!AE13<>"", 'Input Scenarios'!AE13, Constants!$B$46) -> 0.2 | AF13: =IF($Y13="milkingCows",($H13*J13)+($I13*N13), 0) -> 0 | AG13: =IF($Y13="milkingCows",($H13*K13)+($I13*O13), 0) -> 0 | AH13: =IF($Y13="milkingCows",($H13*L13)+($I13*P13), 0) -> 0 | AI13: =IF($Y13="milkingCows",($H13*M13)+($I13*Q13), 0) -> 0 | AJ13: =IF($Y13="milkingCows",G13, 1) -> 1 | AK13: =IF(Y13="milkingCows", IF(W13<>"", W13, T13/((U13+V13)*0.01)), 0) -> 0 | AL13: =Constants!$B$44 -> 1.03 | AM13: =Constants!$B$41 -> 3.054 | AN13: =Constants!$B$42 -> 18.4 | AO13: =Constants!$B$43 -> 0.6 | AP13: =0.795*(AD13)-0.0014 -> 0.59485 | AQ13: =(AK13*AL13*AM13)/(AN13*AO13*AP13) -> 0 | AR13: =IF(Y13="milkingCows", Constants!$P$2, Constants!$P$3) -> 1 | AS13: =IFERROR(((((1.185 + (0.00454*AB13) - (0.0000026*(AB13^2)) + (0.315*AC13))^2)*AR13)+AQ13), "") | AT13: =Constants!$B$47 -> 0.08 | AU13: =IFERROR((AS13*(1-AD13)+(0.04*AS13))*(1-AT13), "") | AV13: =AF13*(1-S13) -> 0 | AW13: =AG13 -> 0 | AX13: =AH13 -> 0 | AY13: =AI13+(AF13*S13) -> 0 | AZ13: =AJ13 -> 1 | BA13: =_xlfn.XLOOKUP($A13, Constants!$E$18:$L$18,Constants!$E$19:$L$19) -> 0.76 | BB13: =_xlfn.XLOOKUP($A13, Constants!$E$18:$L$18,Constants!$E$20:$L$20) -> 0.005 | BC13: =_xlfn.XLOOKUP($A13, Constants!$E$18:$L$18,Constants!$E$21:$L$21) -> 0.18 | BD13: =_xlfn.XLOOKUP($A13, Constants!$E$18:$L$18,Constants!$E$22:$L$22) -> 0.02 | BE13: =_xlfn.XLOOKUP($A13, Constants!$E$18:$L$18,Constants!$E$23:$L$23) -> 0.01 | BF13: =Constants!$B$48 -> 0.24 | BG13: =Constants!$B$49 -> 0.6784 | BH13: =IF(ISNUMBER(FIND("PreWeaned",$Y13)), "", $AU13*AV13*BA13*$BF13*$BG13) | BI13: =IF(ISNUMBER(FIND("PreWeaned",$Y13)), "", $AU13*AW13*BB13*$BF13*$BG13) | BJ13: =IF(ISNUMBER(FIND("PreWeaned",$Y13)), "", $AU13*AX13*BC13*$BF13*$BG13) | BK13: =IF(ISNUMBER(FIND("PreWeaned",$Y13)), "", $AU13*AY13*BD13*$BF13*$BG13) | BL13: =IF(ISNUMBER(FIND("PreWeaned",$Y13)), "", $AU13*AZ13*BE13*$BF13*$BG13) | BM13: =IF(ISNUMBER(FIND("PreWeaned",Y13)),_xlfn.XLOOKUP(Y13,Constants!$J$2:$J$3,Constants!$K$2:$K$3), "") -> 0.0204 | BN13: =Z13*AA13*SUM(BH13:BM13) -> 342.72
A14: ='Input Scenarios'!A14 -> NSW | B14: ='Input Scenarios'!B14 -> 0 | C14: ='Input Scenarios'!C14 -> Non-irrigated pasture | D14: ='Input Scenarios'!D14 -> wet | E14: ='Input Scenarios'!E14 -> FALSE | F14: ='Input Scenarios'!F14 -> Limited grazing | G14: =IF('Input Scenarios'!G14<>"", 'Input Scenarios'!G14, _xlfn.XLOOKUP($F14, Constants!$M$6:$M$9,Constants!N$6:N$9)) -> 0.534 | H14: =IF('Input Scenarios'!H14<>"", 'Input Scenarios'!H14, _xlfn.XLOOKUP($F14, Constants!$M$6:$M$9,Constants!O$6:O$9)) -> 0.11 | I14: =IF('Input Scenarios'!I14<>"", 'Input Scenarios'!I14, _xlfn.XLOOKUP($F14, Constants!$M$6:$M$9,Constants!P$6:P$9)) -> 0.356 | J14: ='Input Scenarios'!J14 -> 0.25 | K14: ='Input Scenarios'!K14 -> 0.25 | L14: ='Input Scenarios'!L14 -> 0.25 | M14: ='Input Scenarios'!M14 -> 0.25 | N14: ='Input Scenarios'!N14 -> 0.25 | O14: ='Input Scenarios'!O14 -> 0.25 | P14: ='Input Scenarios'!P14 -> 0.25 | Q14: ='Input Scenarios'!Q14 -> 0.25 | R14: ='Input Scenarios'!R14 -> TRUE | S14: =IF('Input Scenarios'!S14<>"", 'Input Scenarios'!S14, IF(R14, Constants!$B$38, 0)) -> 0.2 | T14: =IF('Input Scenarios'!T14<>"", 'Input Scenarios'!T14, "") | U14: =IF('Input Scenarios'!U14<>"", 'Input Scenarios'!U14, IF(W14<>"", "", Constants!$B$39)) -> 4 | V14: =IF('Input Scenarios'!V14<>"", 'Input Scenarios'!V14, IF(W14<>"", "", Constants!$B$40)) -> 3.3 | W14: =IF('Input Scenarios'!W14<>"", 'Input Scenarios'!W14, "") | X14: ='Input Scenarios'!X14 -> Medium Friesian | Y14: ='Input Scenarios'!Y14 -> bullsLt1Weaned | Z14: ='Input Scenarios'!Z14 -> 200 | AA14: =IF('Input Scenarios'!AA14<>"", 'Input Scenarios'!AA14, _xlfn.XLOOKUP(Y14,Constants!$J$6:$J$12,Constants!$K$6:$K$12)) -> 281 | AB14: =IF('Input Scenarios'!AB14<>"", 'Input Scenarios'!AB14, INDEX(Constants!$B$2:$H$11, MATCH(X14, Constants!$A$2:$A$11, 0), MATCH(Y14,Constants!$B$1:$H$1, 0))) -> 225 | AC14: =IF('Input Scenarios'!AC14<>"", 'Input Scenarios'!AC14, _xlfn.XLOOKUP(Y14, Constants!$B$13:$H$13, Constants!$B$15:$H$15, "")) -> 0.8 | AD14: =IF('Input Scenarios'!AD14<>"", 'Input Scenarios'!AD14, Constants!$B$45) -> 0.75 | AE14: =IF('Input Scenarios'!AE14<>"", 'Input Scenarios'!AE14, Constants!$B$46) -> 0.2 | AF14: =IF($Y14="milkingCows",($H14*J14)+($I14*N14), 0) -> 0 | AG14: =IF($Y14="milkingCows",($H14*K14)+($I14*O14), 0) -> 0 | AH14: =IF($Y14="milkingCows",($H14*L14)+($I14*P14), 0) -> 0 | AI14: =IF($Y14="milkingCows",($H14*M14)+($I14*Q14), 0) -> 0 | AJ14: =IF($Y14="milkingCows",G14, 1) -> 1 | AK14: =IF(Y14="milkingCows", IF(W14<>"", W14, T14/((U14+V14)*0.01)), 0) -> 0 | AL14: =Constants!$B$44 -> 1.03 | AM14: =Constants!$B$41 -> 3.054 | AN14: =Constants!$B$42 -> 18.4 | AO14: =Constants!$B$43 -> 0.6 | AP14: =0.795*(AD14)-0.0014 -> 0.59485 | AQ14: =(AK14*AL14*AM14)/(AN14*AO14*AP14) -> 0 | AR14: =IF(Y14="milkingCows", Constants!$P$2, Constants!$P$3) -> 1 | AS14: =IFERROR(((((1.185 + (0.00454*AB14) - (0.0000026*(AB14^2)) + (0.315*AC14))^2)*AR14)+AQ14), "") -> 5.4143473 | AT14: =Constants!$B$47 -> 0.08 | AU14: =IFERROR((AS14*(1-AD14)+(0.04*AS14))*(1-AT14), "") -> 1.4445479 | AV14: =AF14*(1-S14) -> 0 | AW14: =AG14 -> 0 | AX14: =AH14 -> 0 | AY14: =AI14+(AF14*S14) -> 0 | AZ14: =AJ14 -> 1 | BA14: =_xlfn.XLOOKUP($A14, Constants!$E$18:$L$18,Constants!$E$19:$L$19) -> 0.76 | BB14: =_xlfn.XLOOKUP($A14, Constants!$E$18:$L$18,Constants!$E$20:$L$20) -> 0.005 | BC14: =_xlfn.XLOOKUP($A14, Constants!$E$18:$L$18,Constants!$E$21:$L$21) -> 0.18 | BD14: =_xlfn.XLOOKUP($A14, Constants!$E$18:$L$18,Constants!$E$22:$L$22) -> 0.02 | BE14: =_xlfn.XLOOKUP($A14, Constants!$E$18:$L$18,Constants!$E$23:$L$23) -> 0.01 | BF14: =Constants!$B$48 -> 0.24 | BG14: =Constants!$B$49 -> 0.6784 | BH14: =IF(ISNUMBER(FIND("PreWeaned",$Y14)), "", $AU14*AV14*BA14*$BF14*$BG14) -> 0 | BI14: =IF(ISNUMBER(FIND("PreWeaned",$Y14)), "", $AU14*AW14*BB14*$BF14*$BG14) -> 0 | BJ14: =IF(ISNUMBER(FIND("PreWeaned",$Y14)), "", $AU14*AX14*BC14*$BF14*$BG14) -> 0 | BK14: =IF(ISNUMBER(FIND("PreWeaned",$Y14)), "", $AU14*AY14*BD14*$BF14*$BG14) -> 0 | BL14: =IF(ISNUMBER(FIND("PreWeaned",$Y14)), "", $AU14*AZ14*BE14*$BF14*$BG14) -> 0.002351955 | BM14: =IF(ISNUMBER(FIND("PreWeaned",Y14)),_xlfn.XLOOKUP(Y14,Constants!$J$2:$J$3,Constants!$K$2:$K$3), "") | BN14: =Z14*AA14*SUM(BH14:BM14) -> 132.17987
A15: ='Input Scenarios'!A15 -> QLD | B15: ='Input Scenarios'!B15 -> 0 | C15: ='Input Scenarios'!C15 -> Non-irrigated crop (high rainfall) | D15: ='Input Scenarios'!D15 -> wet | E15: ='Input Scenarios'!E15 -> TRUE | F15: ='Input Scenarios'!F15 -> Limited feedpad | G15: =IF('Input Scenarios'!G15<>"", 'Input Scenarios'!G15, _xlfn.XLOOKUP($F15, Constants!$M$6:$M$9,Constants!N$6:N$9)) -> 0.79 | H15: =IF('Input Scenarios'!H15<>"", 'Input Scenarios'!H15, _xlfn.XLOOKUP($F15, Constants!$M$6:$M$9,Constants!O$6:O$9)) -> 0.11 | I15: =IF('Input Scenarios'!I15<>"", 'Input Scenarios'!I15, _xlfn.XLOOKUP($F15, Constants!$M$6:$M$9,Constants!P$6:P$9)) -> 0.1 | J15: ='Input Scenarios'!J15 -> 0 | K15: ='Input Scenarios'!K15 -> 0 | L15: ='Input Scenarios'!L15 -> 1 | M15: ='Input Scenarios'!M15 -> 0 | N15: ='Input Scenarios'!N15 -> 1 | O15: ='Input Scenarios'!O15 -> 0 | P15: ='Input Scenarios'!P15 -> 0 | Q15: ='Input Scenarios'!Q15 -> 0 | R15: ='Input Scenarios'!R15 -> TRUE | S15: =IF('Input Scenarios'!S15<>"", 'Input Scenarios'!S15, IF(R15, Constants!$B$38, 0)) -> 0.2 | T15: =IF('Input Scenarios'!T15<>"", 'Input Scenarios'!T15, "") -> 3 | U15: =IF('Input Scenarios'!U15<>"", 'Input Scenarios'!U15, IF(W15<>"", "", Constants!$B$39)) -> 4 | V15: =IF('Input Scenarios'!V15<>"", 'Input Scenarios'!V15, IF(W15<>"", "", Constants!$B$40)) -> 3.3 | W15: =IF('Input Scenarios'!W15<>"", 'Input Scenarios'!W15, "") | X15: ='Input Scenarios'!X15 -> Large Friesian | Y15: ='Input Scenarios'!Y15 -> milkingCows | Z15: ='Input Scenarios'!Z15 -> 200 | AA15: =IF('Input Scenarios'!AA15<>"", 'Input Scenarios'!AA15, _xlfn.XLOOKUP(Y15,Constants!$J$6:$J$12,Constants!$K$6:$K$12)) -> 365 | AB15: =IF('Input Scenarios'!AB15<>"", 'Input Scenarios'!AB15, INDEX(Constants!$B$2:$H$11, MATCH(X15, Constants!$A$2:$A$11, 0), MATCH(Y15,Constants!$B$1:$H$1, 0))) -> 600 | AC15: =IF('Input Scenarios'!AC15<>"", 'Input Scenarios'!AC15, _xlfn.XLOOKUP(Y15, Constants!$B$13:$H$13, Constants!$B$15:$H$15, "")) -> 0.016 | AD15: =IF('Input Scenarios'!AD15<>"", 'Input Scenarios'!AD15, Constants!$B$45) -> 0.75 | AE15: =IF('Input Scenarios'!AE15<>"", 'Input Scenarios'!AE15, Constants!$B$46) -> 0.2 | AF15: =IF($Y15="milkingCows",($H15*J15)+($I15*N15), 0) -> 0.1 | AG15: =IF($Y15="milkingCows",($H15*K15)+($I15*O15), 0) -> 0 | AH15: =IF($Y15="milkingCows",($H15*L15)+($I15*P15), 0) -> 0.11 | AI15: =IF($Y15="milkingCows",($H15*M15)+($I15*Q15), 0) -> 0 | AJ15: =IF($Y15="milkingCows",G15, 1) -> 0.79 | AK15: =IF(Y15="milkingCows", IF(W15<>"", W15, T15/((U15+V15)*0.01)), 0) -> 41.09589 | AL15: =Constants!$B$44 -> 1.03 | AM15: =Constants!$B$41 -> 3.054 | AN15: =Constants!$B$42 -> 18.4 | AO15: =Constants!$B$43 -> 0.6 | AP15: =0.795*(AD15)-0.0014 -> 0.59485 | AQ15: =(AK15*AL15*AM15)/(AN15*AO15*AP15) -> 19.684669 | AR15: =IF(Y15="milkingCows", Constants!$P$2, Constants!$P$3) -> 1.1 | AS15: =IFERROR(((((1.185 + (0.00454*AB15) - (0.0000026*(AB15^2)) + (0.315*AC15))^2)*AR15)+AQ15), "") -> 29.440263 | AT15: =Constants!$B$47 -> 0.08 | AU15: =IFERROR((AS15*(1-AD15)+(0.04*AS15))*(1-AT15), "") -> 7.8546622 | AV15: =AF15*(1-S15) -> 0.08 | AW15: =AG15 -> 0 | AX15: =AH15 -> 0.11 | AY15: =AI15+(AF15*S15) -> 0.02 | AZ15: =AJ15 -> 0.79 | BA15: =_xlfn.XLOOKUP($A15, Constants!$E$18:$L$18,Constants!$E$19:$L$19) -> 0.78 | BB15: =_xlfn.XLOOKUP($A15, Constants!$E$18:$L$18,Constants!$E$20:$L$20) -> 0.005 | BC15: =_xlfn.XLOOKUP($A15, Constants!$E$18:$L$18,Constants!$E$21:$L$21) -> 0.24 | BD15: =_xlfn.XLOOKUP($A15, Constants!$E$18:$L$18,Constants!$E$22:$L$22) -> 0.02 | BE15: =_xlfn.XLOOKUP($A15, Constants!$E$18:$L$18,Constants!$E$23:$L$23) -> 0.01 | BF15: =Constants!$B$48 -> 0.24 | BG15: =Constants!$B$49 -> 0.6784 | BH15: =IF(ISNUMBER(FIND("PreWeaned",$Y15)), "", $AU15*AV15*BA15*$BF15*$BG15) -> 0.079801157 | BI15: =IF(ISNUMBER(FIND("PreWeaned",$Y15)), "", $AU15*AW15*BB15*$BF15*$BG15) -> 0 | BJ15: =IF(ISNUMBER(FIND("PreWeaned",$Y15)), "", $AU15*AX15*BC15*$BF15*$BG15) -> 0.033762028 | BK15: =IF(ISNUMBER(FIND("PreWeaned",$Y15)), "", $AU15*AY15*BD15*$BF15*$BG15) -> 0.00051154588 | BL15: =IF(ISNUMBER(FIND("PreWeaned",$Y15)), "", $AU15*AZ15*BE15*$BF15*$BG15) -> 0.010103031 | BM15: =IF(ISNUMBER(FIND("PreWeaned",Y15)),_xlfn.XLOOKUP(Y15,Constants!$J$2:$J$3,Constants!$K$2:$K$3), "") | BN15: =Z15*AA15*SUM(BH15:BM15) -> 9064.9766 | BO15: =SUM(BN15:BN21)/1000 -> 10.475977
A16: ='Input Scenarios'!A16 -> QLD | B16: ='Input Scenarios'!B16 -> 0 | C16: ='Input Scenarios'!C16 -> Non-irrigated crop (high rainfall) | D16: ='Input Scenarios'!D16 -> wet | E16: ='Input Scenarios'!E16 -> TRUE | F16: ='Input Scenarios'!F16 -> Limited feedpad | G16: =IF('Input Scenarios'!G16<>"", 'Input Scenarios'!G16, _xlfn.XLOOKUP($F16, Constants!$M$6:$M$9,Constants!N$6:N$9)) -> 0.79 | H16: =IF('Input Scenarios'!H16<>"", 'Input Scenarios'!H16, _xlfn.XLOOKUP($F16, Constants!$M$6:$M$9,Constants!O$6:O$9)) -> 0.11 | I16: =IF('Input Scenarios'!I16<>"", 'Input Scenarios'!I16, _xlfn.XLOOKUP($F16, Constants!$M$6:$M$9,Constants!P$6:P$9)) -> 0.1 | J16: ='Input Scenarios'!J16 -> 0 | K16: ='Input Scenarios'!K16 -> 0 | L16: ='Input Scenarios'!L16 -> 1 | M16: ='Input Scenarios'!M16 -> 0 | N16: ='Input Scenarios'!N16 -> 1 | O16: ='Input Scenarios'!O16 -> 0 | P16: ='Input Scenarios'!P16 -> 0 | Q16: ='Input Scenarios'!Q16 -> 0 | R16: ='Input Scenarios'!R16 -> TRUE | S16: =IF('Input Scenarios'!S16<>"", 'Input Scenarios'!S16, IF(R16, Constants!$B$38, 0)) -> 0.2 | T16: =IF('Input Scenarios'!T16<>"", 'Input Scenarios'!T16, "") | U16: =IF('Input Scenarios'!U16<>"", 'Input Scenarios'!U16, IF(W16<>"", "", Constants!$B$39)) -> 4 | V16: =IF('Input Scenarios'!V16<>"", 'Input Scenarios'!V16, IF(W16<>"", "", Constants!$B$40)) -> 3.3 | W16: =IF('Input Scenarios'!W16<>"", 'Input Scenarios'!W16, "") | X16: ='Input Scenarios'!X16 -> Large Friesian | Y16: ='Input Scenarios'!Y16 -> heifersGt1 | Z16: ='Input Scenarios'!Z16 -> 200 | AA16: =IF('Input Scenarios'!AA16<>"", 'Input Scenarios'!AA16, _xlfn.XLOOKUP(Y16,Constants!$J$6:$J$12,Constants!$K$6:$K$12)) -> 365 | AB16: =IF('Input Scenarios'!AB16<>"", 'Input Scenarios'!AB16, INDEX(Constants!$B$2:$H$11, MATCH(X16, Constants!$A$2:$A$11, 0), MATCH(Y16,Constants!$B$1:$H$1, 0))) -> 415 | AC16: =IF('Input Scenarios'!AC16<>"", 'Input Scenarios'!AC16, _xlfn.XLOOKUP(Y16, Constants!$B$13:$H$13, Constants!$B$15:$H$15, "")) -> 0.6 | AD16: =IF('Input Scenarios'!AD16<>"", 'Input Scenarios'!AD16, Constants!$B$45) -> 0.75 | AE16: =IF('Input Scenarios'!AE16<>"", 'Input Scenarios'!AE16, Constants!$B$46) -> 0.2 | AF16: =IF($Y16="milkingCows",($H16*J16)+($I16*N16), 0) -> 0 | AG16: =IF($Y16="milkingCows",($H16*K16)+($I16*O16), 0) -> 0 | AH16: =IF($Y16="milkingCows",($H16*L16)+($I16*P16), 0) -> 0 | AI16: =IF($Y16="milkingCows",($H16*M16)+($I16*Q16), 0) -> 0 | AJ16: =IF($Y16="milkingCows",G16, 1) -> 1 | AK16: =IF(Y16="milkingCows", IF(W16<>"", W16, T16/((U16+V16)*0.01)), 0) -> 0 | AL16: =Constants!$B$44 -> 1.03 | AM16: =Constants!$B$41 -> 3.054 | AN16: =Constants!$B$42 -> 18.4 | AO16: =Constants!$B$43 -> 0.6 | AP16: =0.795*(AD16)-0.0014 -> 0.59485 | AQ16: =(AK16*AL16*AM16)/(AN16*AO16*AP16) -> 0 | AR16: =IF(Y16="milkingCows", Constants!$P$2, Constants!$P$3) -> 1 | AS16: =IFERROR(((((1.185 + (0.00454*AB16) - (0.0000026*(AB16^2)) + (0.315*AC16))^2)*AR16)+AQ16), "") -> 7.8978704 | AT16: =Constants!$B$47 -> 0.08 | AU16: =IFERROR((AS16*(1-AD16)+(0.04*AS16))*(1-AT16), "") -> 2.1071518 | AV16: =AF16*(1-S16) -> 0 | AW16: =AG16 -> 0 | AX16: =AH16 -> 0 | AY16: =AI16+(AF16*S16) -> 0 | AZ16: =AJ16 -> 1 | BA16: =_xlfn.XLOOKUP($A16, Constants!$E$18:$L$18,Constants!$E$19:$L$19) -> 0.78 | BB16: =_xlfn.XLOOKUP($A16, Constants!$E$18:$L$18,Constants!$E$20:$L$20) -> 0.005 | BC16: =_xlfn.XLOOKUP($A16, Constants!$E$18:$L$18,Constants!$E$21:$L$21) -> 0.24 | BD16: =_xlfn.XLOOKUP($A16, Constants!$E$18:$L$18,Constants!$E$22:$L$22) -> 0.02 | BE16: =_xlfn.XLOOKUP($A16, Constants!$E$18:$L$18,Constants!$E$23:$L$23) -> 0.01 | BF16: =Constants!$B$48 -> 0.24 | BG16: =Constants!$B$49 -> 0.6784 | BH16: =IF(ISNUMBER(FIND("PreWeaned",$Y16)), "", $AU16*AV16*BA16*$BF16*$BG16) -> 0 | BI16: =IF(ISNUMBER(FIND("PreWeaned",$Y16)), "", $AU16*AW16*BB16*$BF16*$BG16) -> 0 | BJ16: =IF(ISNUMBER(FIND("PreWeaned",$Y16)), "", $AU16*AX16*BC16*$BF16*$BG16) -> 0 | BK16: =IF(ISNUMBER(FIND("PreWeaned",$Y16)), "", $AU16*AY16*BD16*$BF16*$BG16) -> 0 | BL16: =IF(ISNUMBER(FIND("PreWeaned",$Y16)), "", $AU16*AZ16*BE16*$BF16*$BG16) -> 0.0034307803 | BM16: =IF(ISNUMBER(FIND("PreWeaned",Y16)),_xlfn.XLOOKUP(Y16,Constants!$J$2:$J$3,Constants!$K$2:$K$3), "") | BN16: =Z16*AA16*SUM(BH16:BM16) -> 250.44696
A17: ='Input Scenarios'!A17 -> QLD | B17: ='Input Scenarios'!B17 -> 0 | C17: ='Input Scenarios'!C17 -> Non-irrigated crop (high rainfall) | D17: ='Input Scenarios'!D17 -> wet | E17: ='Input Scenarios'!E17 -> TRUE | F17: ='Input Scenarios'!F17 -> Limited feedpad | G17: =IF('Input Scenarios'!G17<>"", 'Input Scenarios'!G17, _xlfn.XLOOKUP($F17, Constants!$M$6:$M$9,Constants!N$6:N$9)) -> 0.79 | H17: =IF('Input Scenarios'!H17<>"", 'Input Scenarios'!H17, _xlfn.XLOOKUP($F17, Constants!$M$6:$M$9,Constants!O$6:O$9)) -> 0.11 | I17: =IF('Input Scenarios'!I17<>"", 'Input Scenarios'!I17, _xlfn.XLOOKUP($F17, Constants!$M$6:$M$9,Constants!P$6:P$9)) -> 0.1 | J17: ='Input Scenarios'!J17 -> 0 | K17: ='Input Scenarios'!K17 -> 0 | L17: ='Input Scenarios'!L17 -> 1 | M17: ='Input Scenarios'!M17 -> 0 | N17: ='Input Scenarios'!N17 -> 1 | O17: ='Input Scenarios'!O17 -> 0 | P17: ='Input Scenarios'!P17 -> 0 | Q17: ='Input Scenarios'!Q17 -> 0 | R17: ='Input Scenarios'!R17 -> TRUE | S17: =IF('Input Scenarios'!S17<>"", 'Input Scenarios'!S17, IF(R17, Constants!$B$38, 0)) -> 0.2 | T17: =IF('Input Scenarios'!T17<>"", 'Input Scenarios'!T17, "") | U17: =IF('Input Scenarios'!U17<>"", 'Input Scenarios'!U17, IF(W17<>"", "", Constants!$B$39)) -> 4 | V17: =IF('Input Scenarios'!V17<>"", 'Input Scenarios'!V17, IF(W17<>"", "", Constants!$B$40)) -> 3.3 | W17: =IF('Input Scenarios'!W17<>"", 'Input Scenarios'!W17, "") | X17: ='Input Scenarios'!X17 -> Large Friesian | Y17: ='Input Scenarios'!Y17 -> heifersLt1PreWeaned | Z17: ='Input Scenarios'!Z17 -> 200 | AA17: =IF('Input Scenarios'!AA17<>"", 'Input Scenarios'!AA17, _xlfn.XLOOKUP(Y17,Constants!$J$6:$J$12,Constants!$K$6:$K$12)) -> 84 | AB17: =IF('Input Scenarios'!AB17<>"", 'Input Scenarios'!AB17, INDEX(Constants!$B$2:$H$11, MATCH(X17, Constants!$A$2:$A$11, 0), MATCH(Y17,Constants!$B$1:$H$1, 0))) -> 170 | AC17: =IF('Input Scenarios'!AC17<>"", 'Input Scenarios'!AC17, _xlfn.XLOOKUP(Y17, Constants!$B$13:$H$13, Constants!$B$15:$H$15, "")) | AD17: =IF('Input Scenarios'!AD17<>"", 'Input Scenarios'!AD17, Constants!$B$45) -> 0.75 | AE17: =IF('Input Scenarios'!AE17<>"", 'Input Scenarios'!AE17, Constants!$B$46) -> 0.2 | AF17: =IF($Y17="milkingCows",($H17*J17)+($I17*N17), 0) -> 0 | AG17: =IF($Y17="milkingCows",($H17*K17)+($I17*O17), 0) -> 0 | AH17: =IF($Y17="milkingCows",($H17*L17)+($I17*P17), 0) -> 0 | AI17: =IF($Y17="milkingCows",($H17*M17)+($I17*Q17), 0) -> 0 | AJ17: =IF($Y17="milkingCows",G17, 1) -> 1 | AK17: =IF(Y17="milkingCows", IF(W17<>"", W17, T17/((U17+V17)*0.01)), 0) -> 0 | AL17: =Constants!$B$44 -> 1.03 | AM17: =Constants!$B$41 -> 3.054 | AN17: =Constants!$B$42 -> 18.4 | AO17: =Constants!$B$43 -> 0.6 | AP17: =0.795*(AD17)-0.0014 -> 0.59485 | AQ17: =(AK17*AL17*AM17)/(AN17*AO17*AP17) -> 0 | AR17: =IF(Y17="milkingCows", Constants!$P$2, Constants!$P$3) -> 1 | AS17: =IFERROR(((((1.185 + (0.00454*AB17) - (0.0000026*(AB17^2)) + (0.315*AC17))^2)*AR17)+AQ17), "") | AT17: =Constants!$B$47 -> 0.08 | AU17: =IFERROR((AS17*(1-AD17)+(0.04*AS17))*(1-AT17), "") | AV17: =AF17*(1-S17) -> 0 | AW17: =AG17 -> 0 | AX17: =AH17 -> 0 | AY17: =AI17+(AF17*S17) -> 0 | AZ17: =AJ17 -> 1 | BA17: =_xlfn.XLOOKUP($A17, Constants!$E$18:$L$18,Constants!$E$19:$L$19) -> 0.78 | BB17: =_xlfn.XLOOKUP($A17, Constants!$E$18:$L$18,Constants!$E$20:$L$20) -> 0.005 | BC17: =_xlfn.XLOOKUP($A17, Constants!$E$18:$L$18,Constants!$E$21:$L$21) -> 0.24 | BD17: =_xlfn.XLOOKUP($A17, Constants!$E$18:$L$18,Constants!$E$22:$L$22) -> 0.02 | BE17: =_xlfn.XLOOKUP($A17, Constants!$E$18:$L$18,Constants!$E$23:$L$23) -> 0.01 | BF17: =Constants!$B$48 -> 0.24 | BG17: =Constants!$B$49 -> 0.6784 | BH17: =IF(ISNUMBER(FIND("PreWeaned",$Y17)), "", $AU17*AV17*BA17*$BF17*$BG17) | BI17: =IF(ISNUMBER(FIND("PreWeaned",$Y17)), "", $AU17*AW17*BB17*$BF17*$BG17) | BJ17: =IF(ISNUMBER(FIND("PreWeaned",$Y17)), "", $AU17*AX17*BC17*$BF17*$BG17) | BK17: =IF(ISNUMBER(FIND("PreWeaned",$Y17)), "", $AU17*AY17*BD17*$BF17*$BG17) | BL17: =IF(ISNUMBER(FIND("PreWeaned",$Y17)), "", $AU17*AZ17*BE17*$BF17*$BG17) | BM17: =IF(ISNUMBER(FIND("PreWeaned",Y17)),_xlfn.XLOOKUP(Y17,Constants!$J$2:$J$3,Constants!$K$2:$K$3), "") -> 0.0176 | BN17: =Z17*AA17*SUM(BH17:BM17) -> 295.68
A18: ='Input Scenarios'!A18 -> QLD | B18: ='Input Scenarios'!B18 -> 0 | C18: ='Input Scenarios'!C18 -> Non-irrigated crop (high rainfall) | D18: ='Input Scenarios'!D18 -> wet | E18: ='Input Scenarios'!E18 -> TRUE | F18: ='Input Scenarios'!F18 -> Limited feedpad | G18: =IF('Input Scenarios'!G18<>"", 'Input Scenarios'!G18, _xlfn.XLOOKUP($F18, Constants!$M$6:$M$9,Constants!N$6:N$9)) -> 0.79 | H18: =IF('Input Scenarios'!H18<>"", 'Input Scenarios'!H18, _xlfn.XLOOKUP($F18, Constants!$M$6:$M$9,Constants!O$6:O$9)) -> 0.11 | I18: =IF('Input Scenarios'!I18<>"", 'Input Scenarios'!I18, _xlfn.XLOOKUP($F18, Constants!$M$6:$M$9,Constants!P$6:P$9)) -> 0.1 | J18: ='Input Scenarios'!J18 -> 0 | K18: ='Input Scenarios'!K18 -> 0 | L18: ='Input Scenarios'!L18 -> 1 | M18: ='Input Scenarios'!M18 -> 0 | N18: ='Input Scenarios'!N18 -> 1 | O18: ='Input Scenarios'!O18 -> 0 | P18: ='Input Scenarios'!P18 -> 0 | Q18: ='Input Scenarios'!Q18 -> 0 | R18: ='Input Scenarios'!R18 -> TRUE | S18: =IF('Input Scenarios'!S18<>"", 'Input Scenarios'!S18, IF(R18, Constants!$B$38, 0)) -> 0.2 | T18: =IF('Input Scenarios'!T18<>"", 'Input Scenarios'!T18, "") | U18: =IF('Input Scenarios'!U18<>"", 'Input Scenarios'!U18, IF(W18<>"", "", Constants!$B$39)) -> 4 | V18: =IF('Input Scenarios'!V18<>"", 'Input Scenarios'!V18, IF(W18<>"", "", Constants!$B$40)) -> 3.3 | W18: =IF('Input Scenarios'!W18<>"", 'Input Scenarios'!W18, "") | X18: ='Input Scenarios'!X18 -> Large Friesian | Y18: ='Input Scenarios'!Y18 -> heifersLt1Weaned | Z18: ='Input Scenarios'!Z18 -> 200 | AA18: =IF('Input Scenarios'!AA18<>"", 'Input Scenarios'!AA18, _xlfn.XLOOKUP(Y18,Constants!$J$6:$J$12,Constants!$K$6:$K$12)) -> 281 | AB18: =IF('Input Scenarios'!AB18<>"", 'Input Scenarios'!AB18, INDEX(Constants!$B$2:$H$11, MATCH(X18, Constants!$A$2:$A$11, 0), MATCH(Y18,Constants!$B$1:$H$1, 0))) -> 170 | AC18: =IF('Input Scenarios'!AC18<>"", 'Input Scenarios'!AC18, _xlfn.XLOOKUP(Y18, Constants!$B$13:$H$13, Constants!$B$15:$H$15, "")) -> 0.57 | AD18: =IF('Input Scenarios'!AD18<>"", 'Input Scenarios'!AD18, Constants!$B$45) -> 0.75 | AE18: =IF('Input Scenarios'!AE18<>"", 'Input Scenarios'!AE18, Constants!$B$46) -> 0.2 | AF18: =IF($Y18="milkingCows",($H18*J18)+($I18*N18), 0) -> 0 | AG18: =IF($Y18="milkingCows",($H18*K18)+($I18*O18), 0) -> 0 | AH18: =IF($Y18="milkingCows",($H18*L18)+($I18*P18), 0) -> 0 | AI18: =IF($Y18="milkingCows",($H18*M18)+($I18*Q18), 0) -> 0 | AJ18: =IF($Y18="milkingCows",G18, 1) -> 1 | AK18: =IF(Y18="milkingCows", IF(W18<>"", W18, T18/((U18+V18)*0.01)), 0) -> 0 | AL18: =Constants!$B$44 -> 1.03 | AM18: =Constants!$B$41 -> 3.054 | AN18: =Constants!$B$42 -> 18.4 | AO18: =Constants!$B$43 -> 0.6 | AP18: =0.795*(AD18)-0.0014 -> 0.59485 | AQ18: =(AK18*AL18*AM18)/(AN18*AO18*AP18) -> 0 | AR18: =IF(Y18="milkingCows", Constants!$P$2, Constants!$P$3) -> 1 | AS18: =IFERROR(((((1.185 + (0.00454*AB18) - (0.0000026*(AB18^2)) + (0.315*AC18))^2)*AR18)+AQ18), "") -> 4.2485867 | AT18: =Constants!$B$47 -> 0.08 | AU18: =IFERROR((AS18*(1-AD18)+(0.04*AS18))*(1-AT18), "") -> 1.1335229 | AV18: =AF18*(1-S18) -> 0 | AW18: =AG18 -> 0 | AX18: =AH18 -> 0 | AY18: =AI18+(AF18*S18) -> 0 | AZ18: =AJ18 -> 1 | BA18: =_xlfn.XLOOKUP($A18, Constants!$E$18:$L$18,Constants!$E$19:$L$19) -> 0.78 | BB18: =_xlfn.XLOOKUP($A18, Constants!$E$18:$L$18,Constants!$E$20:$L$20) -> 0.005 | BC18: =_xlfn.XLOOKUP($A18, Constants!$E$18:$L$18,Constants!$E$21:$L$21) -> 0.24 | BD18: =_xlfn.XLOOKUP($A18, Constants!$E$18:$L$18,Constants!$E$22:$L$22) -> 0.02 | BE18: =_xlfn.XLOOKUP($A18, Constants!$E$18:$L$18,Constants!$E$23:$L$23) -> 0.01 | BF18: =Constants!$B$48 -> 0.24 | BG18: =Constants!$B$49 -> 0.6784 | BH18: =IF(ISNUMBER(FIND("PreWeaned",$Y18)), "", $AU18*AV18*BA18*$BF18*$BG18) -> 0 | BI18: =IF(ISNUMBER(FIND("PreWeaned",$Y18)), "", $AU18*AW18*BB18*$BF18*$BG18) -> 0 | BJ18: =IF(ISNUMBER(FIND("PreWeaned",$Y18)), "", $AU18*AX18*BC18*$BF18*$BG18) -> 0 | BK18: =IF(ISNUMBER(FIND("PreWeaned",$Y18)), "", $AU18*AY18*BD18*$BF18*$BG18) -> 0 | BL18: =IF(ISNUMBER(FIND("PreWeaned",$Y18)), "", $AU18*AZ18*BE18*$BF18*$BG18) -> 0.0018455567 | BM18: =IF(ISNUMBER(FIND("PreWeaned",Y18)),_xlfn.XLOOKUP(Y18,Constants!$J$2:$J$3,Constants!$K$2:$K$3), "") | BN18: =Z18*AA18*SUM(BH18:BM18) -> 103.72029
A19: ='Input Scenarios'!A19 -> QLD | B19: ='Input Scenarios'!B19 -> 0 | C19: ='Input Scenarios'!C19 -> Non-irrigated crop (high rainfall) | D19: ='Input Scenarios'!D19 -> wet | E19: ='Input Scenarios'!E19 -> TRUE | F19: ='Input Scenarios'!F19 -> Limited feedpad | G19: =IF('Input Scenarios'!G19<>"", 'Input Scenarios'!G19, _xlfn.XLOOKUP($F19, Constants!$M$6:$M$9,Constants!N$6:N$9)) -> 0.79 | H19: =IF('Input Scenarios'!H19<>"", 'Input Scenarios'!H19, _xlfn.XLOOKUP($F19, Constants!$M$6:$M$9,Constants!O$6:O$9)) -> 0.11 | I19: =IF('Input Scenarios'!I19<>"", 'Input Scenarios'!I19, _xlfn.XLOOKUP($F19, Constants!$M$6:$M$9,Constants!P$6:P$9)) -> 0.1 | J19: ='Input Scenarios'!J19 -> 0 | K19: ='Input Scenarios'!K19 -> 0 | L19: ='Input Scenarios'!L19 -> 1 | M19: ='Input Scenarios'!M19 -> 0 | N19: ='Input Scenarios'!N19 -> 1 | O19: ='Input Scenarios'!O19 -> 0 | P19: ='Input Scenarios'!P19 -> 0 | Q19: ='Input Scenarios'!Q19 -> 0 | R19: ='Input Scenarios'!R19 -> TRUE | S19: =IF('Input Scenarios'!S19<>"", 'Input Scenarios'!S19, IF(R19, Constants!$B$38, 0)) -> 0.2 | T19: =IF('Input Scenarios'!T19<>"", 'Input Scenarios'!T19, "") | U19: =IF('Input Scenarios'!U19<>"", 'Input Scenarios'!U19, IF(W19<>"", "", Constants!$B$39)) -> 4 | V19: =IF('Input Scenarios'!V19<>"", 'Input Scenarios'!V19, IF(W19<>"", "", Constants!$B$40)) -> 3.3 | W19: =IF('Input Scenarios'!W19<>"", 'Input Scenarios'!W19, "") | X19: ='Input Scenarios'!X19 -> Large Friesian | Y19: ='Input Scenarios'!Y19 -> bullsGt1 | Z19: ='Input Scenarios'!Z19 -> 200 | AA19: =IF('Input Scenarios'!AA19<>"", 'Input Scenarios'!AA19, _xlfn.XLOOKUP(Y19,Constants!$J$6:$J$12,Constants!$K$6:$K$12)) -> 365 | AB19: =IF('Input Scenarios'!AB19<>"", 'Input Scenarios'!AB19, INDEX(Constants!$B$2:$H$11, MATCH(X19, Constants!$A$2:$A$11, 0), MATCH(Y19,Constants!$B$1:$H$1, 0))) -> 600 | AC19: =IF('Input Scenarios'!AC19<>"", 'Input Scenarios'!AC19, _xlfn.XLOOKUP(Y19, Constants!$B$13:$H$13, Constants!$B$15:$H$15, "")) -> 0.1 | AD19: =IF('Input Scenarios'!AD19<>"", 'Input Scenarios'!AD19, Constants!$B$45) -> 0.75 | AE19: =IF('Input Scenarios'!AE19<>"", 'Input Scenarios'!AE19, Constants!$B$46) -> 0.2 | AF19: =IF($Y19="milkingCows",($H19*J19)+($I19*N19), 0) -> 0 | AG19: =IF($Y19="milkingCows",($H19*K19)+($I19*O19), 0) -> 0 | AH19: =IF($Y19="milkingCows",($H19*L19)+($I19*P19), 0) -> 0 | AI19: =IF($Y19="milkingCows",($H19*M19)+($I19*Q19), 0) -> 0 | AJ19: =IF($Y19="milkingCows",G19, 1) -> 1 | AK19: =IF(Y19="milkingCows", IF(W19<>"", W19, T19/((U19+V19)*0.01)), 0) -> 0 | AL19: =Constants!$B$44 -> 1.03 | AM19: =Constants!$B$41 -> 3.054 | AN19: =Constants!$B$42 -> 18.4 | AO19: =Constants!$B$43 -> 0.6 | AP19: =0.795*(AD19)-0.0014 -> 0.59485 | AQ19: =(AK19*AL19*AM19)/(AN19*AO19*AP19) -> 0 | AR19: =IF(Y19="milkingCows", Constants!$P$2, Constants!$P$3) -> 1 | AS19: =IFERROR(((((1.185 + (0.00454*AB19) - (0.0000026*(AB19^2)) + (0.315*AC19))^2)*AR19)+AQ19), "") -> 9.0270202 | AT19: =Constants!$B$47 -> 0.08 | AU19: =IFERROR((AS19*(1-AD19)+(0.04*AS19))*(1-AT19), "") -> 2.408409 | AV19: =AF19*(1-S19) -> 0 | AW19: =AG19 -> 0 | AX19: =AH19 -> 0 | AY19: =AI19+(AF19*S19) -> 0 | AZ19: =AJ19 -> 1 | BA19: =_xlfn.XLOOKUP($A19, Constants!$E$18:$L$18,Constants!$E$19:$L$19) -> 0.78 | BB19: =_xlfn.XLOOKUP($A19, Constants!$E$18:$L$18,Constants!$E$20:$L$20) -> 0.005 | BC19: =_xlfn.XLOOKUP($A19, Constants!$E$18:$L$18,Constants!$E$21:$L$21) -> 0.24 | BD19: =_xlfn.XLOOKUP($A19, Constants!$E$18:$L$18,Constants!$E$22:$L$22) -> 0.02 | BE19: =_xlfn.XLOOKUP($A19, Constants!$E$18:$L$18,Constants!$E$23:$L$23) -> 0.01 | BF19: =Constants!$B$48 -> 0.24 | BG19: =Constants!$B$49 -> 0.6784 | BH19: =IF(ISNUMBER(FIND("PreWeaned",$Y19)), "", $AU19*AV19*BA19*$BF19*$BG19) -> 0 | BI19: =IF(ISNUMBER(FIND("PreWeaned",$Y19)), "", $AU19*AW19*BB19*$BF19*$BG19) -> 0 | BJ19: =IF(ISNUMBER(FIND("PreWeaned",$Y19)), "", $AU19*AX19*BC19*$BF19*$BG19) -> 0 | BK19: =IF(ISNUMBER(FIND("PreWeaned",$Y19)), "", $AU19*AY19*BD19*$BF19*$BG19) -> 0 | BL19: =IF(ISNUMBER(FIND("PreWeaned",$Y19)), "", $AU19*AZ19*BE19*$BF19*$BG19) -> 0.0039212752 | BM19: =IF(ISNUMBER(FIND("PreWeaned",Y19)),_xlfn.XLOOKUP(Y19,Constants!$J$2:$J$3,Constants!$K$2:$K$3), "") | BN19: =Z19*AA19*SUM(BH19:BM19) -> 286.25309
A20: ='Input Scenarios'!A20 -> QLD | B20: ='Input Scenarios'!B20 -> 0 | C20: ='Input Scenarios'!C20 -> Non-irrigated crop (high rainfall) | D20: ='Input Scenarios'!D20 -> wet | E20: ='Input Scenarios'!E20 -> TRUE | F20: ='Input Scenarios'!F20 -> Limited feedpad | G20: =IF('Input Scenarios'!G20<>"", 'Input Scenarios'!G20, _xlfn.XLOOKUP($F20, Constants!$M$6:$M$9,Constants!N$6:N$9)) -> 0.79 | H20: =IF('Input Scenarios'!H20<>"", 'Input Scenarios'!H20, _xlfn.XLOOKUP($F20, Constants!$M$6:$M$9,Constants!O$6:O$9)) -> 0.11 | I20: =IF('Input Scenarios'!I20<>"", 'Input Scenarios'!I20, _xlfn.XLOOKUP($F20, Constants!$M$6:$M$9,Constants!P$6:P$9)) -> 0.1 | J20: ='Input Scenarios'!J20 -> 0 | K20: ='Input Scenarios'!K20 -> 0 | L20: ='Input Scenarios'!L20 -> 1 | M20: ='Input Scenarios'!M20 -> 0 | N20: ='Input Scenarios'!N20 -> 1 | O20: ='Input Scenarios'!O20 -> 0 | P20: ='Input Scenarios'!P20 -> 0 | Q20: ='Input Scenarios'!Q20 -> 0 | R20: ='Input Scenarios'!R20 -> TRUE | S20: =IF('Input Scenarios'!S20<>"", 'Input Scenarios'!S20, IF(R20, Constants!$B$38, 0)) -> 0.2 | T20: =IF('Input Scenarios'!T20<>"", 'Input Scenarios'!T20, "") | U20: =IF('Input Scenarios'!U20<>"", 'Input Scenarios'!U20, IF(W20<>"", "", Constants!$B$39)) -> 4 | V20: =IF('Input Scenarios'!V20<>"", 'Input Scenarios'!V20, IF(W20<>"", "", Constants!$B$40)) -> 3.3 | W20: =IF('Input Scenarios'!W20<>"", 'Input Scenarios'!W20, "") | X20: ='Input Scenarios'!X20 -> Large Friesian | Y20: ='Input Scenarios'!Y20 -> bullsLt1PreWeaned | Z20: ='Input Scenarios'!Z20 -> 200 | AA20: =IF('Input Scenarios'!AA20<>"", 'Input Scenarios'!AA20, _xlfn.XLOOKUP(Y20,Constants!$J$6:$J$12,Constants!$K$6:$K$12)) -> 84 | AB20: =IF('Input Scenarios'!AB20<>"", 'Input Scenarios'!AB20, INDEX(Constants!$B$2:$H$11, MATCH(X20, Constants!$A$2:$A$11, 0), MATCH(Y20,Constants!$B$1:$H$1, 0))) -> 225 | AC20: =IF('Input Scenarios'!AC20<>"", 'Input Scenarios'!AC20, _xlfn.XLOOKUP(Y20, Constants!$B$13:$H$13, Constants!$B$15:$H$15, "")) | AD20: =IF('Input Scenarios'!AD20<>"", 'Input Scenarios'!AD20, Constants!$B$45) -> 0.75 | AE20: =IF('Input Scenarios'!AE20<>"", 'Input Scenarios'!AE20, Constants!$B$46) -> 0.2 | AF20: =IF($Y20="milkingCows",($H20*J20)+($I20*N20), 0) -> 0 | AG20: =IF($Y20="milkingCows",($H20*K20)+($I20*O20), 0) -> 0 | AH20: =IF($Y20="milkingCows",($H20*L20)+($I20*P20), 0) -> 0 | AI20: =IF($Y20="milkingCows",($H20*M20)+($I20*Q20), 0) -> 0 | AJ20: =IF($Y20="milkingCows",G20, 1) -> 1 | AK20: =IF(Y20="milkingCows", IF(W20<>"", W20, T20/((U20+V20)*0.01)), 0) -> 0 | AL20: =Constants!$B$44 -> 1.03 | AM20: =Constants!$B$41 -> 3.054 | AN20: =Constants!$B$42 -> 18.4 | AO20: =Constants!$B$43 -> 0.6 | AP20: =0.795*(AD20)-0.0014 -> 0.59485 | AQ20: =(AK20*AL20*AM20)/(AN20*AO20*AP20) -> 0 | AR20: =IF(Y20="milkingCows", Constants!$P$2, Constants!$P$3) -> 1 | AS20: =IFERROR(((((1.185 + (0.00454*AB20) - (0.0000026*(AB20^2)) + (0.315*AC20))^2)*AR20)+AQ20), "") | AT20: =Constants!$B$47 -> 0.08 | AU20: =IFERROR((AS20*(1-AD20)+(0.04*AS20))*(1-AT20), "") | AV20: =AF20*(1-S20) -> 0 | AW20: =AG20 -> 0 | AX20: =AH20 -> 0 | AY20: =AI20+(AF20*S20) -> 0 | AZ20: =AJ20 -> 1 | BA20: =_xlfn.XLOOKUP($A20, Constants!$E$18:$L$18,Constants!$E$19:$L$19) -> 0.78 | BB20: =_xlfn.XLOOKUP($A20, Constants!$E$18:$L$18,Constants!$E$20:$L$20) -> 0.005 | BC20: =_xlfn.XLOOKUP($A20, Constants!$E$18:$L$18,Constants!$E$21:$L$21) -> 0.24 | BD20: =_xlfn.XLOOKUP($A20, Constants!$E$18:$L$18,Constants!$E$22:$L$22) -> 0.02 | BE20: =_xlfn.XLOOKUP($A20, Constants!$E$18:$L$18,Constants!$E$23:$L$23) -> 0.01 | BF20: =Constants!$B$48 -> 0.24 | BG20: =Constants!$B$49 -> 0.6784 | BH20: =IF(ISNUMBER(FIND("PreWeaned",$Y20)), "", $AU20*AV20*BA20*$BF20*$BG20) | BI20: =IF(ISNUMBER(FIND("PreWeaned",$Y20)), "", $AU20*AW20*BB20*$BF20*$BG20) | BJ20: =IF(ISNUMBER(FIND("PreWeaned",$Y20)), "", $AU20*AX20*BC20*$BF20*$BG20) | BK20: =IF(ISNUMBER(FIND("PreWeaned",$Y20)), "", $AU20*AY20*BD20*$BF20*$BG20) | BL20: =IF(ISNUMBER(FIND("PreWeaned",$Y20)), "", $AU20*AZ20*BE20*$BF20*$BG20) | BM20: =IF(ISNUMBER(FIND("PreWeaned",Y20)),_xlfn.XLOOKUP(Y20,Constants!$J$2:$J$3,Constants!$K$2:$K$3), "") -> 0.0204 | BN20: =Z20*AA20*SUM(BH20:BM20) -> 342.72
A21: ='Input Scenarios'!A21 -> QLD | B21: ='Input Scenarios'!B21 -> 0 | C21: ='Input Scenarios'!C21 -> Non-irrigated crop (high rainfall) | D21: ='Input Scenarios'!D21 -> wet | E21: ='Input Scenarios'!E21 -> TRUE | F21: ='Input Scenarios'!F21 -> Limited feedpad | G21: =IF('Input Scenarios'!G21<>"", 'Input Scenarios'!G21, _xlfn.XLOOKUP($F21, Constants!$M$6:$M$9,Constants!N$6:N$9)) -> 0.79 | H21: =IF('Input Scenarios'!H21<>"", 'Input Scenarios'!H21, _xlfn.XLOOKUP($F21, Constants!$M$6:$M$9,Constants!O$6:O$9)) -> 0.11 | I21: =IF('Input Scenarios'!I21<>"", 'Input Scenarios'!I21, _xlfn.XLOOKUP($F21, Constants!$M$6:$M$9,Constants!P$6:P$9)) -> 0.1 | J21: ='Input Scenarios'!J21 -> 0 | K21: ='Input Scenarios'!K21 -> 0 | L21: ='Input Scenarios'!L21 -> 1 | M21: ='Input Scenarios'!M21 -> 0 | N21: ='Input Scenarios'!N21 -> 1 | O21: ='Input Scenarios'!O21 -> 0 | P21: ='Input Scenarios'!P21 -> 0 | Q21: ='Input Scenarios'!Q21 -> 0 | R21: ='Input Scenarios'!R21 -> TRUE | S21: =IF('Input Scenarios'!S21<>"", 'Input Scenarios'!S21, IF(R21, Constants!$B$38, 0)) -> 0.2 | T21: =IF('Input Scenarios'!T21<>"", 'Input Scenarios'!T21, "") | U21: =IF('Input Scenarios'!U21<>"", 'Input Scenarios'!U21, IF(W21<>"", "", Constants!$B$39)) -> 4 | V21: =IF('Input Scenarios'!V21<>"", 'Input Scenarios'!V21, IF(W21<>"", "", Constants!$B$40)) -> 3.3 | W21: =IF('Input Scenarios'!W21<>"", 'Input Scenarios'!W21, "") | X21: ='Input Scenarios'!X21 -> Large Friesian | Y21: ='Input Scenarios'!Y21 -> bullsLt1Weaned | Z21: ='Input Scenarios'!Z21 -> 200 | AA21: =IF('Input Scenarios'!AA21<>"", 'Input Scenarios'!AA21, _xlfn.XLOOKUP(Y21,Constants!$J$6:$J$12,Constants!$K$6:$K$12)) -> 281 | AB21: =IF('Input Scenarios'!AB21<>"", 'Input Scenarios'!AB21, INDEX(Constants!$B$2:$H$11, MATCH(X21, Constants!$A$2:$A$11, 0), MATCH(Y21,Constants!$B$1:$H$1, 0))) -> 225 | AC21: =IF('Input Scenarios'!AC21<>"", 'Input Scenarios'!AC21, _xlfn.XLOOKUP(Y21, Constants!$B$13:$H$13, Constants!$B$15:$H$15, "")) -> 0.8 | AD21: =IF('Input Scenarios'!AD21<>"", 'Input Scenarios'!AD21, Constants!$B$45) -> 0.75 | AE21: =IF('Input Scenarios'!AE21<>"", 'Input Scenarios'!AE21, Constants!$B$46) -> 0.2 | AF21: =IF($Y21="milkingCows",($H21*J21)+($I21*N21), 0) -> 0 | AG21: =IF($Y21="milkingCows",($H21*K21)+($I21*O21), 0) -> 0 | AH21: =IF($Y21="milkingCows",($H21*L21)+($I21*P21), 0) -> 0 | AI21: =IF($Y21="milkingCows",($H21*M21)+($I21*Q21), 0) -> 0 | AJ21: =IF($Y21="milkingCows",G21, 1) -> 1 | AK21: =IF(Y21="milkingCows", IF(W21<>"", W21, T21/((U21+V21)*0.01)), 0) -> 0 | AL21: =Constants!$B$44 -> 1.03 | AM21: =Constants!$B$41 -> 3.054 | AN21: =Constants!$B$42 -> 18.4 | AO21: =Constants!$B$43 -> 0.6 | AP21: =0.795*(AD21)-0.0014 -> 0.59485 | AQ21: =(AK21*AL21*AM21)/(AN21*AO21*AP21) -> 0 | AR21: =IF(Y21="milkingCows", Constants!$P$2, Constants!$P$3) -> 1 | AS21: =IFERROR(((((1.185 + (0.00454*AB21) - (0.0000026*(AB21^2)) + (0.315*AC21))^2)*AR21)+AQ21), "") -> 5.4143473 | AT21: =Constants!$B$47 -> 0.08 | AU21: =IFERROR((AS21*(1-AD21)+(0.04*AS21))*(1-AT21), "") -> 1.4445479 | AV21: =AF21*(1-S21) -> 0 | AW21: =AG21 -> 0 | AX21: =AH21 -> 0 | AY21: =AI21+(AF21*S21) -> 0 | AZ21: =AJ21 -> 1 | BA21: =_xlfn.XLOOKUP($A21, Constants!$E$18:$L$18,Constants!$E$19:$L$19) -> 0.78 | BB21: =_xlfn.XLOOKUP($A21, Constants!$E$18:$L$18,Constants!$E$20:$L$20) -> 0.005 | BC21: =_xlfn.XLOOKUP($A21, Constants!$E$18:$L$18,Constants!$E$21:$L$21) -> 0.24 | BD21: =_xlfn.XLOOKUP($A21, Constants!$E$18:$L$18,Constants!$E$22:$L$22) -> 0.02 | BE21: =_xlfn.XLOOKUP($A21, Constants!$E$18:$L$18,Constants!$E$23:$L$23) -> 0.01 | BF21: =Constants!$B$48 -> 0.24 | BG21: =Constants!$B$49 -> 0.6784 | BH21: =IF(ISNUMBER(FIND("PreWeaned",$Y21)), "", $AU21*AV21*BA21*$BF21*$BG21) -> 0 | BI21: =IF(ISNUMBER(FIND("PreWeaned",$Y21)), "", $AU21*AW21*BB21*$BF21*$BG21) -> 0 | BJ21: =IF(ISNUMBER(FIND("PreWeaned",$Y21)), "", $AU21*AX21*BC21*$BF21*$BG21) -> 0 | BK21: =IF(ISNUMBER(FIND("PreWeaned",$Y21)), "", $AU21*AY21*BD21*$BF21*$BG21) -> 0 | BL21: =IF(ISNUMBER(FIND("PreWeaned",$Y21)), "", $AU21*AZ21*BE21*$BF21*$BG21) -> 0.002351955 | BM21: =IF(ISNUMBER(FIND("PreWeaned",Y21)),_xlfn.XLOOKUP(Y21,Constants!$J$2:$J$3,Constants!$K$2:$K$3), "") | BN21: =Z21*AA21*SUM(BH21:BM21) -> 132.17987
A22: ='Input Scenarios'!A22 -> NT | B22: ='Input Scenarios'!B22 -> 0 | C22: ='Input Scenarios'!C22 -> Irrigated pasture | D22: ='Input Scenarios'!D22 -> dry | E22: ='Input Scenarios'!E22 -> FALSE | F22: ='Input Scenarios'!F22 -> Zero grazing | G22: =IF('Input Scenarios'!G22<>"", 'Input Scenarios'!G22, _xlfn.XLOOKUP($F22, Constants!$M$6:$M$9,Constants!N$6:N$9)) -> 0 | H22: =IF('Input Scenarios'!H22<>"", 'Input Scenarios'!H22, _xlfn.XLOOKUP($F22, Constants!$M$6:$M$9,Constants!O$6:O$9)) -> 0.11 | I22: =IF('Input Scenarios'!I22<>"", 'Input Scenarios'!I22, _xlfn.XLOOKUP($F22, Constants!$M$6:$M$9,Constants!P$6:P$9)) -> 0.89 | J22: ='Input Scenarios'!J22 -> 0 | K22: ='Input Scenarios'!K22 -> 0.5 | L22: ='Input Scenarios'!L22 -> 0.5 | M22: ='Input Scenarios'!M22 -> 0 | N22: ='Input Scenarios'!N22 -> 0.5 | O22: ='Input Scenarios'!O22 -> 0 | P22: ='Input Scenarios'!P22 -> 0 | Q22: ='Input Scenarios'!Q22 -> 0.5 | R22: ='Input Scenarios'!R22 -> FALSE | S22: =IF('Input Scenarios'!S22<>"", 'Input Scenarios'!S22, IF(R22, Constants!$B$38, 0)) -> 0 | T22: =IF('Input Scenarios'!T22<>"", 'Input Scenarios'!T22, "") -> 2.8 | U22: =IF('Input Scenarios'!U22<>"", 'Input Scenarios'!U22, IF(W22<>"", "", Constants!$B$39)) -> 4 | V22: =IF('Input Scenarios'!V22<>"", 'Input Scenarios'!V22, IF(W22<>"", "", Constants!$B$40)) -> 3.3 | W22: =IF('Input Scenarios'!W22<>"", 'Input Scenarios'!W22, "") | X22: ='Input Scenarios'!X22 -> Holstein-Friesian | Y22: ='Input Scenarios'!Y22 -> milkingCows | Z22: ='Input Scenarios'!Z22 -> 200 | AA22: =IF('Input Scenarios'!AA22<>"", 'Input Scenarios'!AA22, _xlfn.XLOOKUP(Y22,Constants!$J$6:$J$12,Constants!$K$6:$K$12)) -> 365 | AB22: =IF('Input Scenarios'!AB22<>"", 'Input Scenarios'!AB22, INDEX(Constants!$B$2:$H$11, MATCH(X22, Constants!$A$2:$A$11, 0), MATCH(Y22,Constants!$B$1:$H$1, 0))) -> 650 | AC22: =IF('Input Scenarios'!AC22<>"", 'Input Scenarios'!AC22, _xlfn.XLOOKUP(Y22, Constants!$B$13:$H$13, Constants!$B$15:$H$15, "")) -> 0.016 | AD22: =IF('Input Scenarios'!AD22<>"", 'Input Scenarios'!AD22, Constants!$B$45) -> 0.75 | AE22: =IF('Input Scenarios'!AE22<>"", 'Input Scenarios'!AE22, Constants!$B$46) -> 0.2 | AF22: =IF($Y22="milkingCows",($H22*J22)+($I22*N22), 0) -> 0.445 | AG22: =IF($Y22="milkingCows",($H22*K22)+($I22*O22), 0) -> 0.055 | AH22: =IF($Y22="milkingCows",($H22*L22)+($I22*P22), 0) -> 0.055 | AI22: =IF($Y22="milkingCows",($H22*M22)+($I22*Q22), 0) -> 0.445 | AJ22: =IF($Y22="milkingCows",G22, 1) -> 0 | AK22: =IF(Y22="milkingCows", IF(W22<>"", W22, T22/((U22+V22)*0.01)), 0) -> 38.356164 | AL22: =Constants!$B$44 -> 1.03 | AM22: =Constants!$B$41 -> 3.054 | AN22: =Constants!$B$42 -> 18.4 | AO22: =Constants!$B$43 -> 0.6 | AP22: =0.795*(AD22)-0.0014 -> 0.59485 | AQ22: =(AK22*AL22*AM22)/(AN22*AO22*AP22) -> 18.372358 | AR22: =IF(Y22="milkingCows", Constants!$P$2, Constants!$P$3) -> 1.1 | AS22: =IFERROR(((((1.185 + (0.00454*AB22) - (0.0000026*(AB22^2)) + (0.315*AC22))^2)*AR22)+AQ22), "") -> 28.555112 | AT22: =Constants!$B$47 -> 0.08 | AU22: =IFERROR((AS22*(1-AD22)+(0.04*AS22))*(1-AT22), "") -> 7.6185039 | AV22: =AF22*(1-S22) -> 0.445 | AW22: =AG22 -> 0.055 | AX22: =AH22 -> 0.055 | AY22: =AI22+(AF22*S22) -> 0.445 | AZ22: =AJ22 -> 0 | BA22: =_xlfn.XLOOKUP($A22, Constants!$E$18:$L$18,Constants!$E$19:$L$19) -> 0.8 | BB22: =_xlfn.XLOOKUP($A22, Constants!$E$18:$L$18,Constants!$E$20:$L$20) -> 0.01 | BC22: =_xlfn.XLOOKUP($A22, Constants!$E$18:$L$18,Constants!$E$21:$L$21) -> 0.5 | BD22: =_xlfn.XLOOKUP($A22, Constants!$E$18:$L$18,Constants!$E$22:$L$22) -> 0.02 | BE22: =_xlfn.XLOOKUP($A22, Constants!$E$18:$L$18,Constants!$E$23:$L$23) -> 0.02 | BF22: =Constants!$B$48 -> 0.24 | BG22: =Constants!$B$49 -> 0.6784 | BH22: =IF(ISNUMBER(FIND("PreWeaned",$Y22)), "", $AU22*AV22*BA22*$BF22*$BG22) -> 0.4415875 | BI22: =IF(ISNUMBER(FIND("PreWeaned",$Y22)), "", $AU22*AW22*BB22*$BF22*$BG22) -> 0.00068222788 | BJ22: =IF(ISNUMBER(FIND("PreWeaned",$Y22)), "", $AU22*AX22*BC22*$BF22*$BG22) -> 0.034111394 | BK22: =IF(ISNUMBER(FIND("PreWeaned",$Y22)), "", $AU22*AY22*BD22*$BF22*$BG22) -> 0.011039688 | BL22: =IF(ISNUMBER(FIND("PreWeaned",$Y22)), "", $AU22*AZ22*BE22*$BF22*$BG22) -> 0 | BM22: =IF(ISNUMBER(FIND("PreWeaned",Y22)),_xlfn.XLOOKUP(Y22,Constants!$J$2:$J$3,Constants!$K$2:$K$3), "") | BN22: =Z22*AA22*SUM(BH22:BM22) -> 35581.719 | BO22: =SUM(BN22:BN28)/1000 -> 37.805375
A23: ='Input Scenarios'!A23 -> NT | B23: ='Input Scenarios'!B23 -> 0 | C23: ='Input Scenarios'!C23 -> Irrigated pasture | D23: ='Input Scenarios'!D23 -> dry | E23: ='Input Scenarios'!E23 -> FALSE | F23: ='Input Scenarios'!F23 -> Zero grazing | G23: =IF('Input Scenarios'!G23<>"", 'Input Scenarios'!G23, _xlfn.XLOOKUP($F23, Constants!$M$6:$M$9,Constants!N$6:N$9)) -> 0 | H23: =IF('Input Scenarios'!H23<>"", 'Input Scenarios'!H23, _xlfn.XLOOKUP($F23, Constants!$M$6:$M$9,Constants!O$6:O$9)) -> 0.11 | I23: =IF('Input Scenarios'!I23<>"", 'Input Scenarios'!I23, _xlfn.XLOOKUP($F23, Constants!$M$6:$M$9,Constants!P$6:P$9)) -> 0.89 | J23: ='Input Scenarios'!J23 -> 0 | K23: ='Input Scenarios'!K23 -> 0.5 | L23: ='Input Scenarios'!L23 -> 0.5 | M23: ='Input Scenarios'!M23 -> 0 | N23: ='Input Scenarios'!N23 -> 0.5 | O23: ='Input Scenarios'!O23 -> 0 | P23: ='Input Scenarios'!P23 -> 0 | Q23: ='Input Scenarios'!Q23 -> 0.5 | R23: ='Input Scenarios'!R23 -> FALSE | S23: =IF('Input Scenarios'!S23<>"", 'Input Scenarios'!S23, IF(R23, Constants!$B$38, 0)) -> 0 | T23: =IF('Input Scenarios'!T23<>"", 'Input Scenarios'!T23, "") | U23: =IF('Input Scenarios'!U23<>"", 'Input Scenarios'!U23, IF(W23<>"", "", Constants!$B$39)) -> 4 | V23: =IF('Input Scenarios'!V23<>"", 'Input Scenarios'!V23, IF(W23<>"", "", Constants!$B$40)) -> 3.3 | W23: =IF('Input Scenarios'!W23<>"", 'Input Scenarios'!W23, "") | X23: ='Input Scenarios'!X23 -> Holstein-Friesian | Y23: ='Input Scenarios'!Y23 -> heifersGt1 | Z23: ='Input Scenarios'!Z23 -> 200 | AA23: =IF('Input Scenarios'!AA23<>"", 'Input Scenarios'!AA23, _xlfn.XLOOKUP(Y23,Constants!$J$6:$J$12,Constants!$K$6:$K$12)) -> 365 | AB23: =IF('Input Scenarios'!AB23<>"", 'Input Scenarios'!AB23, INDEX(Constants!$B$2:$H$11, MATCH(X23, Constants!$A$2:$A$11, 0), MATCH(Y23,Constants!$B$1:$H$1, 0))) -> 450 | AC23: =IF('Input Scenarios'!AC23<>"", 'Input Scenarios'!AC23, _xlfn.XLOOKUP(Y23, Constants!$B$13:$H$13, Constants!$B$15:$H$15, "")) -> 0.6 | AD23: =IF('Input Scenarios'!AD23<>"", 'Input Scenarios'!AD23, Constants!$B$45) -> 0.75 | AE23: =IF('Input Scenarios'!AE23<>"", 'Input Scenarios'!AE23, Constants!$B$46) -> 0.2 | AF23: =IF($Y23="milkingCows",($H23*J23)+($I23*N23), 0) -> 0 | AG23: =IF($Y23="milkingCows",($H23*K23)+($I23*O23), 0) -> 0 | AH23: =IF($Y23="milkingCows",($H23*L23)+($I23*P23), 0) -> 0 | AI23: =IF($Y23="milkingCows",($H23*M23)+($I23*Q23), 0) -> 0 | AJ23: =IF($Y23="milkingCows",G23, 1) -> 1 | AK23: =IF(Y23="milkingCows", IF(W23<>"", W23, T23/((U23+V23)*0.01)), 0) -> 0 | AL23: =Constants!$B$44 -> 1.03 | AM23: =Constants!$B$41 -> 3.054 | AN23: =Constants!$B$42 -> 18.4 | AO23: =Constants!$B$43 -> 0.6 | AP23: =0.795*(AD23)-0.0014 -> 0.59485 | AQ23: =(AK23*AL23*AM23)/(AN23*AO23*AP23) -> 0 | AR23: =IF(Y23="milkingCows", Constants!$P$2, Constants!$P$3) -> 1 | AS23: =IFERROR(((((1.185 + (0.00454*AB23) - (0.0000026*(AB23^2)) + (0.315*AC23))^2)*AR23)+AQ23), "") -> 8.3549902 | AT23: =Constants!$B$47 -> 0.08 | AU23: =IFERROR((AS23*(1-AD23)+(0.04*AS23))*(1-AT23), "") -> 2.2291114 | AV23: =AF23*(1-S23) -> 0 | AW23: =AG23 -> 0 | AX23: =AH23 -> 0 | AY23: =AI23+(AF23*S23) -> 0 | AZ23: =AJ23 -> 1 | BA23: =_xlfn.XLOOKUP($A23, Constants!$E$18:$L$18,Constants!$E$19:$L$19) -> 0.8 | BB23: =_xlfn.XLOOKUP($A23, Constants!$E$18:$L$18,Constants!$E$20:$L$20) -> 0.01 | BC23: =_xlfn.XLOOKUP($A23, Constants!$E$18:$L$18,Constants!$E$21:$L$21) -> 0.5 | BD23: =_xlfn.XLOOKUP($A23, Constants!$E$18:$L$18,Constants!$E$22:$L$22) -> 0.02 | BE23: =_xlfn.XLOOKUP($A23, Constants!$E$18:$L$18,Constants!$E$23:$L$23) -> 0.02 | BF23: =Constants!$B$48 -> 0.24 | BG23: =Constants!$B$49 -> 0.6784 | BH23: =IF(ISNUMBER(FIND("PreWeaned",$Y23)), "", $AU23*AV23*BA23*$BF23*$BG23) -> 0 | BI23: =IF(ISNUMBER(FIND("PreWeaned",$Y23)), "", $AU23*AW23*BB23*$BF23*$BG23) -> 0 | BJ23: =IF(ISNUMBER(FIND("PreWeaned",$Y23)), "", $AU23*AX23*BC23*$BF23*$BG23) -> 0 | BK23: =IF(ISNUMBER(FIND("PreWeaned",$Y23)), "", $AU23*AY23*BD23*$BF23*$BG23) -> 0 | BL23: =IF(ISNUMBER(FIND("PreWeaned",$Y23)), "", $AU23*AZ23*BE23*$BF23*$BG23) -> 0.0072587 | BM23: =IF(ISNUMBER(FIND("PreWeaned",Y23)),_xlfn.XLOOKUP(Y23,Constants!$J$2:$J$3,Constants!$K$2:$K$3), "") | BN23: =Z23*AA23*SUM(BH23:BM23) -> 529.8851
A24: ='Input Scenarios'!A24 -> NT | B24: ='Input Scenarios'!B24 -> 0 | C24: ='Input Scenarios'!C24 -> Irrigated pasture | D24: ='Input Scenarios'!D24 -> dry | E24: ='Input Scenarios'!E24 -> FALSE | F24: ='Input Scenarios'!F24 -> Zero grazing | G24: =IF('Input Scenarios'!G24<>"", 'Input Scenarios'!G24, _xlfn.XLOOKUP($F24, Constants!$M$6:$M$9,Constants!N$6:N$9)) -> 0 | H24: =IF('Input Scenarios'!H24<>"", 'Input Scenarios'!H24, _xlfn.XLOOKUP($F24, Constants!$M$6:$M$9,Constants!O$6:O$9)) -> 0.11 | I24: =IF('Input Scenarios'!I24<>"", 'Input Scenarios'!I24, _xlfn.XLOOKUP($F24, Constants!$M$6:$M$9,Constants!P$6:P$9)) -> 0.89 | J24: ='Input Scenarios'!J24 -> 0 | K24: ='Input Scenarios'!K24 -> 0.5 | L24: ='Input Scenarios'!L24 -> 0.5 | M24: ='Input Scenarios'!M24 -> 0 | N24: ='Input Scenarios'!N24 -> 0.5 | O24: ='Input Scenarios'!O24 -> 0 | P24: ='Input Scenarios'!P24 -> 0 | Q24: ='Input Scenarios'!Q24 -> 0.5 | R24: ='Input Scenarios'!R24 -> FALSE | S24: =IF('Input Scenarios'!S24<>"", 'Input Scenarios'!S24, IF(R24, Constants!$B$38, 0)) -> 0 | T24: =IF('Input Scenarios'!T24<>"", 'Input Scenarios'!T24, "") | U24: =IF('Input Scenarios'!U24<>"", 'Input Scenarios'!U24, IF(W24<>"", "", Constants!$B$39)) -> 4 | V24: =IF('Input Scenarios'!V24<>"", 'Input Scenarios'!V24, IF(W24<>"", "", Constants!$B$40)) -> 3.3 | W24: =IF('Input Scenarios'!W24<>"", 'Input Scenarios'!W24, "") | X24: ='Input Scenarios'!X24 -> Holstein-Friesian | Y24: ='Input Scenarios'!Y24 -> heifersLt1PreWeaned | Z24: ='Input Scenarios'!Z24 -> 200 | AA24: =IF('Input Scenarios'!AA24<>"", 'Input Scenarios'!AA24, _xlfn.XLOOKUP(Y24,Constants!$J$6:$J$12,Constants!$K$6:$K$12)) -> 84 | AB24: =IF('Input Scenarios'!AB24<>"", 'Input Scenarios'!AB24, INDEX(Constants!$B$2:$H$11, MATCH(X24, Constants!$A$2:$A$11, 0), MATCH(Y24,Constants!$B$1:$H$1, 0))) -> 185 | AC24: =IF('Input Scenarios'!AC24<>"", 'Input Scenarios'!AC24, _xlfn.XLOOKUP(Y24, Constants!$B$13:$H$13, Constants!$B$15:$H$15, "")) | AD24: =IF('Input Scenarios'!AD24<>"", 'Input Scenarios'!AD24, Constants!$B$45) -> 0.75 | AE24: =IF('Input Scenarios'!AE24<>"", 'Input Scenarios'!AE24, Constants!$B$46) -> 0.2 | AF24: =IF($Y24="milkingCows",($H24*J24)+($I24*N24), 0) -> 0 | AG24: =IF($Y24="milkingCows",($H24*K24)+($I24*O24), 0) -> 0 | AH24: =IF($Y24="milkingCows",($H24*L24)+($I24*P24), 0) -> 0 | AI24: =IF($Y24="milkingCows",($H24*M24)+($I24*Q24), 0) -> 0 | AJ24: =IF($Y24="milkingCows",G24, 1) -> 1 | AK24: =IF(Y24="milkingCows", IF(W24<>"", W24, T24/((U24+V24)*0.01)), 0) -> 0 | AL24: =Constants!$B$44 -> 1.03 | AM24: =Constants!$B$41 -> 3.054 | AN24: =Constants!$B$42 -> 18.4 | AO24: =Constants!$B$43 -> 0.6 | AP24: =0.795*(AD24)-0.0014 -> 0.59485 | AQ24: =(AK24*AL24*AM24)/(AN24*AO24*AP24) -> 0 | AR24: =IF(Y24="milkingCows", Constants!$P$2, Constants!$P$3) -> 1 | AS24: =IFERROR(((((1.185 + (0.00454*AB24) - (0.0000026*(AB24^2)) + (0.315*AC24))^2)*AR24)+AQ24), "") | AT24: =Constants!$B$47 -> 0.08 | AU24: =IFERROR((AS24*(1-AD24)+(0.04*AS24))*(1-AT24), "") | AV24: =AF24*(1-S24) -> 0 | AW24: =AG24 -> 0 | AX24: =AH24 -> 0 | AY24: =AI24+(AF24*S24) -> 0 | AZ24: =AJ24 -> 1 | BA24: =_xlfn.XLOOKUP($A24, Constants!$E$18:$L$18,Constants!$E$19:$L$19) -> 0.8 | BB24: =_xlfn.XLOOKUP($A24, Constants!$E$18:$L$18,Constants!$E$20:$L$20) -> 0.01 | BC24: =_xlfn.XLOOKUP($A24, Constants!$E$18:$L$18,Constants!$E$21:$L$21) -> 0.5 | BD24: =_xlfn.XLOOKUP($A24, Constants!$E$18:$L$18,Constants!$E$22:$L$22) -> 0.02 | BE24: =_xlfn.XLOOKUP($A24, Constants!$E$18:$L$18,Constants!$E$23:$L$23) -> 0.02 | BF24: =Constants!$B$48 -> 0.24 | BG24: =Constants!$B$49 -> 0.6784 | BH24: =IF(ISNUMBER(FIND("PreWeaned",$Y24)), "", $AU24*AV24*BA24*$BF24*$BG24) | BI24: =IF(ISNUMBER(FIND("PreWeaned",$Y24)), "", $AU24*AW24*BB24*$BF24*$BG24) | BJ24: =IF(ISNUMBER(FIND("PreWeaned",$Y24)), "", $AU24*AX24*BC24*$BF24*$BG24) | BK24: =IF(ISNUMBER(FIND("PreWeaned",$Y24)), "", $AU24*AY24*BD24*$BF24*$BG24) | BL24: =IF(ISNUMBER(FIND("PreWeaned",$Y24)), "", $AU24*AZ24*BE24*$BF24*$BG24) | BM24: =IF(ISNUMBER(FIND("PreWeaned",Y24)),_xlfn.XLOOKUP(Y24,Constants!$J$2:$J$3,Constants!$K$2:$K$3), "") -> 0.0176 | BN24: =Z24*AA24*SUM(BH24:BM24) -> 295.68
A25: ='Input Scenarios'!A25 -> NT | B25: ='Input Scenarios'!B25 -> 0 | C25: ='Input Scenarios'!C25 -> Irrigated pasture | D25: ='Input Scenarios'!D25 -> dry | E25: ='Input Scenarios'!E25 -> FALSE | F25: ='Input Scenarios'!F25 -> Zero grazing | G25: =IF('Input Scenarios'!G25<>"", 'Input Scenarios'!G25, _xlfn.XLOOKUP($F25, Constants!$M$6:$M$9,Constants!N$6:N$9)) -> 0 | H25: =IF('Input Scenarios'!H25<>"", 'Input Scenarios'!H25, _xlfn.XLOOKUP($F25, Constants!$M$6:$M$9,Constants!O$6:O$9)) -> 0.11 | I25: =IF('Input Scenarios'!I25<>"", 'Input Scenarios'!I25, _xlfn.XLOOKUP($F25, Constants!$M$6:$M$9,Constants!P$6:P$9)) -> 0.89 | J25: ='Input Scenarios'!J25 -> 0 | K25: ='Input Scenarios'!K25 -> 0.5 | L25: ='Input Scenarios'!L25 -> 0.5 | M25: ='Input Scenarios'!M25 -> 0 | N25: ='Input Scenarios'!N25 -> 0.5 | O25: ='Input Scenarios'!O25 -> 0 | P25: ='Input Scenarios'!P25 -> 0 | Q25: ='Input Scenarios'!Q25 -> 0.5 | R25: ='Input Scenarios'!R25 -> FALSE | S25: =IF('Input Scenarios'!S25<>"", 'Input Scenarios'!S25, IF(R25, Constants!$B$38, 0)) -> 0 | T25: =IF('Input Scenarios'!T25<>"", 'Input Scenarios'!T25, "") | U25: =IF('Input Scenarios'!U25<>"", 'Input Scenarios'!U25, IF(W25<>"", "", Constants!$B$39)) -> 4 | V25: =IF('Input Scenarios'!V25<>"", 'Input Scenarios'!V25, IF(W25<>"", "", Constants!$B$40)) -> 3.3 | W25: =IF('Input Scenarios'!W25<>"", 'Input Scenarios'!W25, "") | X25: ='Input Scenarios'!X25 -> Holstein-Friesian | Y25: ='Input Scenarios'!Y25 -> heifersLt1Weaned | Z25: ='Input Scenarios'!Z25 -> 200 | AA25: =IF('Input Scenarios'!AA25<>"", 'Input Scenarios'!AA25, _xlfn.XLOOKUP(Y25,Constants!$J$6:$J$12,Constants!$K$6:$K$12)) -> 281 | AB25: =IF('Input Scenarios'!AB25<>"", 'Input Scenarios'!AB25, INDEX(Constants!$B$2:$H$11, MATCH(X25, Constants!$A$2:$A$11, 0), MATCH(Y25,Constants!$B$1:$H$1, 0))) -> 185 | AC25: =IF('Input Scenarios'!AC25<>"", 'Input Scenarios'!AC25, _xlfn.XLOOKUP(Y25, Constants!$B$13:$H$13, Constants!$B$15:$H$15, "")) -> 0.57 | AD25: =IF('Input Scenarios'!AD25<>"", 'Input Scenarios'!AD25, Constants!$B$45) -> 0.75 | AE25: =IF('Input Scenarios'!AE25<>"", 'Input Scenarios'!AE25, Constants!$B$46) -> 0.2 | AF25: =IF($Y25="milkingCows",($H25*J25)+($I25*N25), 0) -> 0 | AG25: =IF($Y25="milkingCows",($H25*K25)+($I25*O25), 0) -> 0 | AH25: =IF($Y25="milkingCows",($H25*L25)+($I25*P25), 0) -> 0 | AI25: =IF($Y25="milkingCows",($H25*M25)+($I25*Q25), 0) -> 0 | AJ25: =IF($Y25="milkingCows",G25, 1) -> 1 | AK25: =IF(Y25="milkingCows", IF(W25<>"", W25, T25/((U25+V25)*0.01)), 0) -> 0 | AL25: =Constants!$B$44 -> 1.03 | AM25: =Constants!$B$41 -> 3.054 | AN25: =Constants!$B$42 -> 18.4 | AO25: =Constants!$B$43 -> 0.6 | AP25: =0.795*(AD25)-0.0014 -> 0.59485 | AQ25: =(AK25*AL25*AM25)/(AN25*AO25*AP25) -> 0 | AR25: =IF(Y25="milkingCows", Constants!$P$2, Constants!$P$3) -> 1 | AS25: =IFERROR(((((1.185 + (0.00454*AB25) - (0.0000026*(AB25^2)) + (0.315*AC25))^2)*AR25)+AQ25), "") -> 4.4751922 | AT25: =Constants!$B$47 -> 0.08 | AU25: =IFERROR((AS25*(1-AD25)+(0.04*AS25))*(1-AT25), "") -> 1.1939813 | AV25: =AF25*(1-S25) -> 0 | AW25: =AG25 -> 0 | AX25: =AH25 -> 0 | AY25: =AI25+(AF25*S25) -> 0 | AZ25: =AJ25 -> 1 | BA25: =_xlfn.XLOOKUP($A25, Constants!$E$18:$L$18,Constants!$E$19:$L$19) -> 0.8 | BB25: =_xlfn.XLOOKUP($A25, Constants!$E$18:$L$18,Constants!$E$20:$L$20) -> 0.01 | BC25: =_xlfn.XLOOKUP($A25, Constants!$E$18:$L$18,Constants!$E$21:$L$21) -> 0.5 | BD25: =_xlfn.XLOOKUP($A25, Constants!$E$18:$L$18,Constants!$E$22:$L$22) -> 0.02 | BE25: =_xlfn.XLOOKUP($A25, Constants!$E$18:$L$18,Constants!$E$23:$L$23) -> 0.02 | BF25: =Constants!$B$48 -> 0.24 | BG25: =Constants!$B$49 -> 0.6784 | BH25: =IF(ISNUMBER(FIND("PreWeaned",$Y25)), "", $AU25*AV25*BA25*$BF25*$BG25) -> 0 | BI25: =IF(ISNUMBER(FIND("PreWeaned",$Y25)), "", $AU25*AW25*BB25*$BF25*$BG25) -> 0 | BJ25: =IF(ISNUMBER(FIND("PreWeaned",$Y25)), "", $AU25*AX25*BC25*$BF25*$BG25) -> 0 | BK25: =IF(ISNUMBER(FIND("PreWeaned",$Y25)), "", $AU25*AY25*BD25*$BF25*$BG25) -> 0 | BL25: =IF(ISNUMBER(FIND("PreWeaned",$Y25)), "", $AU25*AZ25*BE25*$BF25*$BG25) -> 0.0038879851 | BM25: =IF(ISNUMBER(FIND("PreWeaned",Y25)),_xlfn.XLOOKUP(Y25,Constants!$J$2:$J$3,Constants!$K$2:$K$3), "") | BN25: =Z25*AA25*SUM(BH25:BM25) -> 218.50476
A26: ='Input Scenarios'!A26 -> NT | B26: ='Input Scenarios'!B26 -> 0 | C26: ='Input Scenarios'!C26 -> Irrigated pasture | D26: ='Input Scenarios'!D26 -> dry | E26: ='Input Scenarios'!E26 -> FALSE | F26: ='Input Scenarios'!F26 -> Zero grazing | G26: =IF('Input Scenarios'!G26<>"", 'Input Scenarios'!G26, _xlfn.XLOOKUP($F26, Constants!$M$6:$M$9,Constants!N$6:N$9)) -> 0 | H26: =IF('Input Scenarios'!H26<>"", 'Input Scenarios'!H26, _xlfn.XLOOKUP($F26, Constants!$M$6:$M$9,Constants!O$6:O$9)) -> 0.11 | I26: =IF('Input Scenarios'!I26<>"", 'Input Scenarios'!I26, _xlfn.XLOOKUP($F26, Constants!$M$6:$M$9,Constants!P$6:P$9)) -> 0.89 | J26: ='Input Scenarios'!J26 -> 0 | K26: ='Input Scenarios'!K26 -> 0.5 | L26: ='Input Scenarios'!L26 -> 0.5 | M26: ='Input Scenarios'!M26 -> 0 | N26: ='Input Scenarios'!N26 -> 0.5 | O26: ='Input Scenarios'!O26 -> 0 | P26: ='Input Scenarios'!P26 -> 0 | Q26: ='Input Scenarios'!Q26 -> 0.5 | R26: ='Input Scenarios'!R26 -> FALSE | S26: =IF('Input Scenarios'!S26<>"", 'Input Scenarios'!S26, IF(R26, Constants!$B$38, 0)) -> 0 | T26: =IF('Input Scenarios'!T26<>"", 'Input Scenarios'!T26, "") | U26: =IF('Input Scenarios'!U26<>"", 'Input Scenarios'!U26, IF(W26<>"", "", Constants!$B$39)) -> 4 | V26: =IF('Input Scenarios'!V26<>"", 'Input Scenarios'!V26, IF(W26<>"", "", Constants!$B$40)) -> 3.3 | W26: =IF('Input Scenarios'!W26<>"", 'Input Scenarios'!W26, "") | X26: ='Input Scenarios'!X26 -> Holstein-Friesian | Y26: ='Input Scenarios'!Y26 -> bullsGt1 | Z26: ='Input Scenarios'!Z26 -> 200 | AA26: =IF('Input Scenarios'!AA26<>"", 'Input Scenarios'!AA26, _xlfn.XLOOKUP(Y26,Constants!$J$6:$J$12,Constants!$K$6:$K$12)) -> 365 | AB26: =IF('Input Scenarios'!AB26<>"", 'Input Scenarios'!AB26, INDEX(Constants!$B$2:$H$11, MATCH(X26, Constants!$A$2:$A$11, 0), MATCH(Y26,Constants!$B$1:$H$1, 0))) -> 600 | AC26: =IF('Input Scenarios'!AC26<>"", 'Input Scenarios'!AC26, _xlfn.XLOOKUP(Y26, Constants!$B$13:$H$13, Constants!$B$15:$H$15, "")) -> 0.1 | AD26: =IF('Input Scenarios'!AD26<>"", 'Input Scenarios'!AD26, Constants!$B$45) -> 0.75 | AE26: =IF('Input Scenarios'!AE26<>"", 'Input Scenarios'!AE26, Constants!$B$46) -> 0.2 | AF26: =IF($Y26="milkingCows",($H26*J26)+($I26*N26), 0) -> 0 | AG26: =IF($Y26="milkingCows",($H26*K26)+($I26*O26), 0) -> 0 | AH26: =IF($Y26="milkingCows",($H26*L26)+($I26*P26), 0) -> 0 | AI26: =IF($Y26="milkingCows",($H26*M26)+($I26*Q26), 0) -> 0 | AJ26: =IF($Y26="milkingCows",G26, 1) -> 1 | AK26: =IF(Y26="milkingCows", IF(W26<>"", W26, T26/((U26+V26)*0.01)), 0) -> 0 | AL26: =Constants!$B$44 -> 1.03 | AM26: =Constants!$B$41 -> 3.054 | AN26: =Constants!$B$42 -> 18.4 | AO26: =Constants!$B$43 -> 0.6 | AP26: =0.795*(AD26)-0.0014 -> 0.59485 | AQ26: =(AK26*AL26*AM26)/(AN26*AO26*AP26) -> 0 | AR26: =IF(Y26="milkingCows", Constants!$P$2, Constants!$P$3) -> 1 | AS26: =IFERROR(((((1.185 + (0.00454*AB26) - (0.0000026*(AB26^2)) + (0.315*AC26))^2)*AR26)+AQ26), "") -> 9.0270202 | AT26: =Constants!$B$47 -> 0.08 | AU26: =IFERROR((AS26*(1-AD26)+(0.04*AS26))*(1-AT26), "") -> 2.408409 | AV26: =AF26*(1-S26) -> 0 | AW26: =AG26 -> 0 | AX26: =AH26 -> 0 | AY26: =AI26+(AF26*S26) -> 0 | AZ26: =AJ26 -> 1 | BA26: =_xlfn.XLOOKUP($A26, Constants!$E$18:$L$18,Constants!$E$19:$L$19) -> 0.8 | BB26: =_xlfn.XLOOKUP($A26, Constants!$E$18:$L$18,Constants!$E$20:$L$20) -> 0.01 | BC26: =_xlfn.XLOOKUP($A26, Constants!$E$18:$L$18,Constants!$E$21:$L$21) -> 0.5 | BD26: =_xlfn.XLOOKUP($A26, Constants!$E$18:$L$18,Constants!$E$22:$L$22) -> 0.02 | BE26: =_xlfn.XLOOKUP($A26, Constants!$E$18:$L$18,Constants!$E$23:$L$23) -> 0.02 | BF26: =Constants!$B$48 -> 0.24 | BG26: =Constants!$B$49 -> 0.6784 | BH26: =IF(ISNUMBER(FIND("PreWeaned",$Y26)), "", $AU26*AV26*BA26*$BF26*$BG26) -> 0 | BI26: =IF(ISNUMBER(FIND("PreWeaned",$Y26)), "", $AU26*AW26*BB26*$BF26*$BG26) -> 0 | BJ26: =IF(ISNUMBER(FIND("PreWeaned",$Y26)), "", $AU26*AX26*BC26*$BF26*$BG26) -> 0 | BK26: =IF(ISNUMBER(FIND("PreWeaned",$Y26)), "", $AU26*AY26*BD26*$BF26*$BG26) -> 0 | BL26: =IF(ISNUMBER(FIND("PreWeaned",$Y26)), "", $AU26*AZ26*BE26*$BF26*$BG26) -> 0.0078425504 | BM26: =IF(ISNUMBER(FIND("PreWeaned",Y26)),_xlfn.XLOOKUP(Y26,Constants!$J$2:$J$3,Constants!$K$2:$K$3), "") | BN26: =Z26*AA26*SUM(BH26:BM26) -> 572.50618
A27: ='Input Scenarios'!A27 -> NT | B27: ='Input Scenarios'!B27 -> 0 | C27: ='Input Scenarios'!C27 -> Irrigated pasture | D27: ='Input Scenarios'!D27 -> dry | E27: ='Input Scenarios'!E27 -> FALSE | F27: ='Input Scenarios'!F27 -> Zero grazing | G27: =IF('Input Scenarios'!G27<>"", 'Input Scenarios'!G27, _xlfn.XLOOKUP($F27, Constants!$M$6:$M$9,Constants!N$6:N$9)) -> 0 | H27: =IF('Input Scenarios'!H27<>"", 'Input Scenarios'!H27, _xlfn.XLOOKUP($F27, Constants!$M$6:$M$9,Constants!O$6:O$9)) -> 0.11 | I27: =IF('Input Scenarios'!I27<>"", 'Input Scenarios'!I27, _xlfn.XLOOKUP($F27, Constants!$M$6:$M$9,Constants!P$6:P$9)) -> 0.89 | J27: ='Input Scenarios'!J27 -> 0 | K27: ='Input Scenarios'!K27 -> 0.5 | L27: ='Input Scenarios'!L27 -> 0.5 | M27: ='Input Scenarios'!M27 -> 0 | N27: ='Input Scenarios'!N27 -> 0.5 | O27: ='Input Scenarios'!O27 -> 0 | P27: ='Input Scenarios'!P27 -> 0 | Q27: ='Input Scenarios'!Q27 -> 0.5 | R27: ='Input Scenarios'!R27 -> FALSE | S27: =IF('Input Scenarios'!S27<>"", 'Input Scenarios'!S27, IF(R27, Constants!$B$38, 0)) -> 0 | T27: =IF('Input Scenarios'!T27<>"", 'Input Scenarios'!T27, "") | U27: =IF('Input Scenarios'!U27<>"", 'Input Scenarios'!U27, IF(W27<>"", "", Constants!$B$39)) -> 4 | V27: =IF('Input Scenarios'!V27<>"", 'Input Scenarios'!V27, IF(W27<>"", "", Constants!$B$40)) -> 3.3 | W27: =IF('Input Scenarios'!W27<>"", 'Input Scenarios'!W27, "") | X27: ='Input Scenarios'!X27 -> Holstein-Friesian | Y27: ='Input Scenarios'!Y27 -> bullsLt1PreWeaned | Z27: ='Input Scenarios'!Z27 -> 200 | AA27: =IF('Input Scenarios'!AA27<>"", 'Input Scenarios'!AA27, _xlfn.XLOOKUP(Y27,Constants!$J$6:$J$12,Constants!$K$6:$K$12)) -> 84 | AB27: =IF('Input Scenarios'!AB27<>"", 'Input Scenarios'!AB27, INDEX(Constants!$B$2:$H$11, MATCH(X27, Constants!$A$2:$A$11, 0), MATCH(Y27,Constants!$B$1:$H$1, 0))) -> 225 | AC27: =IF('Input Scenarios'!AC27<>"", 'Input Scenarios'!AC27, _xlfn.XLOOKUP(Y27, Constants!$B$13:$H$13, Constants!$B$15:$H$15, "")) | AD27: =IF('Input Scenarios'!AD27<>"", 'Input Scenarios'!AD27, Constants!$B$45) -> 0.75 | AE27: =IF('Input Scenarios'!AE27<>"", 'Input Scenarios'!AE27, Constants!$B$46) -> 0.2 | AF27: =IF($Y27="milkingCows",($H27*J27)+($I27*N27), 0) -> 0 | AG27: =IF($Y27="milkingCows",($H27*K27)+($I27*O27), 0) -> 0 | AH27: =IF($Y27="milkingCows",($H27*L27)+($I27*P27), 0) -> 0 | AI27: =IF($Y27="milkingCows",($H27*M27)+($I27*Q27), 0) -> 0 | AJ27: =IF($Y27="milkingCows",G27, 1) -> 1 | AK27: =IF(Y27="milkingCows", IF(W27<>"", W27, T27/((U27+V27)*0.01)), 0) -> 0 | AL27: =Constants!$B$44 -> 1.03 | AM27: =Constants!$B$41 -> 3.054 | AN27: =Constants!$B$42 -> 18.4 | AO27: =Constants!$B$43 -> 0.6 | AP27: =0.795*(AD27)-0.0014 -> 0.59485 | AQ27: =(AK27*AL27*AM27)/(AN27*AO27*AP27) -> 0 | AR27: =IF(Y27="milkingCows", Constants!$P$2, Constants!$P$3) -> 1 | AS27: =IFERROR(((((1.185 + (0.00454*AB27) - (0.0000026*(AB27^2)) + (0.315*AC27))^2)*AR27)+AQ27), "") | AT27: =Constants!$B$47 -> 0.08 | AU27: =IFERROR((AS27*(1-AD27)+(0.04*AS27))*(1-AT27), "") | AV27: =AF27*(1-S27) -> 0 | AW27: =AG27 -> 0 | AX27: =AH27 -> 0 | AY27: =AI27+(AF27*S27) -> 0 | AZ27: =AJ27 -> 1 | BA27: =_xlfn.XLOOKUP($A27, Constants!$E$18:$L$18,Constants!$E$19:$L$19) -> 0.8 | BB27: =_xlfn.XLOOKUP($A27, Constants!$E$18:$L$18,Constants!$E$20:$L$20) -> 0.01 | BC27: =_xlfn.XLOOKUP($A27, Constants!$E$18:$L$18,Constants!$E$21:$L$21) -> 0.5 | BD27: =_xlfn.XLOOKUP($A27, Constants!$E$18:$L$18,Constants!$E$22:$L$22) -> 0.02 | BE27: =_xlfn.XLOOKUP($A27, Constants!$E$18:$L$18,Constants!$E$23:$L$23) -> 0.02 | BF27: =Constants!$B$48 -> 0.24 | BG27: =Constants!$B$49 -> 0.6784 | BH27: =IF(ISNUMBER(FIND("PreWeaned",$Y27)), "", $AU27*AV27*BA27*$BF27*$BG27) | BI27: =IF(ISNUMBER(FIND("PreWeaned",$Y27)), "", $AU27*AW27*BB27*$BF27*$BG27) | BJ27: =IF(ISNUMBER(FIND("PreWeaned",$Y27)), "", $AU27*AX27*BC27*$BF27*$BG27) | BK27: =IF(ISNUMBER(FIND("PreWeaned",$Y27)), "", $AU27*AY27*BD27*$BF27*$BG27) | BL27: =IF(ISNUMBER(FIND("PreWeaned",$Y27)), "", $AU27*AZ27*BE27*$BF27*$BG27) | BM27: =IF(ISNUMBER(FIND("PreWeaned",Y27)),_xlfn.XLOOKUP(Y27,Constants!$J$2:$J$3,Constants!$K$2:$K$3), "") -> 0.0204 | BN27: =Z27*AA27*SUM(BH27:BM27) -> 342.72
A28: ='Input Scenarios'!A28 -> NT | B28: ='Input Scenarios'!B28 -> 0 | C28: ='Input Scenarios'!C28 -> Irrigated pasture | D28: ='Input Scenarios'!D28 -> dry | E28: ='Input Scenarios'!E28 -> FALSE | F28: ='Input Scenarios'!F28 -> Zero grazing | G28: =IF('Input Scenarios'!G28<>"", 'Input Scenarios'!G28, _xlfn.XLOOKUP($F28, Constants!$M$6:$M$9,Constants!N$6:N$9)) -> 0 | H28: =IF('Input Scenarios'!H28<>"", 'Input Scenarios'!H28, _xlfn.XLOOKUP($F28, Constants!$M$6:$M$9,Constants!O$6:O$9)) -> 0.11 | I28: =IF('Input Scenarios'!I28<>"", 'Input Scenarios'!I28, _xlfn.XLOOKUP($F28, Constants!$M$6:$M$9,Constants!P$6:P$9)) -> 0.89 | J28: ='Input Scenarios'!J28 -> 0 | K28: ='Input Scenarios'!K28 -> 0.5 | L28: ='Input Scenarios'!L28 -> 0.5 | M28: ='Input Scenarios'!M28 -> 0 | N28: ='Input Scenarios'!N28 -> 0.5 | O28: ='Input Scenarios'!O28 -> 0 | P28: ='Input Scenarios'!P28 -> 0 | Q28: ='Input Scenarios'!Q28 -> 0.5 | R28: ='Input Scenarios'!R28 -> FALSE | S28: =IF('Input Scenarios'!S28<>"", 'Input Scenarios'!S28, IF(R28, Constants!$B$38, 0)) -> 0 | T28: =IF('Input Scenarios'!T28<>"", 'Input Scenarios'!T28, "") | U28: =IF('Input Scenarios'!U28<>"", 'Input Scenarios'!U28, IF(W28<>"", "", Constants!$B$39)) -> 4 | V28: =IF('Input Scenarios'!V28<>"", 'Input Scenarios'!V28, IF(W28<>"", "", Constants!$B$40)) -> 3.3 | W28: =IF('Input Scenarios'!W28<>"", 'Input Scenarios'!W28, "") | X28: ='Input Scenarios'!X28 -> Holstein-Friesian | Y28: ='Input Scenarios'!Y28 -> bullsLt1Weaned | Z28: ='Input Scenarios'!Z28 -> 200 | AA28: =IF('Input Scenarios'!AA28<>"", 'Input Scenarios'!AA28, _xlfn.XLOOKUP(Y28,Constants!$J$6:$J$12,Constants!$K$6:$K$12)) -> 281 | AB28: =IF('Input Scenarios'!AB28<>"", 'Input Scenarios'!AB28, INDEX(Constants!$B$2:$H$11, MATCH(X28, Constants!$A$2:$A$11, 0), MATCH(Y28,Constants!$B$1:$H$1, 0))) -> 225 | AC28: =IF('Input Scenarios'!AC28<>"", 'Input Scenarios'!AC28, _xlfn.XLOOKUP(Y28, Constants!$B$13:$H$13, Constants!$B$15:$H$15, "")) -> 0.8 | AD28: =IF('Input Scenarios'!AD28<>"", 'Input Scenarios'!AD28, Constants!$B$45) -> 0.75 | AE28: =IF('Input Scenarios'!AE28<>"", 'Input Scenarios'!AE28, Constants!$B$46) -> 0.2 | AF28: =IF($Y28="milkingCows",($H28*J28)+($I28*N28), 0) -> 0 | AG28: =IF($Y28="milkingCows",($H28*K28)+($I28*O28), 0) -> 0 | AH28: =IF($Y28="milkingCows",($H28*L28)+($I28*P28), 0) -> 0 | AI28: =IF($Y28="milkingCows",($H28*M28)+($I28*Q28), 0) -> 0 | AJ28: =IF($Y28="milkingCows",G28, 1) -> 1 | AK28: =IF(Y28="milkingCows", IF(W28<>"", W28, T28/((U28+V28)*0.01)), 0) -> 0 | AL28: =Constants!$B$44 -> 1.03 | AM28: =Constants!$B$41 -> 3.054 | AN28: =Constants!$B$42 -> 18.4 | AO28: =Constants!$B$43 -> 0.6 | AP28: =0.795*(AD28)-0.0014 -> 0.59485 | AQ28: =(AK28*AL28*AM28)/(AN28*AO28*AP28) -> 0 | AR28: =IF(Y28="milkingCows", Constants!$P$2, Constants!$P$3) -> 1 | AS28: =IFERROR(((((1.185 + (0.00454*AB28) - (0.0000026*(AB28^2)) + (0.315*AC28))^2)*AR28)+AQ28), "") -> 5.4143473 | AT28: =Constants!$B$47 -> 0.08 | AU28: =IFERROR((AS28*(1-AD28)+(0.04*AS28))*(1-AT28), "") -> 1.4445479 | AV28: =AF28*(1-S28) -> 0 | AW28: =AG28 -> 0 | AX28: =AH28 -> 0 | AY28: =AI28+(AF28*S28) -> 0 | AZ28: =AJ28 -> 1 | BA28: =_xlfn.XLOOKUP($A28, Constants!$E$18:$L$18,Constants!$E$19:$L$19) -> 0.8 | BB28: =_xlfn.XLOOKUP($A28, Constants!$E$18:$L$18,Constants!$E$20:$L$20) -> 0.01 | BC28: =_xlfn.XLOOKUP($A28, Constants!$E$18:$L$18,Constants!$E$21:$L$21) -> 0.5 | BD28: =_xlfn.XLOOKUP($A28, Constants!$E$18:$L$18,Constants!$E$22:$L$22) -> 0.02 | BE28: =_xlfn.XLOOKUP($A28, Constants!$E$18:$L$18,Constants!$E$23:$L$23) -> 0.02 | BF28: =Constants!$B$48 -> 0.24 | BG28: =Constants!$B$49 -> 0.6784 | BH28: =IF(ISNUMBER(FIND("PreWeaned",$Y28)), "", $AU28*AV28*BA28*$BF28*$BG28) -> 0 | BI28: =IF(ISNUMBER(FIND("PreWeaned",$Y28)), "", $AU28*AW28*BB28*$BF28*$BG28) -> 0 | BJ28: =IF(ISNUMBER(FIND("PreWeaned",$Y28)), "", $AU28*AX28*BC28*$BF28*$BG28) -> 0 | BK28: =IF(ISNUMBER(FIND("PreWeaned",$Y28)), "", $AU28*AY28*BD28*$BF28*$BG28) -> 0 | BL28: =IF(ISNUMBER(FIND("PreWeaned",$Y28)), "", $AU28*AZ28*BE28*$BF28*$BG28) -> 0.0047039101 | BM28: =IF(ISNUMBER(FIND("PreWeaned",Y28)),_xlfn.XLOOKUP(Y28,Constants!$J$2:$J$3,Constants!$K$2:$K$3), "") | BN28: =Z28*AA28*SUM(BH28:BM28) -> 264.35975
A29: ='Input Scenarios'!A29 -> TAS | B29: ='Input Scenarios'!B29 -> 0 | C29: ='Input Scenarios'!C29 -> Irrigated crop | D29: ='Input Scenarios'!D29 -> dry | E29: ='Input Scenarios'!E29 -> TRUE | F29: ='Input Scenarios'!F29 -> Grazed only | G29: =IF('Input Scenarios'!G29<>"", 'Input Scenarios'!G29, _xlfn.XLOOKUP($F29, Constants!$M$6:$M$9,Constants!N$6:N$9)) -> 0.89 | H29: =IF('Input Scenarios'!H29<>"", 'Input Scenarios'!H29, _xlfn.XLOOKUP($F29, Constants!$M$6:$M$9,Constants!O$6:O$9)) -> 0.11 | I29: =IF('Input Scenarios'!I29<>"", 'Input Scenarios'!I29, _xlfn.XLOOKUP($F29, Constants!$M$6:$M$9,Constants!P$6:P$9)) -> 0 | J29: ='Input Scenarios'!J29 -> 0.1 | K29: ='Input Scenarios'!K29 -> 0.2 | L29: ='Input Scenarios'!L29 -> 0.3 | M29: ='Input Scenarios'!M29 -> 0.4 | N29: ='Input Scenarios'!N29 -> 0.4 | O29: ='Input Scenarios'!O29 -> 0.3 | P29: ='Input Scenarios'!P29 -> 0.2 | Q29: ='Input Scenarios'!Q29 -> 0.1 | R29: ='Input Scenarios'!R29 -> FALSE | S29: =IF('Input Scenarios'!S29<>"", 'Input Scenarios'!S29, IF(R29, Constants!$B$38, 0)) -> 0 | T29: =IF('Input Scenarios'!T29<>"", 'Input Scenarios'!T29, "") | U29: =IF('Input Scenarios'!U29<>"", 'Input Scenarios'!U29, IF(W29<>"", "", Constants!$B$39)) | V29: =IF('Input Scenarios'!V29<>"", 'Input Scenarios'!V29, IF(W29<>"", "", Constants!$B$40)) | W29: =IF('Input Scenarios'!W29<>"", 'Input Scenarios'!W29, "") -> 20 | X29: ='Input Scenarios'!X29 -> Friesian crossbred | Y29: ='Input Scenarios'!Y29 -> milkingCows | Z29: ='Input Scenarios'!Z29 -> 200 | AA29: =IF('Input Scenarios'!AA29<>"", 'Input Scenarios'!AA29, _xlfn.XLOOKUP(Y29,Constants!$J$6:$J$12,Constants!$K$6:$K$12)) -> 365 | AB29: =IF('Input Scenarios'!AB29<>"", 'Input Scenarios'!AB29, INDEX(Constants!$B$2:$H$11, MATCH(X29, Constants!$A$2:$A$11, 0), MATCH(Y29,Constants!$B$1:$H$1, 0))) -> 500 | AC29: =IF('Input Scenarios'!AC29<>"", 'Input Scenarios'!AC29, _xlfn.XLOOKUP(Y29, Constants!$B$13:$H$13, Constants!$B$15:$H$15, "")) -> 0.016 | AD29: =IF('Input Scenarios'!AD29<>"", 'Input Scenarios'!AD29, Constants!$B$45) -> 0.75 | AE29: =IF('Input Scenarios'!AE29<>"", 'Input Scenarios'!AE29, Constants!$B$46) -> 0.2 | AF29: =IF($Y29="milkingCows",($H29*J29)+($I29*N29), 0) -> 0.011 | AG29: =IF($Y29="milkingCows",($H29*K29)+($I29*O29), 0) -> 0.022 | AH29: =IF($Y29="milkingCows",($H29*L29)+($I29*P29), 0) -> 0.033 | AI29: =IF($Y29="milkingCows",($H29*M29)+($I29*Q29), 0) -> 0.044 | AJ29: =IF($Y29="milkingCows",G29, 1) -> 0.89 | AK29: =IF(Y29="milkingCows", IF(W29<>"", W29, T29/((U29+V29)*0.01)), 0) -> 20 | AL29: =Constants!$B$44 -> 1.03 | AM29: =Constants!$B$41 -> 3.054 | AN29: =Constants!$B$42 -> 18.4 | AO29: =Constants!$B$43 -> 0.6 | AP29: =0.795*(AD29)-0.0014 -> 0.59485 | AQ29: =(AK29*AL29*AM29)/(AN29*AO29*AP29) -> 9.5798722 | AR29: =IF(Y29="milkingCows", Constants!$P$2, Constants!$P$3) -> 1.1 | AS29: =IFERROR(((((1.185 + (0.00454*AB29) - (0.0000026*(AB29^2)) + (0.315*AC29))^2)*AR29)+AQ29), "") -> 18.265829 | AT29: =Constants!$B$47 -> 0.08 | AU29: =IFERROR((AS29*(1-AD29)+(0.04*AS29))*(1-AT29), "") -> 4.8733233 | AV29: =AF29*(1-S29) -> 0.011 | AW29: =AG29 -> 0.022 | AX29: =AH29 -> 0.033 | AY29: =AI29+(AF29*S29) -> 0.044 | AZ29: =AJ29 -> 0.89 | BA29: =_xlfn.XLOOKUP($A29, Constants!$E$18:$L$18,Constants!$E$19:$L$19) -> 0.69 | BB29: =_xlfn.XLOOKUP($A29, Constants!$E$18:$L$18,Constants!$E$20:$L$20) -> 0.001 | BC29: =_xlfn.XLOOKUP($A29, Constants!$E$18:$L$18,Constants!$E$21:$L$21) -> 0.13 | BD29: =_xlfn.XLOOKUP($A29, Constants!$E$18:$L$18,Constants!$E$22:$L$22) -> 0.02 | BE29: =_xlfn.XLOOKUP($A29, Constants!$E$18:$L$18,Constants!$E$23:$L$23) -> 0.01 | BF29: =Constants!$B$48 -> 0.24 | BG29: =Constants!$B$49 -> 0.6784 | BH29: =IF(ISNUMBER(FIND("PreWeaned",$Y29)), "", $AU29*AV29*BA29*$BF29*$BG29) -> 0.0060223235 | BI29: =IF(ISNUMBER(FIND("PreWeaned",$Y29)), "", $AU29*AW29*BB29*$BF29*$BG29) -> 1.745601e-05 | BJ29: =IF(ISNUMBER(FIND("PreWeaned",$Y29)), "", $AU29*AX29*BC29*$BF29*$BG29) -> 0.003403922 | BK29: =IF(ISNUMBER(FIND("PreWeaned",$Y29)), "", $AU29*AY29*BD29*$BF29*$BG29) -> 0.00069824041 | BL29: =IF(ISNUMBER(FIND("PreWeaned",$Y29)), "", $AU29*AZ29*BE29*$BF29*$BG29) -> 0.0070617496 | BM29: =IF(ISNUMBER(FIND("PreWeaned",Y29)),_xlfn.XLOOKUP(Y29,Constants!$J$2:$J$3,Constants!$K$2:$K$3), "") | BN29: =Z29*AA29*SUM(BH29:BM29) -> 1255.8695 | BO29: =SUM(BN29:BN35)/1000 -> 2.6290369
A30: ='Input Scenarios'!A30 -> TAS | B30: ='Input Scenarios'!B30 -> 0 | C30: ='Input Scenarios'!C30 -> Irrigated crop | D30: ='Input Scenarios'!D30 -> dry | E30: ='Input Scenarios'!E30 -> TRUE | F30: ='Input Scenarios'!F30 -> Grazed only | G30: =IF('Input Scenarios'!G30<>"", 'Input Scenarios'!G30, _xlfn.XLOOKUP($F30, Constants!$M$6:$M$9,Constants!N$6:N$9)) -> 0.89 | H30: =IF('Input Scenarios'!H30<>"", 'Input Scenarios'!H30, _xlfn.XLOOKUP($F30, Constants!$M$6:$M$9,Constants!O$6:O$9)) -> 0.11 | I30: =IF('Input Scenarios'!I30<>"", 'Input Scenarios'!I30, _xlfn.XLOOKUP($F30, Constants!$M$6:$M$9,Constants!P$6:P$9)) -> 0 | J30: ='Input Scenarios'!J30 -> 0.1 | K30: ='Input Scenarios'!K30 -> 0.2 | L30: ='Input Scenarios'!L30 -> 0.3 | M30: ='Input Scenarios'!M30 -> 0.4 | N30: ='Input Scenarios'!N30 -> 0.4 | O30: ='Input Scenarios'!O30 -> 0.3 | P30: ='Input Scenarios'!P30 -> 0.2 | Q30: ='Input Scenarios'!Q30 -> 0.1 | R30: ='Input Scenarios'!R30 -> FALSE | S30: =IF('Input Scenarios'!S30<>"", 'Input Scenarios'!S30, IF(R30, Constants!$B$38, 0)) -> 0 | T30: =IF('Input Scenarios'!T30<>"", 'Input Scenarios'!T30, "") | U30: =IF('Input Scenarios'!U30<>"", 'Input Scenarios'!U30, IF(W30<>"", "", Constants!$B$39)) -> 4 | V30: =IF('Input Scenarios'!V30<>"", 'Input Scenarios'!V30, IF(W30<>"", "", Constants!$B$40)) -> 3.3 | W30: =IF('Input Scenarios'!W30<>"", 'Input Scenarios'!W30, "") | X30: ='Input Scenarios'!X30 -> Friesian crossbred | Y30: ='Input Scenarios'!Y30 -> heifersGt1 | Z30: ='Input Scenarios'!Z30 -> 200 | AA30: =IF('Input Scenarios'!AA30<>"", 'Input Scenarios'!AA30, _xlfn.XLOOKUP(Y30,Constants!$J$6:$J$12,Constants!$K$6:$K$12)) -> 365 | AB30: =IF('Input Scenarios'!AB30<>"", 'Input Scenarios'!AB30, INDEX(Constants!$B$2:$H$11, MATCH(X30, Constants!$A$2:$A$11, 0), MATCH(Y30,Constants!$B$1:$H$1, 0))) -> 350 | AC30: =IF('Input Scenarios'!AC30<>"", 'Input Scenarios'!AC30, _xlfn.XLOOKUP(Y30, Constants!$B$13:$H$13, Constants!$B$15:$H$15, "")) -> 0.6 | AD30: =IF('Input Scenarios'!AD30<>"", 'Input Scenarios'!AD30, Constants!$B$45) -> 0.75 | AE30: =IF('Input Scenarios'!AE30<>"", 'Input Scenarios'!AE30, Constants!$B$46) -> 0.2 | AF30: =IF($Y30="milkingCows",($H30*J30)+($I30*N30), 0) -> 0 | AG30: =IF($Y30="milkingCows",($H30*K30)+($I30*O30), 0) -> 0 | AH30: =IF($Y30="milkingCows",($H30*L30)+($I30*P30), 0) -> 0 | AI30: =IF($Y30="milkingCows",($H30*M30)+($I30*Q30), 0) -> 0 | AJ30: =IF($Y30="milkingCows",G30, 1) -> 1 | AK30: =IF(Y30="milkingCows", IF(W30<>"", W30, T30/((U30+V30)*0.01)), 0) -> 0 | AL30: =Constants!$B$44 -> 1.03 | AM30: =Constants!$B$41 -> 3.054 | AN30: =Constants!$B$42 -> 18.4 | AO30: =Constants!$B$43 -> 0.6 | AP30: =0.795*(AD30)-0.0014 -> 0.59485 | AQ30: =(AK30*AL30*AM30)/(AN30*AO30*AP30) -> 0 | AR30: =IF(Y30="milkingCows", Constants!$P$2, Constants!$P$3) -> 1 | AS30: =IFERROR(((((1.185 + (0.00454*AB30) - (0.0000026*(AB30^2)) + (0.315*AC30))^2)*AR30)+AQ30), "") -> 6.9933802 | AT30: =Constants!$B$47 -> 0.08 | AU30: =IFERROR((AS30*(1-AD30)+(0.04*AS30))*(1-AT30), "") -> 1.8658339 | AV30: =AF30*(1-S30) -> 0 | AW30: =AG30 -> 0 | AX30: =AH30 -> 0 | AY30: =AI30+(AF30*S30) -> 0 | AZ30: =AJ30 -> 1 | BA30: =_xlfn.XLOOKUP($A30, Constants!$E$18:$L$18,Constants!$E$19:$L$19) -> 0.69 | BB30: =_xlfn.XLOOKUP($A30, Constants!$E$18:$L$18,Constants!$E$20:$L$20) -> 0.001 | BC30: =_xlfn.XLOOKUP($A30, Constants!$E$18:$L$18,Constants!$E$21:$L$21) -> 0.13 | BD30: =_xlfn.XLOOKUP($A30, Constants!$E$18:$L$18,Constants!$E$22:$L$22) -> 0.02 | BE30: =_xlfn.XLOOKUP($A30, Constants!$E$18:$L$18,Constants!$E$23:$L$23) -> 0.01 | BF30: =Constants!$B$48 -> 0.24 | BG30: =Constants!$B$49 -> 0.6784 | BH30: =IF(ISNUMBER(FIND("PreWeaned",$Y30)), "", $AU30*AV30*BA30*$BF30*$BG30) -> 0 | BI30: =IF(ISNUMBER(FIND("PreWeaned",$Y30)), "", $AU30*AW30*BB30*$BF30*$BG30) -> 0 | BJ30: =IF(ISNUMBER(FIND("PreWeaned",$Y30)), "", $AU30*AX30*BC30*$BF30*$BG30) -> 0 | BK30: =IF(ISNUMBER(FIND("PreWeaned",$Y30)), "", $AU30*AY30*BD30*$BF30*$BG30) -> 0 | BL30: =IF(ISNUMBER(FIND("PreWeaned",$Y30)), "", $AU30*AZ30*BE30*$BF30*$BG30) -> 0.003037876 | BM30: =IF(ISNUMBER(FIND("PreWeaned",Y30)),_xlfn.XLOOKUP(Y30,Constants!$J$2:$J$3,Constants!$K$2:$K$3), "") | BN30: =Z30*AA30*SUM(BH30:BM30) -> 221.76495
A31: ='Input Scenarios'!A31 -> TAS | B31: ='Input Scenarios'!B31 -> 0 | C31: ='Input Scenarios'!C31 -> Irrigated crop | D31: ='Input Scenarios'!D31 -> dry | E31: ='Input Scenarios'!E31 -> TRUE | F31: ='Input Scenarios'!F31 -> Grazed only | G31: =IF('Input Scenarios'!G31<>"", 'Input Scenarios'!G31, _xlfn.XLOOKUP($F31, Constants!$M$6:$M$9,Constants!N$6:N$9)) -> 0.89 | H31: =IF('Input Scenarios'!H31<>"", 'Input Scenarios'!H31, _xlfn.XLOOKUP($F31, Constants!$M$6:$M$9,Constants!O$6:O$9)) -> 0.11 | I31: =IF('Input Scenarios'!I31<>"", 'Input Scenarios'!I31, _xlfn.XLOOKUP($F31, Constants!$M$6:$M$9,Constants!P$6:P$9)) -> 0 | J31: ='Input Scenarios'!J31 -> 0.1 | K31: ='Input Scenarios'!K31 -> 0.2 | L31: ='Input Scenarios'!L31 -> 0.3 | M31: ='Input Scenarios'!M31 -> 0.4 | N31: ='Input Scenarios'!N31 -> 0.4 | O31: ='Input Scenarios'!O31 -> 0.3 | P31: ='Input Scenarios'!P31 -> 0.2 | Q31: ='Input Scenarios'!Q31 -> 0.1 | R31: ='Input Scenarios'!R31 -> FALSE | S31: =IF('Input Scenarios'!S31<>"", 'Input Scenarios'!S31, IF(R31, Constants!$B$38, 0)) -> 0 | T31: =IF('Input Scenarios'!T31<>"", 'Input Scenarios'!T31, "") | U31: =IF('Input Scenarios'!U31<>"", 'Input Scenarios'!U31, IF(W31<>"", "", Constants!$B$39)) -> 4 | V31: =IF('Input Scenarios'!V31<>"", 'Input Scenarios'!V31, IF(W31<>"", "", Constants!$B$40)) -> 3.3 | W31: =IF('Input Scenarios'!W31<>"", 'Input Scenarios'!W31, "") | X31: ='Input Scenarios'!X31 -> Friesian crossbred | Y31: ='Input Scenarios'!Y31 -> heifersLt1PreWeaned | Z31: ='Input Scenarios'!Z31 -> 200 | AA31: =IF('Input Scenarios'!AA31<>"", 'Input Scenarios'!AA31, _xlfn.XLOOKUP(Y31,Constants!$J$6:$J$12,Constants!$K$6:$K$12)) -> 84 | AB31: =IF('Input Scenarios'!AB31<>"", 'Input Scenarios'!AB31, INDEX(Constants!$B$2:$H$11, MATCH(X31, Constants!$A$2:$A$11, 0), MATCH(Y31,Constants!$B$1:$H$1, 0))) -> 145 | AC31: =IF('Input Scenarios'!AC31<>"", 'Input Scenarios'!AC31, _xlfn.XLOOKUP(Y31, Constants!$B$13:$H$13, Constants!$B$15:$H$15, "")) | AD31: =IF('Input Scenarios'!AD31<>"", 'Input Scenarios'!AD31, Constants!$B$45) -> 0.75 | AE31: =IF('Input Scenarios'!AE31<>"", 'Input Scenarios'!AE31, Constants!$B$46) -> 0.2 | AF31: =IF($Y31="milkingCows",($H31*J31)+($I31*N31), 0) -> 0 | AG31: =IF($Y31="milkingCows",($H31*K31)+($I31*O31), 0) -> 0 | AH31: =IF($Y31="milkingCows",($H31*L31)+($I31*P31), 0) -> 0 | AI31: =IF($Y31="milkingCows",($H31*M31)+($I31*Q31), 0) -> 0 | AJ31: =IF($Y31="milkingCows",G31, 1) -> 1 | AK31: =IF(Y31="milkingCows", IF(W31<>"", W31, T31/((U31+V31)*0.01)), 0) -> 0 | AL31: =Constants!$B$44 -> 1.03 | AM31: =Constants!$B$41 -> 3.054 | AN31: =Constants!$B$42 -> 18.4 | AO31: =Constants!$B$43 -> 0.6 | AP31: =0.795*(AD31)-0.0014 -> 0.59485 | AQ31: =(AK31*AL31*AM31)/(AN31*AO31*AP31) -> 0 | AR31: =IF(Y31="milkingCows", Constants!$P$2, Constants!$P$3) -> 1 | AS31: =IFERROR(((((1.185 + (0.00454*AB31) - (0.0000026*(AB31^2)) + (0.315*AC31))^2)*AR31)+AQ31), "") | AT31: =Constants!$B$47 -> 0.08 | AU31: =IFERROR((AS31*(1-AD31)+(0.04*AS31))*(1-AT31), "") | AV31: =AF31*(1-S31) -> 0 | AW31: =AG31 -> 0 | AX31: =AH31 -> 0 | AY31: =AI31+(AF31*S31) -> 0 | AZ31: =AJ31 -> 1 | BA31: =_xlfn.XLOOKUP($A31, Constants!$E$18:$L$18,Constants!$E$19:$L$19) -> 0.69 | BB31: =_xlfn.XLOOKUP($A31, Constants!$E$18:$L$18,Constants!$E$20:$L$20) -> 0.001 | BC31: =_xlfn.XLOOKUP($A31, Constants!$E$18:$L$18,Constants!$E$21:$L$21) -> 0.13 | BD31: =_xlfn.XLOOKUP($A31, Constants!$E$18:$L$18,Constants!$E$22:$L$22) -> 0.02 | BE31: =_xlfn.XLOOKUP($A31, Constants!$E$18:$L$18,Constants!$E$23:$L$23) -> 0.01 | BF31: =Constants!$B$48 -> 0.24 | BG31: =Constants!$B$49 -> 0.6784 | BH31: =IF(ISNUMBER(FIND("PreWeaned",$Y31)), "", $AU31*AV31*BA31*$BF31*$BG31) | BI31: =IF(ISNUMBER(FIND("PreWeaned",$Y31)), "", $AU31*AW31*BB31*$BF31*$BG31) | BJ31: =IF(ISNUMBER(FIND("PreWeaned",$Y31)), "", $AU31*AX31*BC31*$BF31*$BG31) | BK31: =IF(ISNUMBER(FIND("PreWeaned",$Y31)), "", $AU31*AY31*BD31*$BF31*$BG31) | BL31: =IF(ISNUMBER(FIND("PreWeaned",$Y31)), "", $AU31*AZ31*BE31*$BF31*$BG31) | BM31: =IF(ISNUMBER(FIND("PreWeaned",Y31)),_xlfn.XLOOKUP(Y31,Constants!$J$2:$J$3,Constants!$K$2:$K$3), "") -> 0.0176 | BN31: =Z31*AA31*SUM(BH31:BM31) -> 295.68
A32: ='Input Scenarios'!A32 -> TAS | B32: ='Input Scenarios'!B32 -> 0 | C32: ='Input Scenarios'!C32 -> Irrigated crop | D32: ='Input Scenarios'!D32 -> dry | E32: ='Input Scenarios'!E32 -> TRUE | F32: ='Input Scenarios'!F32 -> Grazed only | G32: =IF('Input Scenarios'!G32<>"", 'Input Scenarios'!G32, _xlfn.XLOOKUP($F32, Constants!$M$6:$M$9,Constants!N$6:N$9)) -> 0.89 | H32: =IF('Input Scenarios'!H32<>"", 'Input Scenarios'!H32, _xlfn.XLOOKUP($F32, Constants!$M$6:$M$9,Constants!O$6:O$9)) -> 0.11 | I32: =IF('Input Scenarios'!I32<>"", 'Input Scenarios'!I32, _xlfn.XLOOKUP($F32, Constants!$M$6:$M$9,Constants!P$6:P$9)) -> 0 | J32: ='Input Scenarios'!J32 -> 0.1 | K32: ='Input Scenarios'!K32 -> 0.2 | L32: ='Input Scenarios'!L32 -> 0.3 | M32: ='Input Scenarios'!M32 -> 0.4 | N32: ='Input Scenarios'!N32 -> 0.4 | O32: ='Input Scenarios'!O32 -> 0.3 | P32: ='Input Scenarios'!P32 -> 0.2 | Q32: ='Input Scenarios'!Q32 -> 0.1 | R32: ='Input Scenarios'!R32 -> FALSE | S32: =IF('Input Scenarios'!S32<>"", 'Input Scenarios'!S32, IF(R32, Constants!$B$38, 0)) -> 0 | T32: =IF('Input Scenarios'!T32<>"", 'Input Scenarios'!T32, "") | U32: =IF('Input Scenarios'!U32<>"", 'Input Scenarios'!U32, IF(W32<>"", "", Constants!$B$39)) -> 4 | V32: =IF('Input Scenarios'!V32<>"", 'Input Scenarios'!V32, IF(W32<>"", "", Constants!$B$40)) -> 3.3 | W32: =IF('Input Scenarios'!W32<>"", 'Input Scenarios'!W32, "") | X32: ='Input Scenarios'!X32 -> Friesian crossbred | Y32: ='Input Scenarios'!Y32 -> heifersLt1Weaned | Z32: ='Input Scenarios'!Z32 -> 200 | AA32: =IF('Input Scenarios'!AA32<>"", 'Input Scenarios'!AA32, _xlfn.XLOOKUP(Y32,Constants!$J$6:$J$12,Constants!$K$6:$K$12)) -> 281 | AB32: =IF('Input Scenarios'!AB32<>"", 'Input Scenarios'!AB32, INDEX(Constants!$B$2:$H$11, MATCH(X32, Constants!$A$2:$A$11, 0), MATCH(Y32,Constants!$B$1:$H$1, 0))) -> 145 | AC32: =IF('Input Scenarios'!AC32<>"", 'Input Scenarios'!AC32, _xlfn.XLOOKUP(Y32, Constants!$B$13:$H$13, Constants!$B$15:$H$15, "")) -> 0.57 | AD32: =IF('Input Scenarios'!AD32<>"", 'Input Scenarios'!AD32, Constants!$B$45) -> 0.75 | AE32: =IF('Input Scenarios'!AE32<>"", 'Input Scenarios'!AE32, Constants!$B$46) -> 0.2 | AF32: =IF($Y32="milkingCows",($H32*J32)+($I32*N32), 0) -> 0 | AG32: =IF($Y32="milkingCows",($H32*K32)+($I32*O32), 0) -> 0 | AH32: =IF($Y32="milkingCows",($H32*L32)+($I32*P32), 0) -> 0 | AI32: =IF($Y32="milkingCows",($H32*M32)+($I32*Q32), 0) -> 0 | AJ32: =IF($Y32="milkingCows",G32, 1) -> 1 | AK32: =IF(Y32="milkingCows", IF(W32<>"", W32, T32/((U32+V32)*0.01)), 0) -> 0 | AL32: =Constants!$B$44 -> 1.03 | AM32: =Constants!$B$41 -> 3.054 | AN32: =Constants!$B$42 -> 18.4 | AO32: =Constants!$B$43 -> 0.6 | AP32: =0.795*(AD32)-0.0014 -> 0.59485 | AQ32: =(AK32*AL32*AM32)/(AN32*AO32*AP32) -> 0 | AR32: =IF(Y32="milkingCows", Constants!$P$2, Constants!$P$3) -> 1 | AS32: =IFERROR(((((1.185 + (0.00454*AB32) - (0.0000026*(AB32^2)) + (0.315*AC32))^2)*AR32)+AQ32), "") -> 3.8737522 | AT32: =Constants!$B$47 -> 0.08 | AU32: =IFERROR((AS32*(1-AD32)+(0.04*AS32))*(1-AT32), "") -> 1.0335171 | AV32: =AF32*(1-S32) -> 0 | AW32: =AG32 -> 0 | AX32: =AH32 -> 0 | AY32: =AI32+(AF32*S32) -> 0 | AZ32: =AJ32 -> 1 | BA32: =_xlfn.XLOOKUP($A32, Constants!$E$18:$L$18,Constants!$E$19:$L$19) -> 0.69 | BB32: =_xlfn.XLOOKUP($A32, Constants!$E$18:$L$18,Constants!$E$20:$L$20) -> 0.001 | BC32: =_xlfn.XLOOKUP($A32, Constants!$E$18:$L$18,Constants!$E$21:$L$21) -> 0.13 | BD32: =_xlfn.XLOOKUP($A32, Constants!$E$18:$L$18,Constants!$E$22:$L$22) -> 0.02 | BE32: =_xlfn.XLOOKUP($A32, Constants!$E$18:$L$18,Constants!$E$23:$L$23) -> 0.01 | BF32: =Constants!$B$48 -> 0.24 | BG32: =Constants!$B$49 -> 0.6784 | BH32: =IF(ISNUMBER(FIND("PreWeaned",$Y32)), "", $AU32*AV32*BA32*$BF32*$BG32) -> 0 | BI32: =IF(ISNUMBER(FIND("PreWeaned",$Y32)), "", $AU32*AW32*BB32*$BF32*$BG32) -> 0 | BJ32: =IF(ISNUMBER(FIND("PreWeaned",$Y32)), "", $AU32*AX32*BC32*$BF32*$BG32) -> 0 | BK32: =IF(ISNUMBER(FIND("PreWeaned",$Y32)), "", $AU32*AY32*BD32*$BF32*$BG32) -> 0 | BL32: =IF(ISNUMBER(FIND("PreWeaned",$Y32)), "", $AU32*AZ32*BE32*$BF32*$BG32) -> 0.0016827312 | BM32: =IF(ISNUMBER(FIND("PreWeaned",Y32)),_xlfn.XLOOKUP(Y32,Constants!$J$2:$J$3,Constants!$K$2:$K$3), "") | BN32: =Z32*AA32*SUM(BH32:BM32) -> 94.569492
A33: ='Input Scenarios'!A33 -> TAS | B33: ='Input Scenarios'!B33 -> 0 | C33: ='Input Scenarios'!C33 -> Irrigated crop | D33: ='Input Scenarios'!D33 -> dry | E33: ='Input Scenarios'!E33 -> TRUE | F33: ='Input Scenarios'!F33 -> Grazed only | G33: =IF('Input Scenarios'!G33<>"", 'Input Scenarios'!G33, _xlfn.XLOOKUP($F33, Constants!$M$6:$M$9,Constants!N$6:N$9)) -> 0.89 | H33: =IF('Input Scenarios'!H33<>"", 'Input Scenarios'!H33, _xlfn.XLOOKUP($F33, Constants!$M$6:$M$9,Constants!O$6:O$9)) -> 0.11 | I33: =IF('Input Scenarios'!I33<>"", 'Input Scenarios'!I33, _xlfn.XLOOKUP($F33, Constants!$M$6:$M$9,Constants!P$6:P$9)) -> 0 | J33: ='Input Scenarios'!J33 -> 0.1 | K33: ='Input Scenarios'!K33 -> 0.2 | L33: ='Input Scenarios'!L33 -> 0.3 | M33: ='Input Scenarios'!M33 -> 0.4 | N33: ='Input Scenarios'!N33 -> 0.4 | O33: ='Input Scenarios'!O33 -> 0.3 | P33: ='Input Scenarios'!P33 -> 0.2 | Q33: ='Input Scenarios'!Q33 -> 0.1 | R33: ='Input Scenarios'!R33 -> FALSE | S33: =IF('Input Scenarios'!S33<>"", 'Input Scenarios'!S33, IF(R33, Constants!$B$38, 0)) -> 0 | T33: =IF('Input Scenarios'!T33<>"", 'Input Scenarios'!T33, "") | U33: =IF('Input Scenarios'!U33<>"", 'Input Scenarios'!U33, IF(W33<>"", "", Constants!$B$39)) -> 4 | V33: =IF('Input Scenarios'!V33<>"", 'Input Scenarios'!V33, IF(W33<>"", "", Constants!$B$40)) -> 3.3 | W33: =IF('Input Scenarios'!W33<>"", 'Input Scenarios'!W33, "") | X33: ='Input Scenarios'!X33 -> Friesian crossbred | Y33: ='Input Scenarios'!Y33 -> bullsGt1 | Z33: ='Input Scenarios'!Z33 -> 200 | AA33: =IF('Input Scenarios'!AA33<>"", 'Input Scenarios'!AA33, _xlfn.XLOOKUP(Y33,Constants!$J$6:$J$12,Constants!$K$6:$K$12)) -> 365 | AB33: =IF('Input Scenarios'!AB33<>"", 'Input Scenarios'!AB33, INDEX(Constants!$B$2:$H$11, MATCH(X33, Constants!$A$2:$A$11, 0), MATCH(Y33,Constants!$B$1:$H$1, 0))) -> 600 | AC33: =IF('Input Scenarios'!AC33<>"", 'Input Scenarios'!AC33, _xlfn.XLOOKUP(Y33, Constants!$B$13:$H$13, Constants!$B$15:$H$15, "")) -> 0.1 | AD33: =IF('Input Scenarios'!AD33<>"", 'Input Scenarios'!AD33, Constants!$B$45) -> 0.75 | AE33: =IF('Input Scenarios'!AE33<>"", 'Input Scenarios'!AE33, Constants!$B$46) -> 0.2 | AF33: =IF($Y33="milkingCows",($H33*J33)+($I33*N33), 0) -> 0 | AG33: =IF($Y33="milkingCows",($H33*K33)+($I33*O33), 0) -> 0 | AH33: =IF($Y33="milkingCows",($H33*L33)+($I33*P33), 0) -> 0 | AI33: =IF($Y33="milkingCows",($H33*M33)+($I33*Q33), 0) -> 0 | AJ33: =IF($Y33="milkingCows",G33, 1) -> 1 | AK33: =IF(Y33="milkingCows", IF(W33<>"", W33, T33/((U33+V33)*0.01)), 0) -> 0 | AL33: =Constants!$B$44 -> 1.03 | AM33: =Constants!$B$41 -> 3.054 | AN33: =Constants!$B$42 -> 18.4 | AO33: =Constants!$B$43 -> 0.6 | AP33: =0.795*(AD33)-0.0014 -> 0.59485 | AQ33: =(AK33*AL33*AM33)/(AN33*AO33*AP33) -> 0 | AR33: =IF(Y33="milkingCows", Constants!$P$2, Constants!$P$3) -> 1 | AS33: =IFERROR(((((1.185 + (0.00454*AB33) - (0.0000026*(AB33^2)) + (0.315*AC33))^2)*AR33)+AQ33), "") -> 9.0270202 | AT33: =Constants!$B$47 -> 0.08 | AU33: =IFERROR((AS33*(1-AD33)+(0.04*AS33))*(1-AT33), "") -> 2.408409 | AV33: =AF33*(1-S33) -> 0 | AW33: =AG33 -> 0 | AX33: =AH33 -> 0 | AY33: =AI33+(AF33*S33) -> 0 | AZ33: =AJ33 -> 1 | BA33: =_xlfn.XLOOKUP($A33, Constants!$E$18:$L$18,Constants!$E$19:$L$19) -> 0.69 | BB33: =_xlfn.XLOOKUP($A33, Constants!$E$18:$L$18,Constants!$E$20:$L$20) -> 0.001 | BC33: =_xlfn.XLOOKUP($A33, Constants!$E$18:$L$18,Constants!$E$21:$L$21) -> 0.13 | BD33: =_xlfn.XLOOKUP($A33, Constants!$E$18:$L$18,Constants!$E$22:$L$22) -> 0.02 | BE33: =_xlfn.XLOOKUP($A33, Constants!$E$18:$L$18,Constants!$E$23:$L$23) -> 0.01 | BF33: =Constants!$B$48 -> 0.24 | BG33: =Constants!$B$49 -> 0.6784 | BH33: =IF(ISNUMBER(FIND("PreWeaned",$Y33)), "", $AU33*AV33*BA33*$BF33*$BG33) -> 0 | BI33: =IF(ISNUMBER(FIND("PreWeaned",$Y33)), "", $AU33*AW33*BB33*$BF33*$BG33) -> 0 | BJ33: =IF(ISNUMBER(FIND("PreWeaned",$Y33)), "", $AU33*AX33*BC33*$BF33*$BG33) -> 0 | BK33: =IF(ISNUMBER(FIND("PreWeaned",$Y33)), "", $AU33*AY33*BD33*$BF33*$BG33) -> 0 | BL33: =IF(ISNUMBER(FIND("PreWeaned",$Y33)), "", $AU33*AZ33*BE33*$BF33*$BG33) -> 0.0039212752 | BM33: =IF(ISNUMBER(FIND("PreWeaned",Y33)),_xlfn.XLOOKUP(Y33,Constants!$J$2:$J$3,Constants!$K$2:$K$3), "") | BN33: =Z33*AA33*SUM(BH33:BM33) -> 286.25309
A34: ='Input Scenarios'!A34 -> TAS | B34: ='Input Scenarios'!B34 -> 0 | C34: ='Input Scenarios'!C34 -> Irrigated crop | D34: ='Input Scenarios'!D34 -> dry | E34: ='Input Scenarios'!E34 -> TRUE | F34: ='Input Scenarios'!F34 -> Grazed only | G34: =IF('Input Scenarios'!G34<>"", 'Input Scenarios'!G34, _xlfn.XLOOKUP($F34, Constants!$M$6:$M$9,Constants!N$6:N$9)) -> 0.89 | H34: =IF('Input Scenarios'!H34<>"", 'Input Scenarios'!H34, _xlfn.XLOOKUP($F34, Constants!$M$6:$M$9,Constants!O$6:O$9)) -> 0.11 | I34: =IF('Input Scenarios'!I34<>"", 'Input Scenarios'!I34, _xlfn.XLOOKUP($F34, Constants!$M$6:$M$9,Constants!P$6:P$9)) -> 0 | J34: ='Input Scenarios'!J34 -> 0.1 | K34: ='Input Scenarios'!K34 -> 0.2 | L34: ='Input Scenarios'!L34 -> 0.3 | M34: ='Input Scenarios'!M34 -> 0.4 | N34: ='Input Scenarios'!N34 -> 0.4 | O34: ='Input Scenarios'!O34 -> 0.3 | P34: ='Input Scenarios'!P34 -> 0.2 | Q34: ='Input Scenarios'!Q34 -> 0.1 | R34: ='Input Scenarios'!R34 -> FALSE | S34: =IF('Input Scenarios'!S34<>"", 'Input Scenarios'!S34, IF(R34, Constants!$B$38, 0)) -> 0 | T34: =IF('Input Scenarios'!T34<>"", 'Input Scenarios'!T34, "") | U34: =IF('Input Scenarios'!U34<>"", 'Input Scenarios'!U34, IF(W34<>"", "", Constants!$B$39)) -> 4 | V34: =IF('Input Scenarios'!V34<>"", 'Input Scenarios'!V34, IF(W34<>"", "", Constants!$B$40)) -> 3.3 | W34: =IF('Input Scenarios'!W34<>"", 'Input Scenarios'!W34, "") | X34: ='Input Scenarios'!X34 -> Friesian crossbred | Y34: ='Input Scenarios'!Y34 -> bullsLt1PreWeaned | Z34: ='Input Scenarios'!Z34 -> 200 | AA34: =IF('Input Scenarios'!AA34<>"", 'Input Scenarios'!AA34, _xlfn.XLOOKUP(Y34,Constants!$J$6:$J$12,Constants!$K$6:$K$12)) -> 84 | AB34: =IF('Input Scenarios'!AB34<>"", 'Input Scenarios'!AB34, INDEX(Constants!$B$2:$H$11, MATCH(X34, Constants!$A$2:$A$11, 0), MATCH(Y34,Constants!$B$1:$H$1, 0))) -> 225 | AC34: =IF('Input Scenarios'!AC34<>"", 'Input Scenarios'!AC34, _xlfn.XLOOKUP(Y34, Constants!$B$13:$H$13, Constants!$B$15:$H$15, "")) | AD34: =IF('Input Scenarios'!AD34<>"", 'Input Scenarios'!AD34, Constants!$B$45) -> 0.75 | AE34: =IF('Input Scenarios'!AE34<>"", 'Input Scenarios'!AE34, Constants!$B$46) -> 0.2 | AF34: =IF($Y34="milkingCows",($H34*J34)+($I34*N34), 0) -> 0 | AG34: =IF($Y34="milkingCows",($H34*K34)+($I34*O34), 0) -> 0 | AH34: =IF($Y34="milkingCows",($H34*L34)+($I34*P34), 0) -> 0 | AI34: =IF($Y34="milkingCows",($H34*M34)+($I34*Q34), 0) -> 0 | AJ34: =IF($Y34="milkingCows",G34, 1) -> 1 | AK34: =IF(Y34="milkingCows", IF(W34<>"", W34, T34/((U34+V34)*0.01)), 0) -> 0 | AL34: =Constants!$B$44 -> 1.03 | AM34: =Constants!$B$41 -> 3.054 | AN34: =Constants!$B$42 -> 18.4 | AO34: =Constants!$B$43 -> 0.6 | AP34: =0.795*(AD34)-0.0014 -> 0.59485 | AQ34: =(AK34*AL34*AM34)/(AN34*AO34*AP34) -> 0 | AR34: =IF(Y34="milkingCows", Constants!$P$2, Constants!$P$3) -> 1 | AS34: =IFERROR(((((1.185 + (0.00454*AB34) - (0.0000026*(AB34^2)) + (0.315*AC34))^2)*AR34)+AQ34), "") | AT34: =Constants!$B$47 -> 0.08 | AU34: =IFERROR((AS34*(1-AD34)+(0.04*AS34))*(1-AT34), "") | AV34: =AF34*(1-S34) -> 0 | AW34: =AG34 -> 0 | AX34: =AH34 -> 0 | AY34: =AI34+(AF34*S34) -> 0 | AZ34: =AJ34 -> 1 | BA34: =_xlfn.XLOOKUP($A34, Constants!$E$18:$L$18,Constants!$E$19:$L$19) -> 0.69 | BB34: =_xlfn.XLOOKUP($A34, Constants!$E$18:$L$18,Constants!$E$20:$L$20) -> 0.001 | BC34: =_xlfn.XLOOKUP($A34, Constants!$E$18:$L$18,Constants!$E$21:$L$21) -> 0.13 | BD34: =_xlfn.XLOOKUP($A34, Constants!$E$18:$L$18,Constants!$E$22:$L$22) -> 0.02 | BE34: =_xlfn.XLOOKUP($A34, Constants!$E$18:$L$18,Constants!$E$23:$L$23) -> 0.01 | BF34: =Constants!$B$48 -> 0.24 | BG34: =Constants!$B$49 -> 0.6784 | BH34: =IF(ISNUMBER(FIND("PreWeaned",$Y34)), "", $AU34*AV34*BA34*$BF34*$BG34) | BI34: =IF(ISNUMBER(FIND("PreWeaned",$Y34)), "", $AU34*AW34*BB34*$BF34*$BG34) | BJ34: =IF(ISNUMBER(FIND("PreWeaned",$Y34)), "", $AU34*AX34*BC34*$BF34*$BG34) | BK34: =IF(ISNUMBER(FIND("PreWeaned",$Y34)), "", $AU34*AY34*BD34*$BF34*$BG34) | BL34: =IF(ISNUMBER(FIND("PreWeaned",$Y34)), "", $AU34*AZ34*BE34*$BF34*$BG34) | BM34: =IF(ISNUMBER(FIND("PreWeaned",Y34)),_xlfn.XLOOKUP(Y34,Constants!$J$2:$J$3,Constants!$K$2:$K$3), "") -> 0.0204 | BN34: =Z34*AA34*SUM(BH34:BM34) -> 342.72
A35: ='Input Scenarios'!A35 -> TAS | B35: ='Input Scenarios'!B35 -> 0 | C35: ='Input Scenarios'!C35 -> Irrigated crop | D35: ='Input Scenarios'!D35 -> dry | E35: ='Input Scenarios'!E35 -> TRUE | F35: ='Input Scenarios'!F35 -> Grazed only | G35: =IF('Input Scenarios'!G35<>"", 'Input Scenarios'!G35, _xlfn.XLOOKUP($F35, Constants!$M$6:$M$9,Constants!N$6:N$9)) -> 0.89 | H35: =IF('Input Scenarios'!H35<>"", 'Input Scenarios'!H35, _xlfn.XLOOKUP($F35, Constants!$M$6:$M$9,Constants!O$6:O$9)) -> 0.11 | I35: =IF('Input Scenarios'!I35<>"", 'Input Scenarios'!I35, _xlfn.XLOOKUP($F35, Constants!$M$6:$M$9,Constants!P$6:P$9)) -> 0 | J35: ='Input Scenarios'!J35 -> 0.1 | K35: ='Input Scenarios'!K35 -> 0.2 | L35: ='Input Scenarios'!L35 -> 0.3 | M35: ='Input Scenarios'!M35 -> 0.4 | N35: ='Input Scenarios'!N35 -> 0.4 | O35: ='Input Scenarios'!O35 -> 0.3 | P35: ='Input Scenarios'!P35 -> 0.2 | Q35: ='Input Scenarios'!Q35 -> 0.1 | R35: ='Input Scenarios'!R35 -> FALSE | S35: =IF('Input Scenarios'!S35<>"", 'Input Scenarios'!S35, IF(R35, Constants!$B$38, 0)) -> 0 | T35: =IF('Input Scenarios'!T35<>"", 'Input Scenarios'!T35, "") | U35: =IF('Input Scenarios'!U35<>"", 'Input Scenarios'!U35, IF(W35<>"", "", Constants!$B$39)) -> 4 | V35: =IF('Input Scenarios'!V35<>"", 'Input Scenarios'!V35, IF(W35<>"", "", Constants!$B$40)) -> 3.3 | W35: =IF('Input Scenarios'!W35<>"", 'Input Scenarios'!W35, "") | X35: ='Input Scenarios'!X35 -> Friesian crossbred | Y35: ='Input Scenarios'!Y35 -> bullsLt1Weaned | Z35: ='Input Scenarios'!Z35 -> 200 | AA35: =IF('Input Scenarios'!AA35<>"", 'Input Scenarios'!AA35, _xlfn.XLOOKUP(Y35,Constants!$J$6:$J$12,Constants!$K$6:$K$12)) -> 281 | AB35: =IF('Input Scenarios'!AB35<>"", 'Input Scenarios'!AB35, INDEX(Constants!$B$2:$H$11, MATCH(X35, Constants!$A$2:$A$11, 0), MATCH(Y35,Constants!$B$1:$H$1, 0))) -> 225 | AC35: =IF('Input Scenarios'!AC35<>"", 'Input Scenarios'!AC35, _xlfn.XLOOKUP(Y35, Constants!$B$13:$H$13, Constants!$B$15:$H$15, "")) -> 0.8 | AD35: =IF('Input Scenarios'!AD35<>"", 'Input Scenarios'!AD35, Constants!$B$45) -> 0.75 | AE35: =IF('Input Scenarios'!AE35<>"", 'Input Scenarios'!AE35, Constants!$B$46) -> 0.2 | AF35: =IF($Y35="milkingCows",($H35*J35)+($I35*N35), 0) -> 0 | AG35: =IF($Y35="milkingCows",($H35*K35)+($I35*O35), 0) -> 0 | AH35: =IF($Y35="milkingCows",($H35*L35)+($I35*P35), 0) -> 0 | AI35: =IF($Y35="milkingCows",($H35*M35)+($I35*Q35), 0) -> 0 | AJ35: =IF($Y35="milkingCows",G35, 1) -> 1 | AK35: =IF(Y35="milkingCows", IF(W35<>"", W35, T35/((U35+V35)*0.01)), 0) -> 0 | AL35: =Constants!$B$44 -> 1.03 | AM35: =Constants!$B$41 -> 3.054 | AN35: =Constants!$B$42 -> 18.4 | AO35: =Constants!$B$43 -> 0.6 | AP35: =0.795*(AD35)-0.0014 -> 0.59485 | AQ35: =(AK35*AL35*AM35)/(AN35*AO35*AP35) -> 0 | AR35: =IF(Y35="milkingCows", Constants!$P$2, Constants!$P$3) -> 1 | AS35: =IFERROR(((((1.185 + (0.00454*AB35) - (0.0000026*(AB35^2)) + (0.315*AC35))^2)*AR35)+AQ35), "") -> 5.4143473 | AT35: =Constants!$B$47 -> 0.08 | AU35: =IFERROR((AS35*(1-AD35)+(0.04*AS35))*(1-AT35), "") -> 1.4445479 | AV35: =AF35*(1-S35) -> 0 | AW35: =AG35 -> 0 | AX35: =AH35 -> 0 | AY35: =AI35+(AF35*S35) -> 0 | AZ35: =AJ35 -> 1 | BA35: =_xlfn.XLOOKUP($A35, Constants!$E$18:$L$18,Constants!$E$19:$L$19) -> 0.69 | BB35: =_xlfn.XLOOKUP($A35, Constants!$E$18:$L$18,Constants!$E$20:$L$20) -> 0.001 | BC35: =_xlfn.XLOOKUP($A35, Constants!$E$18:$L$18,Constants!$E$21:$L$21) -> 0.13 | BD35: =_xlfn.XLOOKUP($A35, Constants!$E$18:$L$18,Constants!$E$22:$L$22) -> 0.02 | BE35: =_xlfn.XLOOKUP($A35, Constants!$E$18:$L$18,Constants!$E$23:$L$23) -> 0.01 | BF35: =Constants!$B$48 -> 0.24 | BG35: =Constants!$B$49 -> 0.6784 | BH35: =IF(ISNUMBER(FIND("PreWeaned",$Y35)), "", $AU35*AV35*BA35*$BF35*$BG35) -> 0 | BI35: =IF(ISNUMBER(FIND("PreWeaned",$Y35)), "", $AU35*AW35*BB35*$BF35*$BG35) -> 0 | BJ35: =IF(ISNUMBER(FIND("PreWeaned",$Y35)), "", $AU35*AX35*BC35*$BF35*$BG35) -> 0 | BK35: =IF(ISNUMBER(FIND("PreWeaned",$Y35)), "", $AU35*AY35*BD35*$BF35*$BG35) -> 0 | BL35: =IF(ISNUMBER(FIND("PreWeaned",$Y35)), "", $AU35*AZ35*BE35*$BF35*$BG35) -> 0.002351955 | BM35: =IF(ISNUMBER(FIND("PreWeaned",Y35)),_xlfn.XLOOKUP(Y35,Constants!$J$2:$J$3,Constants!$K$2:$K$3), "") | BN35: =Z35*AA35*SUM(BH35:BM35) -> 132.17987
A36: ='Input Scenarios'!A36 -> VIC | B36: ='Input Scenarios'!B36 -> 0 | C36: ='Input Scenarios'!C36 -> Non-irrigated pasture | D36: ='Input Scenarios'!D36 -> wet | E36: ='Input Scenarios'!E36 -> FALSE | F36: ='Input Scenarios'!F36 -> Limited grazing | G36: =IF('Input Scenarios'!G36<>"", 'Input Scenarios'!G36, _xlfn.XLOOKUP($F36, Constants!$M$6:$M$9,Constants!N$6:N$9)) -> 0.534 | H36: =IF('Input Scenarios'!H36<>"", 'Input Scenarios'!H36, _xlfn.XLOOKUP($F36, Constants!$M$6:$M$9,Constants!O$6:O$9)) -> 0.11 | I36: =IF('Input Scenarios'!I36<>"", 'Input Scenarios'!I36, _xlfn.XLOOKUP($F36, Constants!$M$6:$M$9,Constants!P$6:P$9)) -> 0.356 | J36: ='Input Scenarios'!J36 -> 0.25 | K36: ='Input Scenarios'!K36 -> 0.25 | L36: ='Input Scenarios'!L36 -> 0.25 | M36: ='Input Scenarios'!M36 -> 0.25 | N36: ='Input Scenarios'!N36 -> 0.25 | O36: ='Input Scenarios'!O36 -> 0.25 | P36: ='Input Scenarios'!P36 -> 0.25 | Q36: ='Input Scenarios'!Q36 -> 0.25 | R36: ='Input Scenarios'!R36 -> TRUE | S36: =IF('Input Scenarios'!S36<>"", 'Input Scenarios'!S36, IF(R36, Constants!$B$38, 0)) -> 0.2 | T36: =IF('Input Scenarios'!T36<>"", 'Input Scenarios'!T36, "") | U36: =IF('Input Scenarios'!U36<>"", 'Input Scenarios'!U36, IF(W36<>"", "", Constants!$B$39)) | V36: =IF('Input Scenarios'!V36<>"", 'Input Scenarios'!V36, IF(W36<>"", "", Constants!$B$40)) | W36: =IF('Input Scenarios'!W36<>"", 'Input Scenarios'!W36, "") -> 30 | X36: ='Input Scenarios'!X36 -> Jersey | Y36: ='Input Scenarios'!Y36 -> milkingCows | Z36: ='Input Scenarios'!Z36 -> 200 | AA36: =IF('Input Scenarios'!AA36<>"", 'Input Scenarios'!AA36, _xlfn.XLOOKUP(Y36,Constants!$J$6:$J$12,Constants!$K$6:$K$12)) -> 365 | AB36: =IF('Input Scenarios'!AB36<>"", 'Input Scenarios'!AB36, INDEX(Constants!$B$2:$H$11, MATCH(X36, Constants!$A$2:$A$11, 0), MATCH(Y36,Constants!$B$1:$H$1, 0))) -> 400 | AC36: =IF('Input Scenarios'!AC36<>"", 'Input Scenarios'!AC36, _xlfn.XLOOKUP(Y36, Constants!$B$13:$H$13, Constants!$B$15:$H$15, "")) -> 0.016 | AD36: =IF('Input Scenarios'!AD36<>"", 'Input Scenarios'!AD36, Constants!$B$45) -> 0.75 | AE36: =IF('Input Scenarios'!AE36<>"", 'Input Scenarios'!AE36, Constants!$B$46) -> 0.2 | AF36: =IF($Y36="milkingCows",($H36*J36)+($I36*N36), 0) -> 0.1165 | AG36: =IF($Y36="milkingCows",($H36*K36)+($I36*O36), 0) -> 0.1165 | AH36: =IF($Y36="milkingCows",($H36*L36)+($I36*P36), 0) -> 0.1165 | AI36: =IF($Y36="milkingCows",($H36*M36)+($I36*Q36), 0) -> 0.1165 | AJ36: =IF($Y36="milkingCows",G36, 1) -> 0.534 | AK36: =IF(Y36="milkingCows", IF(W36<>"", W36, T36/((U36+V36)*0.01)), 0) -> 30 | AL36: =Constants!$B$44 -> 1.03 | AM36: =Constants!$B$41 -> 3.054 | AN36: =Constants!$B$42 -> 18.4 | AO36: =Constants!$B$43 -> 0.6 | AP36: =0.795*(AD36)-0.0014 -> 0.59485 | AQ36: =(AK36*AL36*AM36)/(AN36*AO36*AP36) -> 14.369808 | AR36: =IF(Y36="milkingCows", Constants!$P$2, Constants!$P$3) -> 1.1 | AS36: =IFERROR(((((1.185 + (0.00454*AB36) - (0.0000026*(AB36^2)) + (0.315*AC36))^2)*AR36)+AQ36), "") -> 21.748946 | AT36: =Constants!$B$47 -> 0.08 | AU36: =IFERROR((AS36*(1-AD36)+(0.04*AS36))*(1-AT36), "") -> 5.8026188 | AV36: =AF36*(1-S36) -> 0.0932 | AW36: =AG36 -> 0.1165 | AX36: =AH36 -> 0.1165 | AY36: =AI36+(AF36*S36) -> 0.1398 | AZ36: =AJ36 -> 0.534 | BA36: =_xlfn.XLOOKUP($A36, Constants!$E$18:$L$18,Constants!$E$19:$L$19) -> 0.73 | BB36: =_xlfn.XLOOKUP($A36, Constants!$E$18:$L$18,Constants!$E$20:$L$20) -> 0.005 | BC36: =_xlfn.XLOOKUP($A36, Constants!$E$18:$L$18,Constants!$E$21:$L$21) -> 0.17 | BD36: =_xlfn.XLOOKUP($A36, Constants!$E$18:$L$18,Constants!$E$22:$L$22) -> 0.02 | BE36: =_xlfn.XLOOKUP($A36, Constants!$E$18:$L$18,Constants!$E$23:$L$23) -> 0.01 | BF36: =Constants!$B$48 -> 0.24 | BG36: =Constants!$B$49 -> 0.6784 | BH36: =IF(ISNUMBER(FIND("PreWeaned",$Y36)), "", $AU36*AV36*BA36*$BF36*$BG36) -> 0.064277636 | BI36: =IF(ISNUMBER(FIND("PreWeaned",$Y36)), "", $AU36*AW36*BB36*$BF36*$BG36) -> 0.00055032223 | BJ36: =IF(ISNUMBER(FIND("PreWeaned",$Y36)), "", $AU36*AX36*BC36*$BF36*$BG36) -> 0.018710956 | BK36: =IF(ISNUMBER(FIND("PreWeaned",$Y36)), "", $AU36*AY36*BD36*$BF36*$BG36) -> 0.0026415467 | BL36: =IF(ISNUMBER(FIND("PreWeaned",$Y36)), "", $AU36*AZ36*BE36*$BF36*$BG36) -> 0.0050450141 | BM36: =IF(ISNUMBER(FIND("PreWeaned",Y36)),_xlfn.XLOOKUP(Y36,Constants!$J$2:$J$3,Constants!$K$2:$K$3), "") | BN36: =Z36*AA36*SUM(BH36:BM36) -> 6659.4597 | BO36: =SUM(BN36:BN42)/1000 -> 7.9866638
A37: ='Input Scenarios'!A37 -> VIC | B37: ='Input Scenarios'!B37 -> 0 | C37: ='Input Scenarios'!C37 -> Non-irrigated pasture | D37: ='Input Scenarios'!D37 -> wet | E37: ='Input Scenarios'!E37 -> FALSE | F37: ='Input Scenarios'!F37 -> Limited grazing | G37: =IF('Input Scenarios'!G37<>"", 'Input Scenarios'!G37, _xlfn.XLOOKUP($F37, Constants!$M$6:$M$9,Constants!N$6:N$9)) -> 0.534 | H37: =IF('Input Scenarios'!H37<>"", 'Input Scenarios'!H37, _xlfn.XLOOKUP($F37, Constants!$M$6:$M$9,Constants!O$6:O$9)) -> 0.11 | I37: =IF('Input Scenarios'!I37<>"", 'Input Scenarios'!I37, _xlfn.XLOOKUP($F37, Constants!$M$6:$M$9,Constants!P$6:P$9)) -> 0.356 | J37: ='Input Scenarios'!J37 -> 0.25 | K37: ='Input Scenarios'!K37 -> 0.25 | L37: ='Input Scenarios'!L37 -> 0.25 | M37: ='Input Scenarios'!M37 -> 0.25 | N37: ='Input Scenarios'!N37 -> 0.25 | O37: ='Input Scenarios'!O37 -> 0.25 | P37: ='Input Scenarios'!P37 -> 0.25 | Q37: ='Input Scenarios'!Q37 -> 0.25 | R37: ='Input Scenarios'!R37 -> TRUE | S37: =IF('Input Scenarios'!S37<>"", 'Input Scenarios'!S37, IF(R37, Constants!$B$38, 0)) -> 0.2 | T37: =IF('Input Scenarios'!T37<>"", 'Input Scenarios'!T37, "") | U37: =IF('Input Scenarios'!U37<>"", 'Input Scenarios'!U37, IF(W37<>"", "", Constants!$B$39)) -> 4 | V37: =IF('Input Scenarios'!V37<>"", 'Input Scenarios'!V37, IF(W37<>"", "", Constants!$B$40)) -> 3.3 | W37: =IF('Input Scenarios'!W37<>"", 'Input Scenarios'!W37, "") | X37: ='Input Scenarios'!X37 -> Jersey | Y37: ='Input Scenarios'!Y37 -> heifersGt1 | Z37: ='Input Scenarios'!Z37 -> 200 | AA37: =IF('Input Scenarios'!AA37<>"", 'Input Scenarios'!AA37, _xlfn.XLOOKUP(Y37,Constants!$J$6:$J$12,Constants!$K$6:$K$12)) -> 365 | AB37: =IF('Input Scenarios'!AB37<>"", 'Input Scenarios'!AB37, INDEX(Constants!$B$2:$H$11, MATCH(X37, Constants!$A$2:$A$11, 0), MATCH(Y37,Constants!$B$1:$H$1, 0))) -> 275 | AC37: =IF('Input Scenarios'!AC37<>"", 'Input Scenarios'!AC37, _xlfn.XLOOKUP(Y37, Constants!$B$13:$H$13, Constants!$B$15:$H$15, "")) -> 0.6 | AD37: =IF('Input Scenarios'!AD37<>"", 'Input Scenarios'!AD37, Constants!$B$45) -> 0.75 | AE37: =IF('Input Scenarios'!AE37<>"", 'Input Scenarios'!AE37, Constants!$B$46) -> 0.2 | AF37: =IF($Y37="milkingCows",($H37*J37)+($I37*N37), 0) -> 0 | AG37: =IF($Y37="milkingCows",($H37*K37)+($I37*O37), 0) -> 0 | AH37: =IF($Y37="milkingCows",($H37*L37)+($I37*P37), 0) -> 0 | AI37: =IF($Y37="milkingCows",($H37*M37)+($I37*Q37), 0) -> 0 | AJ37: =IF($Y37="milkingCows",G37, 1) -> 1 | AK37: =IF(Y37="milkingCows", IF(W37<>"", W37, T37/((U37+V37)*0.01)), 0) -> 0 | AL37: =Constants!$B$44 -> 1.03 | AM37: =Constants!$B$41 -> 3.054 | AN37: =Constants!$B$42 -> 18.4 | AO37: =Constants!$B$43 -> 0.6 | AP37: =0.795*(AD37)-0.0014 -> 0.59485 | AQ37: =(AK37*AL37*AM37)/(AN37*AO37*AP37) -> 0 | AR37: =IF(Y37="milkingCows", Constants!$P$2, Constants!$P$3) -> 1 | AS37: =IFERROR(((((1.185 + (0.00454*AB37) - (0.0000026*(AB37^2)) + (0.315*AC37))^2)*AR37)+AQ37), "") -> 5.8848695 | AT37: =Constants!$B$47 -> 0.08 | AU37: =IFERROR((AS37*(1-AD37)+(0.04*AS37))*(1-AT37), "") -> 1.5700832 | AV37: =AF37*(1-S37) -> 0 | AW37: =AG37 -> 0 | AX37: =AH37 -> 0 | AY37: =AI37+(AF37*S37) -> 0 | AZ37: =AJ37 -> 1 | BA37: =_xlfn.XLOOKUP($A37, Constants!$E$18:$L$18,Constants!$E$19:$L$19) -> 0.73 | BB37: =_xlfn.XLOOKUP($A37, Constants!$E$18:$L$18,Constants!$E$20:$L$20) -> 0.005 | BC37: =_xlfn.XLOOKUP($A37, Constants!$E$18:$L$18,Constants!$E$21:$L$21) -> 0.17 | BD37: =_xlfn.XLOOKUP($A37, Constants!$E$18:$L$18,Constants!$E$22:$L$22) -> 0.02 | BE37: =_xlfn.XLOOKUP($A37, Constants!$E$18:$L$18,Constants!$E$23:$L$23) -> 0.01 | BF37: =Constants!$B$48 -> 0.24 | BG37: =Constants!$B$49 -> 0.6784 | BH37: =IF(ISNUMBER(FIND("PreWeaned",$Y37)), "", $AU37*AV37*BA37*$BF37*$BG37) -> 0 | BI37: =IF(ISNUMBER(FIND("PreWeaned",$Y37)), "", $AU37*AW37*BB37*$BF37*$BG37) -> 0 | BJ37: =IF(ISNUMBER(FIND("PreWeaned",$Y37)), "", $AU37*AX37*BC37*$BF37*$BG37) -> 0 | BK37: =IF(ISNUMBER(FIND("PreWeaned",$Y37)), "", $AU37*AY37*BD37*$BF37*$BG37) -> 0 | BL37: =IF(ISNUMBER(FIND("PreWeaned",$Y37)), "", $AU37*AZ37*BE37*$BF37*$BG37) -> 0.0025563466 | BM37: =IF(ISNUMBER(FIND("PreWeaned",Y37)),_xlfn.XLOOKUP(Y37,Constants!$J$2:$J$3,Constants!$K$2:$K$3), "") | BN37: =Z37*AA37*SUM(BH37:BM37) -> 186.6133
A38: ='Input Scenarios'!A38 -> VIC | B38: ='Input Scenarios'!B38 -> 0 | C38: ='Input Scenarios'!C38 -> Non-irrigated pasture | D38: ='Input Scenarios'!D38 -> wet | E38: ='Input Scenarios'!E38 -> FALSE | F38: ='Input Scenarios'!F38 -> Limited grazing | G38: =IF('Input Scenarios'!G38<>"", 'Input Scenarios'!G38, _xlfn.XLOOKUP($F38, Constants!$M$6:$M$9,Constants!N$6:N$9)) -> 0.534 | H38: =IF('Input Scenarios'!H38<>"", 'Input Scenarios'!H38, _xlfn.XLOOKUP($F38, Constants!$M$6:$M$9,Constants!O$6:O$9)) -> 0.11 | I38: =IF('Input Scenarios'!I38<>"", 'Input Scenarios'!I38, _xlfn.XLOOKUP($F38, Constants!$M$6:$M$9,Constants!P$6:P$9)) -> 0.356 | J38: ='Input Scenarios'!J38 -> 0.25 | K38: ='Input Scenarios'!K38 -> 0.25 | L38: ='Input Scenarios'!L38 -> 0.25 | M38: ='Input Scenarios'!M38 -> 0.25 | N38: ='Input Scenarios'!N38 -> 0.25 | O38: ='Input Scenarios'!O38 -> 0.25 | P38: ='Input Scenarios'!P38 -> 0.25 | Q38: ='Input Scenarios'!Q38 -> 0.25 | R38: ='Input Scenarios'!R38 -> TRUE | S38: =IF('Input Scenarios'!S38<>"", 'Input Scenarios'!S38, IF(R38, Constants!$B$38, 0)) -> 0.2 | T38: =IF('Input Scenarios'!T38<>"", 'Input Scenarios'!T38, "") | U38: =IF('Input Scenarios'!U38<>"", 'Input Scenarios'!U38, IF(W38<>"", "", Constants!$B$39)) -> 4 | V38: =IF('Input Scenarios'!V38<>"", 'Input Scenarios'!V38, IF(W38<>"", "", Constants!$B$40)) -> 3.3 | W38: =IF('Input Scenarios'!W38<>"", 'Input Scenarios'!W38, "") | X38: ='Input Scenarios'!X38 -> Jersey | Y38: ='Input Scenarios'!Y38 -> heifersLt1PreWeaned | Z38: ='Input Scenarios'!Z38 -> 200 | AA38: =IF('Input Scenarios'!AA38<>"", 'Input Scenarios'!AA38, _xlfn.XLOOKUP(Y38,Constants!$J$6:$J$12,Constants!$K$6:$K$12)) -> 84 | AB38: =IF('Input Scenarios'!AB38<>"", 'Input Scenarios'!AB38, INDEX(Constants!$B$2:$H$11, MATCH(X38, Constants!$A$2:$A$11, 0), MATCH(Y38,Constants!$B$1:$H$1, 0))) -> 115 | AC38: =IF('Input Scenarios'!AC38<>"", 'Input Scenarios'!AC38, _xlfn.XLOOKUP(Y38, Constants!$B$13:$H$13, Constants!$B$15:$H$15, "")) | AD38: =IF('Input Scenarios'!AD38<>"", 'Input Scenarios'!AD38, Constants!$B$45) -> 0.75 | AE38: =IF('Input Scenarios'!AE38<>"", 'Input Scenarios'!AE38, Constants!$B$46) -> 0.2 | AF38: =IF($Y38="milkingCows",($H38*J38)+($I38*N38), 0) -> 0 | AG38: =IF($Y38="milkingCows",($H38*K38)+($I38*O38), 0) -> 0 | AH38: =IF($Y38="milkingCows",($H38*L38)+($I38*P38), 0) -> 0 | AI38: =IF($Y38="milkingCows",($H38*M38)+($I38*Q38), 0) -> 0 | AJ38: =IF($Y38="milkingCows",G38, 1) -> 1 | AK38: =IF(Y38="milkingCows", IF(W38<>"", W38, T38/((U38+V38)*0.01)), 0) -> 0 | AL38: =Constants!$B$44 -> 1.03 | AM38: =Constants!$B$41 -> 3.054 | AN38: =Constants!$B$42 -> 18.4 | AO38: =Constants!$B$43 -> 0.6 | AP38: =0.795*(AD38)-0.0014 -> 0.59485 | AQ38: =(AK38*AL38*AM38)/(AN38*AO38*AP38) -> 0 | AR38: =IF(Y38="milkingCows", Constants!$P$2, Constants!$P$3) -> 1 | AS38: =IFERROR(((((1.185 + (0.00454*AB38) - (0.0000026*(AB38^2)) + (0.315*AC38))^2)*AR38)+AQ38), "") | AT38: =Constants!$B$47 -> 0.08 | AU38: =IFERROR((AS38*(1-AD38)+(0.04*AS38))*(1-AT38), "") | AV38: =AF38*(1-S38) -> 0 | AW38: =AG38 -> 0 | AX38: =AH38 -> 0 | AY38: =AI38+(AF38*S38) -> 0 | AZ38: =AJ38 -> 1 | BA38: =_xlfn.XLOOKUP($A38, Constants!$E$18:$L$18,Constants!$E$19:$L$19) -> 0.73 | BB38: =_xlfn.XLOOKUP($A38, Constants!$E$18:$L$18,Constants!$E$20:$L$20) -> 0.005 | BC38: =_xlfn.XLOOKUP($A38, Constants!$E$18:$L$18,Constants!$E$21:$L$21) -> 0.17 | BD38: =_xlfn.XLOOKUP($A38, Constants!$E$18:$L$18,Constants!$E$22:$L$22) -> 0.02 | BE38: =_xlfn.XLOOKUP($A38, Constants!$E$18:$L$18,Constants!$E$23:$L$23) -> 0.01 | BF38: =Constants!$B$48 -> 0.24 | BG38: =Constants!$B$49 -> 0.6784 | BH38: =IF(ISNUMBER(FIND("PreWeaned",$Y38)), "", $AU38*AV38*BA38*$BF38*$BG38) | BI38: =IF(ISNUMBER(FIND("PreWeaned",$Y38)), "", $AU38*AW38*BB38*$BF38*$BG38) | BJ38: =IF(ISNUMBER(FIND("PreWeaned",$Y38)), "", $AU38*AX38*BC38*$BF38*$BG38) | BK38: =IF(ISNUMBER(FIND("PreWeaned",$Y38)), "", $AU38*AY38*BD38*$BF38*$BG38) | BL38: =IF(ISNUMBER(FIND("PreWeaned",$Y38)), "", $AU38*AZ38*BE38*$BF38*$BG38) | BM38: =IF(ISNUMBER(FIND("PreWeaned",Y38)),_xlfn.XLOOKUP(Y38,Constants!$J$2:$J$3,Constants!$K$2:$K$3), "") -> 0.0176 | BN38: =Z38*AA38*SUM(BH38:BM38) -> 295.68
A39: ='Input Scenarios'!A39 -> VIC | B39: ='Input Scenarios'!B39 -> 0 | C39: ='Input Scenarios'!C39 -> Non-irrigated pasture | D39: ='Input Scenarios'!D39 -> wet | E39: ='Input Scenarios'!E39 -> FALSE | F39: ='Input Scenarios'!F39 -> Limited grazing | G39: =IF('Input Scenarios'!G39<>"", 'Input Scenarios'!G39, _xlfn.XLOOKUP($F39, Constants!$M$6:$M$9,Constants!N$6:N$9)) -> 0.534 | H39: =IF('Input Scenarios'!H39<>"", 'Input Scenarios'!H39, _xlfn.XLOOKUP($F39, Constants!$M$6:$M$9,Constants!O$6:O$9)) -> 0.11 | I39: =IF('Input Scenarios'!I39<>"", 'Input Scenarios'!I39, _xlfn.XLOOKUP($F39, Constants!$M$6:$M$9,Constants!P$6:P$9)) -> 0.356 | J39: ='Input Scenarios'!J39 -> 0.25 | K39: ='Input Scenarios'!K39 -> 0.25 | L39: ='Input Scenarios'!L39 -> 0.25 | M39: ='Input Scenarios'!M39 -> 0.25 | N39: ='Input Scenarios'!N39 -> 0.25 | O39: ='Input Scenarios'!O39 -> 0.25 | P39: ='Input Scenarios'!P39 -> 0.25 | Q39: ='Input Scenarios'!Q39 -> 0.25 | R39: ='Input Scenarios'!R39 -> TRUE | S39: =IF('Input Scenarios'!S39<>"", 'Input Scenarios'!S39, IF(R39, Constants!$B$38, 0)) -> 0.2 | T39: =IF('Input Scenarios'!T39<>"", 'Input Scenarios'!T39, "") | U39: =IF('Input Scenarios'!U39<>"", 'Input Scenarios'!U39, IF(W39<>"", "", Constants!$B$39)) -> 4 | V39: =IF('Input Scenarios'!V39<>"", 'Input Scenarios'!V39, IF(W39<>"", "", Constants!$B$40)) -> 3.3 | W39: =IF('Input Scenarios'!W39<>"", 'Input Scenarios'!W39, "") | X39: ='Input Scenarios'!X39 -> Jersey | Y39: ='Input Scenarios'!Y39 -> heifersLt1Weaned | Z39: ='Input Scenarios'!Z39 -> 200 | AA39: =IF('Input Scenarios'!AA39<>"", 'Input Scenarios'!AA39, _xlfn.XLOOKUP(Y39,Constants!$J$6:$J$12,Constants!$K$6:$K$12)) -> 281 | AB39: =IF('Input Scenarios'!AB39<>"", 'Input Scenarios'!AB39, INDEX(Constants!$B$2:$H$11, MATCH(X39, Constants!$A$2:$A$11, 0), MATCH(Y39,Constants!$B$1:$H$1, 0))) -> 115 | AC39: =IF('Input Scenarios'!AC39<>"", 'Input Scenarios'!AC39, _xlfn.XLOOKUP(Y39, Constants!$B$13:$H$13, Constants!$B$15:$H$15, "")) -> 0.57 | AD39: =IF('Input Scenarios'!AD39<>"", 'Input Scenarios'!AD39, Constants!$B$45) -> 0.75 | AE39: =IF('Input Scenarios'!AE39<>"", 'Input Scenarios'!AE39, Constants!$B$46) -> 0.2 | AF39: =IF($Y39="milkingCows",($H39*J39)+($I39*N39), 0) -> 0 | AG39: =IF($Y39="milkingCows",($H39*K39)+($I39*O39), 0) -> 0 | AH39: =IF($Y39="milkingCows",($H39*L39)+($I39*P39), 0) -> 0 | AI39: =IF($Y39="milkingCows",($H39*M39)+($I39*Q39), 0) -> 0 | AJ39: =IF($Y39="milkingCows",G39, 1) -> 1 | AK39: =IF(Y39="milkingCows", IF(W39<>"", W39, T39/((U39+V39)*0.01)), 0) -> 0 | AL39: =Constants!$B$44 -> 1.03 | AM39: =Constants!$B$41 -> 3.054 | AN39: =Constants!$B$42 -> 18.4 | AO39: =Constants!$B$43 -> 0.6 | AP39: =0.795*(AD39)-0.0014 -> 0.59485 | AQ39: =(AK39*AL39*AM39)/(AN39*AO39*AP39) -> 0 | AR39: =IF(Y39="milkingCows", Constants!$P$2, Constants!$P$3) -> 1 | AS39: =IFERROR(((((1.185 + (0.00454*AB39) - (0.0000026*(AB39^2)) + (0.315*AC39))^2)*AR39)+AQ39), "") -> 3.4308856 | AT39: =Constants!$B$47 -> 0.08 | AU39: =IFERROR((AS39*(1-AD39)+(0.04*AS39))*(1-AT39), "") -> 0.91536029 | AV39: =AF39*(1-S39) -> 0 | AW39: =AG39 -> 0 | AX39: =AH39 -> 0 | AY39: =AI39+(AF39*S39) -> 0 | AZ39: =AJ39 -> 1 | BA39: =_xlfn.XLOOKUP($A39, Constants!$E$18:$L$18,Constants!$E$19:$L$19) -> 0.73 | BB39: =_xlfn.XLOOKUP($A39, Constants!$E$18:$L$18,Constants!$E$20:$L$20) -> 0.005 | BC39: =_xlfn.XLOOKUP($A39, Constants!$E$18:$L$18,Constants!$E$21:$L$21) -> 0.17 | BD39: =_xlfn.XLOOKUP($A39, Constants!$E$18:$L$18,Constants!$E$22:$L$22) -> 0.02 | BE39: =_xlfn.XLOOKUP($A39, Constants!$E$18:$L$18,Constants!$E$23:$L$23) -> 0.01 | BF39: =Constants!$B$48 -> 0.24 | BG39: =Constants!$B$49 -> 0.6784 | BH39: =IF(ISNUMBER(FIND("PreWeaned",$Y39)), "", $AU39*AV39*BA39*$BF39*$BG39) -> 0 | BI39: =IF(ISNUMBER(FIND("PreWeaned",$Y39)), "", $AU39*AW39*BB39*$BF39*$BG39) -> 0 | BJ39: =IF(ISNUMBER(FIND("PreWeaned",$Y39)), "", $AU39*AX39*BC39*$BF39*$BG39) -> 0 | BK39: =IF(ISNUMBER(FIND("PreWeaned",$Y39)), "", $AU39*AY39*BD39*$BF39*$BG39) -> 0 | BL39: =IF(ISNUMBER(FIND("PreWeaned",$Y39)), "", $AU39*AZ39*BE39*$BF39*$BG39) -> 0.001490353 | BM39: =IF(ISNUMBER(FIND("PreWeaned",Y39)),_xlfn.XLOOKUP(Y39,Constants!$J$2:$J$3,Constants!$K$2:$K$3), "") | BN39: =Z39*AA39*SUM(BH39:BM39) -> 83.757839
A40: ='Input Scenarios'!A40 -> VIC | B40: ='Input Scenarios'!B40 -> 0 | C40: ='Input Scenarios'!C40 -> Non-irrigated pasture | D40: ='Input Scenarios'!D40 -> wet | E40: ='Input Scenarios'!E40 -> FALSE | F40: ='Input Scenarios'!F40 -> Limited grazing | G40: =IF('Input Scenarios'!G40<>"", 'Input Scenarios'!G40, _xlfn.XLOOKUP($F40, Constants!$M$6:$M$9,Constants!N$6:N$9)) -> 0.534 | H40: =IF('Input Scenarios'!H40<>"", 'Input Scenarios'!H40, _xlfn.XLOOKUP($F40, Constants!$M$6:$M$9,Constants!O$6:O$9)) -> 0.11 | I40: =IF('Input Scenarios'!I40<>"", 'Input Scenarios'!I40, _xlfn.XLOOKUP($F40, Constants!$M$6:$M$9,Constants!P$6:P$9)) -> 0.356 | J40: ='Input Scenarios'!J40 -> 0.25 | K40: ='Input Scenarios'!K40 -> 0.25 | L40: ='Input Scenarios'!L40 -> 0.25 | M40: ='Input Scenarios'!M40 -> 0.25 | N40: ='Input Scenarios'!N40 -> 0.25 | O40: ='Input Scenarios'!O40 -> 0.25 | P40: ='Input Scenarios'!P40 -> 0.25 | Q40: ='Input Scenarios'!Q40 -> 0.25 | R40: ='Input Scenarios'!R40 -> TRUE | S40: =IF('Input Scenarios'!S40<>"", 'Input Scenarios'!S40, IF(R40, Constants!$B$38, 0)) -> 0.2 | T40: =IF('Input Scenarios'!T40<>"", 'Input Scenarios'!T40, "") | U40: =IF('Input Scenarios'!U40<>"", 'Input Scenarios'!U40, IF(W40<>"", "", Constants!$B$39)) -> 4 | V40: =IF('Input Scenarios'!V40<>"", 'Input Scenarios'!V40, IF(W40<>"", "", Constants!$B$40)) -> 3.3 | W40: =IF('Input Scenarios'!W40<>"", 'Input Scenarios'!W40, "") | X40: ='Input Scenarios'!X40 -> Jersey | Y40: ='Input Scenarios'!Y40 -> bullsGt1 | Z40: ='Input Scenarios'!Z40 -> 200 | AA40: =IF('Input Scenarios'!AA40<>"", 'Input Scenarios'!AA40, _xlfn.XLOOKUP(Y40,Constants!$J$6:$J$12,Constants!$K$6:$K$12)) -> 365 | AB40: =IF('Input Scenarios'!AB40<>"", 'Input Scenarios'!AB40, INDEX(Constants!$B$2:$H$11, MATCH(X40, Constants!$A$2:$A$11, 0), MATCH(Y40,Constants!$B$1:$H$1, 0))) -> 600 | AC40: =IF('Input Scenarios'!AC40<>"", 'Input Scenarios'!AC40, _xlfn.XLOOKUP(Y40, Constants!$B$13:$H$13, Constants!$B$15:$H$15, "")) -> 0.1 | AD40: =IF('Input Scenarios'!AD40<>"", 'Input Scenarios'!AD40, Constants!$B$45) -> 0.75 | AE40: =IF('Input Scenarios'!AE40<>"", 'Input Scenarios'!AE40, Constants!$B$46) -> 0.2 | AF40: =IF($Y40="milkingCows",($H40*J40)+($I40*N40), 0) -> 0 | AG40: =IF($Y40="milkingCows",($H40*K40)+($I40*O40), 0) -> 0 | AH40: =IF($Y40="milkingCows",($H40*L40)+($I40*P40), 0) -> 0 | AI40: =IF($Y40="milkingCows",($H40*M40)+($I40*Q40), 0) -> 0 | AJ40: =IF($Y40="milkingCows",G40, 1) -> 1 | AK40: =IF(Y40="milkingCows", IF(W40<>"", W40, T40/((U40+V40)*0.01)), 0) -> 0 | AL40: =Constants!$B$44 -> 1.03 | AM40: =Constants!$B$41 -> 3.054 | AN40: =Constants!$B$42 -> 18.4 | AO40: =Constants!$B$43 -> 0.6 | AP40: =0.795*(AD40)-0.0014 -> 0.59485 | AQ40: =(AK40*AL40*AM40)/(AN40*AO40*AP40) -> 0 | AR40: =IF(Y40="milkingCows", Constants!$P$2, Constants!$P$3) -> 1 | AS40: =IFERROR(((((1.185 + (0.00454*AB40) - (0.0000026*(AB40^2)) + (0.315*AC40))^2)*AR40)+AQ40), "") -> 9.0270202 | AT40: =Constants!$B$47 -> 0.08 | AU40: =IFERROR((AS40*(1-AD40)+(0.04*AS40))*(1-AT40), "") -> 2.408409 | AV40: =AF40*(1-S40) -> 0 | AW40: =AG40 -> 0 | AX40: =AH40 -> 0 | AY40: =AI40+(AF40*S40) -> 0 | AZ40: =AJ40 -> 1 | BA40: =_xlfn.XLOOKUP($A40, Constants!$E$18:$L$18,Constants!$E$19:$L$19) -> 0.73 | BB40: =_xlfn.XLOOKUP($A40, Constants!$E$18:$L$18,Constants!$E$20:$L$20) -> 0.005 | BC40: =_xlfn.XLOOKUP($A40, Constants!$E$18:$L$18,Constants!$E$21:$L$21) -> 0.17 | BD40: =_xlfn.XLOOKUP($A40, Constants!$E$18:$L$18,Constants!$E$22:$L$22) -> 0.02 | BE40: =_xlfn.XLOOKUP($A40, Constants!$E$18:$L$18,Constants!$E$23:$L$23) -> 0.01 | BF40: =Constants!$B$48 -> 0.24 | BG40: =Constants!$B$49 -> 0.6784 | BH40: =IF(ISNUMBER(FIND("PreWeaned",$Y40)), "", $AU40*AV40*BA40*$BF40*$BG40) -> 0 | BI40: =IF(ISNUMBER(FIND("PreWeaned",$Y40)), "", $AU40*AW40*BB40*$BF40*$BG40) -> 0 | BJ40: =IF(ISNUMBER(FIND("PreWeaned",$Y40)), "", $AU40*AX40*BC40*$BF40*$BG40) -> 0 | BK40: =IF(ISNUMBER(FIND("PreWeaned",$Y40)), "", $AU40*AY40*BD40*$BF40*$BG40) -> 0 | BL40: =IF(ISNUMBER(FIND("PreWeaned",$Y40)), "", $AU40*AZ40*BE40*$BF40*$BG40) -> 0.0039212752 | BM40: =IF(ISNUMBER(FIND("PreWeaned",Y40)),_xlfn.XLOOKUP(Y40,Constants!$J$2:$J$3,Constants!$K$2:$K$3), "") | BN40: =Z40*AA40*SUM(BH40:BM40) -> 286.25309
A41: ='Input Scenarios'!A41 -> VIC | B41: ='Input Scenarios'!B41 -> 0 | C41: ='Input Scenarios'!C41 -> Non-irrigated pasture | D41: ='Input Scenarios'!D41 -> wet | E41: ='Input Scenarios'!E41 -> FALSE | F41: ='Input Scenarios'!F41 -> Limited grazing | G41: =IF('Input Scenarios'!G41<>"", 'Input Scenarios'!G41, _xlfn.XLOOKUP($F41, Constants!$M$6:$M$9,Constants!N$6:N$9)) -> 0.534 | H41: =IF('Input Scenarios'!H41<>"", 'Input Scenarios'!H41, _xlfn.XLOOKUP($F41, Constants!$M$6:$M$9,Constants!O$6:O$9)) -> 0.11 | I41: =IF('Input Scenarios'!I41<>"", 'Input Scenarios'!I41, _xlfn.XLOOKUP($F41, Constants!$M$6:$M$9,Constants!P$6:P$9)) -> 0.356 | J41: ='Input Scenarios'!J41 -> 0.25 | K41: ='Input Scenarios'!K41 -> 0.25 | L41: ='Input Scenarios'!L41 -> 0.25 | M41: ='Input Scenarios'!M41 -> 0.25 | N41: ='Input Scenarios'!N41 -> 0.25 | O41: ='Input Scenarios'!O41 -> 0.25 | P41: ='Input Scenarios'!P41 -> 0.25 | Q41: ='Input Scenarios'!Q41 -> 0.25 | R41: ='Input Scenarios'!R41 -> TRUE | S41: =IF('Input Scenarios'!S41<>"", 'Input Scenarios'!S41, IF(R41, Constants!$B$38, 0)) -> 0.2 | T41: =IF('Input Scenarios'!T41<>"", 'Input Scenarios'!T41, "") | U41: =IF('Input Scenarios'!U41<>"", 'Input Scenarios'!U41, IF(W41<>"", "", Constants!$B$39)) -> 4 | V41: =IF('Input Scenarios'!V41<>"", 'Input Scenarios'!V41, IF(W41<>"", "", Constants!$B$40)) -> 3.3 | W41: =IF('Input Scenarios'!W41<>"", 'Input Scenarios'!W41, "") | X41: ='Input Scenarios'!X41 -> Jersey | Y41: ='Input Scenarios'!Y41 -> bullsLt1PreWeaned | Z41: ='Input Scenarios'!Z41 -> 200 | AA41: =IF('Input Scenarios'!AA41<>"", 'Input Scenarios'!AA41, _xlfn.XLOOKUP(Y41,Constants!$J$6:$J$12,Constants!$K$6:$K$12)) -> 84 | AB41: =IF('Input Scenarios'!AB41<>"", 'Input Scenarios'!AB41, INDEX(Constants!$B$2:$H$11, MATCH(X41, Constants!$A$2:$A$11, 0), MATCH(Y41,Constants!$B$1:$H$1, 0))) -> 225 | AC41: =IF('Input Scenarios'!AC41<>"", 'Input Scenarios'!AC41, _xlfn.XLOOKUP(Y41, Constants!$B$13:$H$13, Constants!$B$15:$H$15, "")) | AD41: =IF('Input Scenarios'!AD41<>"", 'Input Scenarios'!AD41, Constants!$B$45) -> 0.75 | AE41: =IF('Input Scenarios'!AE41<>"", 'Input Scenarios'!AE41, Constants!$B$46) -> 0.2 | AF41: =IF($Y41="milkingCows",($H41*J41)+($I41*N41), 0) -> 0 | AG41: =IF($Y41="milkingCows",($H41*K41)+($I41*O41), 0) -> 0 | AH41: =IF($Y41="milkingCows",($H41*L41)+($I41*P41), 0) -> 0 | AI41: =IF($Y41="milkingCows",($H41*M41)+($I41*Q41), 0) -> 0 | AJ41: =IF($Y41="milkingCows",G41, 1) -> 1 | AK41: =IF(Y41="milkingCows", IF(W41<>"", W41, T41/((U41+V41)*0.01)), 0) -> 0 | AL41: =Constants!$B$44 -> 1.03 | AM41: =Constants!$B$41 -> 3.054 | AN41: =Constants!$B$42 -> 18.4 | AO41: =Constants!$B$43 -> 0.6 | AP41: =0.795*(AD41)-0.0014 -> 0.59485 | AQ41: =(AK41*AL41*AM41)/(AN41*AO41*AP41) -> 0 | AR41: =IF(Y41="milkingCows", Constants!$P$2, Constants!$P$3) -> 1 | AS41: =IFERROR(((((1.185 + (0.00454*AB41) - (0.0000026*(AB41^2)) + (0.315*AC41))^2)*AR41)+AQ41), "") | AT41: =Constants!$B$47 -> 0.08 | AU41: =IFERROR((AS41*(1-AD41)+(0.04*AS41))*(1-AT41), "") | AV41: =AF41*(1-S41) -> 0 | AW41: =AG41 -> 0 | AX41: =AH41 -> 0 | AY41: =AI41+(AF41*S41) -> 0 | AZ41: =AJ41 -> 1 | BA41: =_xlfn.XLOOKUP($A41, Constants!$E$18:$L$18,Constants!$E$19:$L$19) -> 0.73 | BB41: =_xlfn.XLOOKUP($A41, Constants!$E$18:$L$18,Constants!$E$20:$L$20) -> 0.005 | BC41: =_xlfn.XLOOKUP($A41, Constants!$E$18:$L$18,Constants!$E$21:$L$21) -> 0.17 | BD41: =_xlfn.XLOOKUP($A41, Constants!$E$18:$L$18,Constants!$E$22:$L$22) -> 0.02 | BE41: =_xlfn.XLOOKUP($A41, Constants!$E$18:$L$18,Constants!$E$23:$L$23) -> 0.01 | BF41: =Constants!$B$48 -> 0.24 | BG41: =Constants!$B$49 -> 0.6784 | BH41: =IF(ISNUMBER(FIND("PreWeaned",$Y41)), "", $AU41*AV41*BA41*$BF41*$BG41) | BI41: =IF(ISNUMBER(FIND("PreWeaned",$Y41)), "", $AU41*AW41*BB41*$BF41*$BG41) | BJ41: =IF(ISNUMBER(FIND("PreWeaned",$Y41)), "", $AU41*AX41*BC41*$BF41*$BG41) | BK41: =IF(ISNUMBER(FIND("PreWeaned",$Y41)), "", $AU41*AY41*BD41*$BF41*$BG41) | BL41: =IF(ISNUMBER(FIND("PreWeaned",$Y41)), "", $AU41*AZ41*BE41*$BF41*$BG41) | BM41: =IF(ISNUMBER(FIND("PreWeaned",Y41)),_xlfn.XLOOKUP(Y41,Constants!$J$2:$J$3,Constants!$K$2:$K$3), "") -> 0.0204 | BN41: =Z41*AA41*SUM(BH41:BM41) -> 342.72
A42: ='Input Scenarios'!A42 -> VIC | B42: ='Input Scenarios'!B42 -> 0 | C42: ='Input Scenarios'!C42 -> Non-irrigated pasture | D42: ='Input Scenarios'!D42 -> wet | E42: ='Input Scenarios'!E42 -> FALSE | F42: ='Input Scenarios'!F42 -> Limited grazing | G42: =IF('Input Scenarios'!G42<>"", 'Input Scenarios'!G42, _xlfn.XLOOKUP($F42, Constants!$M$6:$M$9,Constants!N$6:N$9)) -> 0.534 | H42: =IF('Input Scenarios'!H42<>"", 'Input Scenarios'!H42, _xlfn.XLOOKUP($F42, Constants!$M$6:$M$9,Constants!O$6:O$9)) -> 0.11 | I42: =IF('Input Scenarios'!I42<>"", 'Input Scenarios'!I42, _xlfn.XLOOKUP($F42, Constants!$M$6:$M$9,Constants!P$6:P$9)) -> 0.356 | J42: ='Input Scenarios'!J42 -> 0.25 | K42: ='Input Scenarios'!K42 -> 0.25 | L42: ='Input Scenarios'!L42 -> 0.25 | M42: ='Input Scenarios'!M42 -> 0.25 | N42: ='Input Scenarios'!N42 -> 0.25 | O42: ='Input Scenarios'!O42 -> 0.25 | P42: ='Input Scenarios'!P42 -> 0.25 | Q42: ='Input Scenarios'!Q42 -> 0.25 | R42: ='Input Scenarios'!R42 -> TRUE | S42: =IF('Input Scenarios'!S42<>"", 'Input Scenarios'!S42, IF(R42, Constants!$B$38, 0)) -> 0.2 | T42: =IF('Input Scenarios'!T42<>"", 'Input Scenarios'!T42, "") | U42: =IF('Input Scenarios'!U42<>"", 'Input Scenarios'!U42, IF(W42<>"", "", Constants!$B$39)) -> 4 | V42: =IF('Input Scenarios'!V42<>"", 'Input Scenarios'!V42, IF(W42<>"", "", Constants!$B$40)) -> 3.3 | W42: =IF('Input Scenarios'!W42<>"", 'Input Scenarios'!W42, "") | X42: ='Input Scenarios'!X42 -> Jersey | Y42: ='Input Scenarios'!Y42 -> bullsLt1Weaned | Z42: ='Input Scenarios'!Z42 -> 200 | AA42: =IF('Input Scenarios'!AA42<>"", 'Input Scenarios'!AA42, _xlfn.XLOOKUP(Y42,Constants!$J$6:$J$12,Constants!$K$6:$K$12)) -> 281 | AB42: =IF('Input Scenarios'!AB42<>"", 'Input Scenarios'!AB42, INDEX(Constants!$B$2:$H$11, MATCH(X42, Constants!$A$2:$A$11, 0), MATCH(Y42,Constants!$B$1:$H$1, 0))) -> 225 | AC42: =IF('Input Scenarios'!AC42<>"", 'Input Scenarios'!AC42, _xlfn.XLOOKUP(Y42, Constants!$B$13:$H$13, Constants!$B$15:$H$15, "")) -> 0.8 | AD42: =IF('Input Scenarios'!AD42<>"", 'Input Scenarios'!AD42, Constants!$B$45) -> 0.75 | AE42: =IF('Input Scenarios'!AE42<>"", 'Input Scenarios'!AE42, Constants!$B$46) -> 0.2 | AF42: =IF($Y42="milkingCows",($H42*J42)+($I42*N42), 0) -> 0 | AG42: =IF($Y42="milkingCows",($H42*K42)+($I42*O42), 0) -> 0 | AH42: =IF($Y42="milkingCows",($H42*L42)+($I42*P42), 0) -> 0 | AI42: =IF($Y42="milkingCows",($H42*M42)+($I42*Q42), 0) -> 0 | AJ42: =IF($Y42="milkingCows",G42, 1) -> 1 | AK42: =IF(Y42="milkingCows", IF(W42<>"", W42, T42/((U42+V42)*0.01)), 0) -> 0 | AL42: =Constants!$B$44 -> 1.03 | AM42: =Constants!$B$41 -> 3.054 | AN42: =Constants!$B$42 -> 18.4 | AO42: =Constants!$B$43 -> 0.6 | AP42: =0.795*(AD42)-0.0014 -> 0.59485 | AQ42: =(AK42*AL42*AM42)/(AN42*AO42*AP42) -> 0 | AR42: =IF(Y42="milkingCows", Constants!$P$2, Constants!$P$3) -> 1 | AS42: =IFERROR(((((1.185 + (0.00454*AB42) - (0.0000026*(AB42^2)) + (0.315*AC42))^2)*AR42)+AQ42), "") -> 5.4143473 | AT42: =Constants!$B$47 -> 0.08 | AU42: =IFERROR((AS42*(1-AD42)+(0.04*AS42))*(1-AT42), "") -> 1.4445479 | AV42: =AF42*(1-S42) -> 0 | AW42: =AG42 -> 0 | AX42: =AH42 -> 0 | AY42: =AI42+(AF42*S42) -> 0 | AZ42: =AJ42 -> 1 | BA42: =_xlfn.XLOOKUP($A42, Constants!$E$18:$L$18,Constants!$E$19:$L$19) -> 0.73 | BB42: =_xlfn.XLOOKUP($A42, Constants!$E$18:$L$18,Constants!$E$20:$L$20) -> 0.005 | BC42: =_xlfn.XLOOKUP($A42, Constants!$E$18:$L$18,Constants!$E$21:$L$21) -> 0.17 | BD42: =_xlfn.XLOOKUP($A42, Constants!$E$18:$L$18,Constants!$E$22:$L$22) -> 0.02 | BE42: =_xlfn.XLOOKUP($A42, Constants!$E$18:$L$18,Constants!$E$23:$L$23) -> 0.01 | BF42: =Constants!$B$48 -> 0.24 | BG42: =Constants!$B$49 -> 0.6784 | BH42: =IF(ISNUMBER(FIND("PreWeaned",$Y42)), "", $AU42*AV42*BA42*$BF42*$BG42) -> 0 | BI42: =IF(ISNUMBER(FIND("PreWeaned",$Y42)), "", $AU42*AW42*BB42*$BF42*$BG42) -> 0 | BJ42: =IF(ISNUMBER(FIND("PreWeaned",$Y42)), "", $AU42*AX42*BC42*$BF42*$BG42) -> 0 | BK42: =IF(ISNUMBER(FIND("PreWeaned",$Y42)), "", $AU42*AY42*BD42*$BF42*$BG42) -> 0 | BL42: =IF(ISNUMBER(FIND("PreWeaned",$Y42)), "", $AU42*AZ42*BE42*$BF42*$BG42) -> 0.002351955 | BM42: =IF(ISNUMBER(FIND("PreWeaned",Y42)),_xlfn.XLOOKUP(Y42,Constants!$J$2:$J$3,Constants!$K$2:$K$3), "") | BN42: =Z42*AA42*SUM(BH42:BM42) -> 132.17987
A43: ='Input Scenarios'!A43 -> ACT | B43: ='Input Scenarios'!B43 -> 0 | C43: ='Input Scenarios'!C43 -> Non-irrigated crop (low rainfall) | D43: ='Input Scenarios'!D43 -> wet | E43: ='Input Scenarios'!E43 -> TRUE | F43: ='Input Scenarios'!F43 -> Limited feedpad | G43: =IF('Input Scenarios'!G43<>"", 'Input Scenarios'!G43, _xlfn.XLOOKUP($F43, Constants!$M$6:$M$9,Constants!N$6:N$9)) -> 0.79 | H43: =IF('Input Scenarios'!H43<>"", 'Input Scenarios'!H43, _xlfn.XLOOKUP($F43, Constants!$M$6:$M$9,Constants!O$6:O$9)) -> 0.11 | I43: =IF('Input Scenarios'!I43<>"", 'Input Scenarios'!I43, _xlfn.XLOOKUP($F43, Constants!$M$6:$M$9,Constants!P$6:P$9)) -> 0.1 | J43: ='Input Scenarios'!J43 -> 0 | K43: ='Input Scenarios'!K43 -> 0 | L43: ='Input Scenarios'!L43 -> 1 | M43: ='Input Scenarios'!M43 -> 0 | N43: ='Input Scenarios'!N43 -> 1 | O43: ='Input Scenarios'!O43 -> 0 | P43: ='Input Scenarios'!P43 -> 0 | Q43: ='Input Scenarios'!Q43 -> 0 | R43: ='Input Scenarios'!R43 -> TRUE | S43: =IF('Input Scenarios'!S43<>"", 'Input Scenarios'!S43, IF(R43, Constants!$B$38, 0)) -> 0.2 | T43: =IF('Input Scenarios'!T43<>"", 'Input Scenarios'!T43, "") -> 4 | U43: =IF('Input Scenarios'!U43<>"", 'Input Scenarios'!U43, IF(W43<>"", "", Constants!$B$39)) -> 4 | V43: =IF('Input Scenarios'!V43<>"", 'Input Scenarios'!V43, IF(W43<>"", "", Constants!$B$40)) -> 3.3 | W43: =IF('Input Scenarios'!W43<>"", 'Input Scenarios'!W43, "") | X43: ='Input Scenarios'!X43 -> Jersey crossbred | Y43: ='Input Scenarios'!Y43 -> milkingCows | Z43: ='Input Scenarios'!Z43 -> 200 | AA43: =IF('Input Scenarios'!AA43<>"", 'Input Scenarios'!AA43, _xlfn.XLOOKUP(Y43,Constants!$J$6:$J$12,Constants!$K$6:$K$12)) -> 365 | AB43: =IF('Input Scenarios'!AB43<>"", 'Input Scenarios'!AB43, INDEX(Constants!$B$2:$H$11, MATCH(X43, Constants!$A$2:$A$11, 0), MATCH(Y43,Constants!$B$1:$H$1, 0))) -> 450 | AC43: =IF('Input Scenarios'!AC43<>"", 'Input Scenarios'!AC43, _xlfn.XLOOKUP(Y43, Constants!$B$13:$H$13, Constants!$B$15:$H$15, "")) -> 0.016 | AD43: =IF('Input Scenarios'!AD43<>"", 'Input Scenarios'!AD43, Constants!$B$45) -> 0.75 | AE43: =IF('Input Scenarios'!AE43<>"", 'Input Scenarios'!AE43, Constants!$B$46) -> 0.2 | AF43: =IF($Y43="milkingCows",($H43*J43)+($I43*N43), 0) -> 0.1 | AG43: =IF($Y43="milkingCows",($H43*K43)+($I43*O43), 0) -> 0 | AH43: =IF($Y43="milkingCows",($H43*L43)+($I43*P43), 0) -> 0.11 | AI43: =IF($Y43="milkingCows",($H43*M43)+($I43*Q43), 0) -> 0 | AJ43: =IF($Y43="milkingCows",G43, 1) -> 0.79 | AK43: =IF(Y43="milkingCows", IF(W43<>"", W43, T43/((U43+V43)*0.01)), 0) -> 54.794521 | AL43: =Constants!$B$44 -> 1.03 | AM43: =Constants!$B$41 -> 3.054 | AN43: =Constants!$B$42 -> 18.4 | AO43: =Constants!$B$43 -> 0.6 | AP43: =0.795*(AD43)-0.0014 -> 0.59485 | AQ43: =(AK43*AL43*AM43)/(AN43*AO43*AP43) -> 26.246225 | AR43: =IF(Y43="milkingCows", Constants!$P$2, Constants!$P$3) -> 1.1 | AS43: =IFERROR(((((1.185 + (0.00454*AB43) - (0.0000026*(AB43^2)) + (0.315*AC43))^2)*AR43)+AQ43), "") -> 34.30412 | AT43: =Constants!$B$47 -> 0.08 | AU43: =IFERROR((AS43*(1-AD43)+(0.04*AS43))*(1-AT43), "") -> 9.1523392 | AV43: =AF43*(1-S43) -> 0.08 | AW43: =AG43 -> 0 | AX43: =AH43 -> 0.11 | AY43: =AI43+(AF43*S43) -> 0.02 | AZ43: =AJ43 -> 0.79 | BA43: =_xlfn.XLOOKUP($A43, Constants!$E$18:$L$18,Constants!$E$19:$L$19) -> 0.72 | BB43: =_xlfn.XLOOKUP($A43, Constants!$E$18:$L$18,Constants!$E$20:$L$20) -> 0.005 | BC43: =_xlfn.XLOOKUP($A43, Constants!$E$18:$L$18,Constants!$E$21:$L$21) -> 0.15 | BD43: =_xlfn.XLOOKUP($A43, Constants!$E$18:$L$18,Constants!$E$22:$L$22) -> 0.02 | BE43: =_xlfn.XLOOKUP($A43, Constants!$E$18:$L$18,Constants!$E$23:$L$23) -> 0.01 | BF43: =Constants!$B$48 -> 0.24 | BG43: =Constants!$B$49 -> 0.6784 | BH43: =IF(ISNUMBER(FIND("PreWeaned",$Y43)), "", $AU43*AV43*BA43*$BF43*$BG43) -> 0.085832482 | BI43: =IF(ISNUMBER(FIND("PreWeaned",$Y43)), "", $AU43*AW43*BB43*$BF43*$BG43) -> 0 | BJ43: =IF(ISNUMBER(FIND("PreWeaned",$Y43)), "", $AU43*AX43*BC43*$BF43*$BG43) -> 0.02458743 | BK43: =IF(ISNUMBER(FIND("PreWeaned",$Y43)), "", $AU43*AY43*BD43*$BF43*$BG43) -> 0.0005960589 | BL43: =IF(ISNUMBER(FIND("PreWeaned",$Y43)), "", $AU43*AZ43*BE43*$BF43*$BG43) -> 0.011772163 | BM43: =IF(ISNUMBER(FIND("PreWeaned",Y43)),_xlfn.XLOOKUP(Y43,Constants!$J$2:$J$3,Constants!$K$2:$K$3), "") | BN43: =Z43*AA43*SUM(BH43:BM43) -> 8963.5337 | BO43: =SUM(BN43:BN49)/1000 -> 10.315074
A44: ='Input Scenarios'!A44 -> ACT | B44: ='Input Scenarios'!B44 -> 0 | C44: ='Input Scenarios'!C44 -> Non-irrigated crop (low rainfall) | D44: ='Input Scenarios'!D44 -> wet | E44: ='Input Scenarios'!E44 -> TRUE | F44: ='Input Scenarios'!F44 -> Limited feedpad | G44: =IF('Input Scenarios'!G44<>"", 'Input Scenarios'!G44, _xlfn.XLOOKUP($F44, Constants!$M$6:$M$9,Constants!N$6:N$9)) -> 0.79 | H44: =IF('Input Scenarios'!H44<>"", 'Input Scenarios'!H44, _xlfn.XLOOKUP($F44, Constants!$M$6:$M$9,Constants!O$6:O$9)) -> 0.11 | I44: =IF('Input Scenarios'!I44<>"", 'Input Scenarios'!I44, _xlfn.XLOOKUP($F44, Constants!$M$6:$M$9,Constants!P$6:P$9)) -> 0.1 | J44: ='Input Scenarios'!J44 -> 0 | K44: ='Input Scenarios'!K44 -> 0 | L44: ='Input Scenarios'!L44 -> 1 | M44: ='Input Scenarios'!M44 -> 0 | N44: ='Input Scenarios'!N44 -> 1 | O44: ='Input Scenarios'!O44 -> 0 | P44: ='Input Scenarios'!P44 -> 0 | Q44: ='Input Scenarios'!Q44 -> 0 | R44: ='Input Scenarios'!R44 -> TRUE | S44: =IF('Input Scenarios'!S44<>"", 'Input Scenarios'!S44, IF(R44, Constants!$B$38, 0)) -> 0.2 | T44: =IF('Input Scenarios'!T44<>"", 'Input Scenarios'!T44, "") | U44: =IF('Input Scenarios'!U44<>"", 'Input Scenarios'!U44, IF(W44<>"", "", Constants!$B$39)) -> 4 | V44: =IF('Input Scenarios'!V44<>"", 'Input Scenarios'!V44, IF(W44<>"", "", Constants!$B$40)) -> 3.3 | W44: =IF('Input Scenarios'!W44<>"", 'Input Scenarios'!W44, "") | X44: ='Input Scenarios'!X44 -> Jersey crossbred | Y44: ='Input Scenarios'!Y44 -> heifersGt1 | Z44: ='Input Scenarios'!Z44 -> 200 | AA44: =IF('Input Scenarios'!AA44<>"", 'Input Scenarios'!AA44, _xlfn.XLOOKUP(Y44,Constants!$J$6:$J$12,Constants!$K$6:$K$12)) -> 365 | AB44: =IF('Input Scenarios'!AB44<>"", 'Input Scenarios'!AB44, INDEX(Constants!$B$2:$H$11, MATCH(X44, Constants!$A$2:$A$11, 0), MATCH(Y44,Constants!$B$1:$H$1, 0))) -> 315 | AC44: =IF('Input Scenarios'!AC44<>"", 'Input Scenarios'!AC44, _xlfn.XLOOKUP(Y44, Constants!$B$13:$H$13, Constants!$B$15:$H$15, "")) -> 0.6 | AD44: =IF('Input Scenarios'!AD44<>"", 'Input Scenarios'!AD44, Constants!$B$45) -> 0.75 | AE44: =IF('Input Scenarios'!AE44<>"", 'Input Scenarios'!AE44, Constants!$B$46) -> 0.2 | AF44: =IF($Y44="milkingCows",($H44*J44)+($I44*N44), 0) -> 0 | AG44: =IF($Y44="milkingCows",($H44*K44)+($I44*O44), 0) -> 0 | AH44: =IF($Y44="milkingCows",($H44*L44)+($I44*P44), 0) -> 0 | AI44: =IF($Y44="milkingCows",($H44*M44)+($I44*Q44), 0) -> 0 | AJ44: =IF($Y44="milkingCows",G44, 1) -> 1 | AK44: =IF(Y44="milkingCows", IF(W44<>"", W44, T44/((U44+V44)*0.01)), 0) -> 0 | AL44: =Constants!$B$44 -> 1.03 | AM44: =Constants!$B$41 -> 3.054 | AN44: =Constants!$B$42 -> 18.4 | AO44: =Constants!$B$43 -> 0.6 | AP44: =0.795*(AD44)-0.0014 -> 0.59485 | AQ44: =(AK44*AL44*AM44)/(AN44*AO44*AP44) -> 0 | AR44: =IF(Y44="milkingCows", Constants!$P$2, Constants!$P$3) -> 1 | AS44: =IFERROR(((((1.185 + (0.00454*AB44) - (0.0000026*(AB44^2)) + (0.315*AC44))^2)*AR44)+AQ44), "") -> 6.4827016 | AT44: =Constants!$B$47 -> 0.08 | AU44: =IFERROR((AS44*(1-AD44)+(0.04*AS44))*(1-AT44), "") -> 1.7295848 | AV44: =AF44*(1-S44) -> 0 | AW44: =AG44 -> 0 | AX44: =AH44 -> 0 | AY44: =AI44+(AF44*S44) -> 0 | AZ44: =AJ44 -> 1 | BA44: =_xlfn.XLOOKUP($A44, Constants!$E$18:$L$18,Constants!$E$19:$L$19) -> 0.72 | BB44: =_xlfn.XLOOKUP($A44, Constants!$E$18:$L$18,Constants!$E$20:$L$20) -> 0.005 | BC44: =_xlfn.XLOOKUP($A44, Constants!$E$18:$L$18,Constants!$E$21:$L$21) -> 0.15 | BD44: =_xlfn.XLOOKUP($A44, Constants!$E$18:$L$18,Constants!$E$22:$L$22) -> 0.02 | BE44: =_xlfn.XLOOKUP($A44, Constants!$E$18:$L$18,Constants!$E$23:$L$23) -> 0.01 | BF44: =Constants!$B$48 -> 0.24 | BG44: =Constants!$B$49 -> 0.6784 | BH44: =IF(ISNUMBER(FIND("PreWeaned",$Y44)), "", $AU44*AV44*BA44*$BF44*$BG44) -> 0 | BI44: =IF(ISNUMBER(FIND("PreWeaned",$Y44)), "", $AU44*AW44*BB44*$BF44*$BG44) -> 0 | BJ44: =IF(ISNUMBER(FIND("PreWeaned",$Y44)), "", $AU44*AX44*BC44*$BF44*$BG44) -> 0 | BK44: =IF(ISNUMBER(FIND("PreWeaned",$Y44)), "", $AU44*AY44*BD44*$BF44*$BG44) -> 0 | BL44: =IF(ISNUMBER(FIND("PreWeaned",$Y44)), "", $AU44*AZ44*BE44*$BF44*$BG44) -> 0.0028160408 | BM44: =IF(ISNUMBER(FIND("PreWeaned",Y44)),_xlfn.XLOOKUP(Y44,Constants!$J$2:$J$3,Constants!$K$2:$K$3), "") | BN44: =Z44*AA44*SUM(BH44:BM44) -> 205.57098
A45: ='Input Scenarios'!A45 -> ACT | B45: ='Input Scenarios'!B45 -> 0 | C45: ='Input Scenarios'!C45 -> Non-irrigated crop (low rainfall) | D45: ='Input Scenarios'!D45 -> wet | E45: ='Input Scenarios'!E45 -> TRUE | F45: ='Input Scenarios'!F45 -> Limited feedpad | G45: =IF('Input Scenarios'!G45<>"", 'Input Scenarios'!G45, _xlfn.XLOOKUP($F45, Constants!$M$6:$M$9,Constants!N$6:N$9)) -> 0.79 | H45: =IF('Input Scenarios'!H45<>"", 'Input Scenarios'!H45, _xlfn.XLOOKUP($F45, Constants!$M$6:$M$9,Constants!O$6:O$9)) -> 0.11 | I45: =IF('Input Scenarios'!I45<>"", 'Input Scenarios'!I45, _xlfn.XLOOKUP($F45, Constants!$M$6:$M$9,Constants!P$6:P$9)) -> 0.1 | J45: ='Input Scenarios'!J45 -> 0 | K45: ='Input Scenarios'!K45 -> 0 | L45: ='Input Scenarios'!L45 -> 1 | M45: ='Input Scenarios'!M45 -> 0 | N45: ='Input Scenarios'!N45 -> 1 | O45: ='Input Scenarios'!O45 -> 0 | P45: ='Input Scenarios'!P45 -> 0 | Q45: ='Input Scenarios'!Q45 -> 0 | R45: ='Input Scenarios'!R45 -> TRUE | S45: =IF('Input Scenarios'!S45<>"", 'Input Scenarios'!S45, IF(R45, Constants!$B$38, 0)) -> 0.2 | T45: =IF('Input Scenarios'!T45<>"", 'Input Scenarios'!T45, "") | U45: =IF('Input Scenarios'!U45<>"", 'Input Scenarios'!U45, IF(W45<>"", "", Constants!$B$39)) -> 4 | V45: =IF('Input Scenarios'!V45<>"", 'Input Scenarios'!V45, IF(W45<>"", "", Constants!$B$40)) -> 3.3 | W45: =IF('Input Scenarios'!W45<>"", 'Input Scenarios'!W45, "") | X45: ='Input Scenarios'!X45 -> Jersey crossbred | Y45: ='Input Scenarios'!Y45 -> heifersLt1PreWeaned | Z45: ='Input Scenarios'!Z45 -> 200 | AA45: =IF('Input Scenarios'!AA45<>"", 'Input Scenarios'!AA45, _xlfn.XLOOKUP(Y45,Constants!$J$6:$J$12,Constants!$K$6:$K$12)) -> 84 | AB45: =IF('Input Scenarios'!AB45<>"", 'Input Scenarios'!AB45, INDEX(Constants!$B$2:$H$11, MATCH(X45, Constants!$A$2:$A$11, 0), MATCH(Y45,Constants!$B$1:$H$1, 0))) -> 130 | AC45: =IF('Input Scenarios'!AC45<>"", 'Input Scenarios'!AC45, _xlfn.XLOOKUP(Y45, Constants!$B$13:$H$13, Constants!$B$15:$H$15, "")) | AD45: =IF('Input Scenarios'!AD45<>"", 'Input Scenarios'!AD45, Constants!$B$45) -> 0.75 | AE45: =IF('Input Scenarios'!AE45<>"", 'Input Scenarios'!AE45, Constants!$B$46) -> 0.2 | AF45: =IF($Y45="milkingCows",($H45*J45)+($I45*N45), 0) -> 0 | AG45: =IF($Y45="milkingCows",($H45*K45)+($I45*O45), 0) -> 0 | AH45: =IF($Y45="milkingCows",($H45*L45)+($I45*P45), 0) -> 0 | AI45: =IF($Y45="milkingCows",($H45*M45)+($I45*Q45), 0) -> 0 | AJ45: =IF($Y45="milkingCows",G45, 1) -> 1 | AK45: =IF(Y45="milkingCows", IF(W45<>"", W45, T45/((U45+V45)*0.01)), 0) -> 0 | AL45: =Constants!$B$44 -> 1.03 | AM45: =Constants!$B$41 -> 3.054 | AN45: =Constants!$B$42 -> 18.4 | AO45: =Constants!$B$43 -> 0.6 | AP45: =0.795*(AD45)-0.0014 -> 0.59485 | AQ45: =(AK45*AL45*AM45)/(AN45*AO45*AP45) -> 0 | AR45: =IF(Y45="milkingCows", Constants!$P$2, Constants!$P$3) -> 1 | AS45: =IFERROR(((((1.185 + (0.00454*AB45) - (0.0000026*(AB45^2)) + (0.315*AC45))^2)*AR45)+AQ45), "") | AT45: =Constants!$B$47 -> 0.08 | AU45: =IFERROR((AS45*(1-AD45)+(0.04*AS45))*(1-AT45), "") | AV45: =AF45*(1-S45) -> 0 | AW45: =AG45 -> 0 | AX45: =AH45 -> 0 | AY45: =AI45+(AF45*S45) -> 0 | AZ45: =AJ45 -> 1 | BA45: =_xlfn.XLOOKUP($A45, Constants!$E$18:$L$18,Constants!$E$19:$L$19) -> 0.72 | BB45: =_xlfn.XLOOKUP($A45, Constants!$E$18:$L$18,Constants!$E$20:$L$20) -> 0.005 | BC45: =_xlfn.XLOOKUP($A45, Constants!$E$18:$L$18,Constants!$E$21:$L$21) -> 0.15 | BD45: =_xlfn.XLOOKUP($A45, Constants!$E$18:$L$18,Constants!$E$22:$L$22) -> 0.02 | BE45: =_xlfn.XLOOKUP($A45, Constants!$E$18:$L$18,Constants!$E$23:$L$23) -> 0.01 | BF45: =Constants!$B$48 -> 0.24 | BG45: =Constants!$B$49 -> 0.6784 | BH45: =IF(ISNUMBER(FIND("PreWeaned",$Y45)), "", $AU45*AV45*BA45*$BF45*$BG45) | BI45: =IF(ISNUMBER(FIND("PreWeaned",$Y45)), "", $AU45*AW45*BB45*$BF45*$BG45) | BJ45: =IF(ISNUMBER(FIND("PreWeaned",$Y45)), "", $AU45*AX45*BC45*$BF45*$BG45) | BK45: =IF(ISNUMBER(FIND("PreWeaned",$Y45)), "", $AU45*AY45*BD45*$BF45*$BG45) | BL45: =IF(ISNUMBER(FIND("PreWeaned",$Y45)), "", $AU45*AZ45*BE45*$BF45*$BG45) | BM45: =IF(ISNUMBER(FIND("PreWeaned",Y45)),_xlfn.XLOOKUP(Y45,Constants!$J$2:$J$3,Constants!$K$2:$K$3), "") -> 0.0176 | BN45: =Z45*AA45*SUM(BH45:BM45) -> 295.68
A46: ='Input Scenarios'!A46 -> ACT | B46: ='Input Scenarios'!B46 -> 0 | C46: ='Input Scenarios'!C46 -> Non-irrigated crop (low rainfall) | D46: ='Input Scenarios'!D46 -> wet | E46: ='Input Scenarios'!E46 -> TRUE | F46: ='Input Scenarios'!F46 -> Limited feedpad | G46: =IF('Input Scenarios'!G46<>"", 'Input Scenarios'!G46, _xlfn.XLOOKUP($F46, Constants!$M$6:$M$9,Constants!N$6:N$9)) -> 0.79 | H46: =IF('Input Scenarios'!H46<>"", 'Input Scenarios'!H46, _xlfn.XLOOKUP($F46, Constants!$M$6:$M$9,Constants!O$6:O$9)) -> 0.11 | I46: =IF('Input Scenarios'!I46<>"", 'Input Scenarios'!I46, _xlfn.XLOOKUP($F46, Constants!$M$6:$M$9,Constants!P$6:P$9)) -> 0.1 | J46: ='Input Scenarios'!J46 -> 0 | K46: ='Input Scenarios'!K46 -> 0 | L46: ='Input Scenarios'!L46 -> 1 | M46: ='Input Scenarios'!M46 -> 0 | N46: ='Input Scenarios'!N46 -> 1 | O46: ='Input Scenarios'!O46 -> 0 | P46: ='Input Scenarios'!P46 -> 0 | Q46: ='Input Scenarios'!Q46 -> 0 | R46: ='Input Scenarios'!R46 -> TRUE | S46: =IF('Input Scenarios'!S46<>"", 'Input Scenarios'!S46, IF(R46, Constants!$B$38, 0)) -> 0.2 | T46: =IF('Input Scenarios'!T46<>"", 'Input Scenarios'!T46, "") | U46: =IF('Input Scenarios'!U46<>"", 'Input Scenarios'!U46, IF(W46<>"", "", Constants!$B$39)) -> 4 | V46: =IF('Input Scenarios'!V46<>"", 'Input Scenarios'!V46, IF(W46<>"", "", Constants!$B$40)) -> 3.3 | W46: =IF('Input Scenarios'!W46<>"", 'Input Scenarios'!W46, "") | X46: ='Input Scenarios'!X46 -> Jersey crossbred | Y46: ='Input Scenarios'!Y46 -> heifersLt1Weaned | Z46: ='Input Scenarios'!Z46 -> 200 | AA46: =IF('Input Scenarios'!AA46<>"", 'Input Scenarios'!AA46, _xlfn.XLOOKUP(Y46,Constants!$J$6:$J$12,Constants!$K$6:$K$12)) -> 281 | AB46: =IF('Input Scenarios'!AB46<>"", 'Input Scenarios'!AB46, INDEX(Constants!$B$2:$H$11, MATCH(X46, Constants!$A$2:$A$11, 0), MATCH(Y46,Constants!$B$1:$H$1, 0))) -> 130 | AC46: =IF('Input Scenarios'!AC46<>"", 'Input Scenarios'!AC46, _xlfn.XLOOKUP(Y46, Constants!$B$13:$H$13, Constants!$B$15:$H$15, "")) -> 0.57 | AD46: =IF('Input Scenarios'!AD46<>"", 'Input Scenarios'!AD46, Constants!$B$45) -> 0.75 | AE46: =IF('Input Scenarios'!AE46<>"", 'Input Scenarios'!AE46, Constants!$B$46) -> 0.2 | AF46: =IF($Y46="milkingCows",($H46*J46)+($I46*N46), 0) -> 0 | AG46: =IF($Y46="milkingCows",($H46*K46)+($I46*O46), 0) -> 0 | AH46: =IF($Y46="milkingCows",($H46*L46)+($I46*P46), 0) -> 0 | AI46: =IF($Y46="milkingCows",($H46*M46)+($I46*Q46), 0) -> 0 | AJ46: =IF($Y46="milkingCows",G46, 1) -> 1 | AK46: =IF(Y46="milkingCows", IF(W46<>"", W46, T46/((U46+V46)*0.01)), 0) -> 0 | AL46: =Constants!$B$44 -> 1.03 | AM46: =Constants!$B$41 -> 3.054 | AN46: =Constants!$B$42 -> 18.4 | AO46: =Constants!$B$43 -> 0.6 | AP46: =0.795*(AD46)-0.0014 -> 0.59485 | AQ46: =(AK46*AL46*AM46)/(AN46*AO46*AP46) -> 0 | AR46: =IF(Y46="milkingCows", Constants!$P$2, Constants!$P$3) -> 1 | AS46: =IFERROR(((((1.185 + (0.00454*AB46) - (0.0000026*(AB46^2)) + (0.315*AC46))^2)*AR46)+AQ46), "") -> 3.6511949 | AT46: =Constants!$B$47 -> 0.08 | AU46: =IFERROR((AS46*(1-AD46)+(0.04*AS46))*(1-AT46), "") -> 0.97413879 | AV46: =AF46*(1-S46) -> 0 | AW46: =AG46 -> 0 | AX46: =AH46 -> 0 | AY46: =AI46+(AF46*S46) -> 0 | AZ46: =AJ46 -> 1 | BA46: =_xlfn.XLOOKUP($A46, Constants!$E$18:$L$18,Constants!$E$19:$L$19) -> 0.72 | BB46: =_xlfn.XLOOKUP($A46, Constants!$E$18:$L$18,Constants!$E$20:$L$20) -> 0.005 | BC46: =_xlfn.XLOOKUP($A46, Constants!$E$18:$L$18,Constants!$E$21:$L$21) -> 0.15 | BD46: =_xlfn.XLOOKUP($A46, Constants!$E$18:$L$18,Constants!$E$22:$L$22) -> 0.02 | BE46: =_xlfn.XLOOKUP($A46, Constants!$E$18:$L$18,Constants!$E$23:$L$23) -> 0.01 | BF46: =Constants!$B$48 -> 0.24 | BG46: =Constants!$B$49 -> 0.6784 | BH46: =IF(ISNUMBER(FIND("PreWeaned",$Y46)), "", $AU46*AV46*BA46*$BF46*$BG46) -> 0 | BI46: =IF(ISNUMBER(FIND("PreWeaned",$Y46)), "", $AU46*AW46*BB46*$BF46*$BG46) -> 0 | BJ46: =IF(ISNUMBER(FIND("PreWeaned",$Y46)), "", $AU46*AX46*BC46*$BF46*$BG46) -> 0 | BK46: =IF(ISNUMBER(FIND("PreWeaned",$Y46)), "", $AU46*AY46*BD46*$BF46*$BG46) -> 0 | BL46: =IF(ISNUMBER(FIND("PreWeaned",$Y46)), "", $AU46*AZ46*BE46*$BF46*$BG46) -> 0.0015860538 | BM46: =IF(ISNUMBER(FIND("PreWeaned",Y46)),_xlfn.XLOOKUP(Y46,Constants!$J$2:$J$3,Constants!$K$2:$K$3), "") | BN46: =Z46*AA46*SUM(BH46:BM46) -> 89.136224
A47: ='Input Scenarios'!A47 -> ACT | B47: ='Input Scenarios'!B47 -> 0 | C47: ='Input Scenarios'!C47 -> Non-irrigated crop (low rainfall) | D47: ='Input Scenarios'!D47 -> wet | E47: ='Input Scenarios'!E47 -> TRUE | F47: ='Input Scenarios'!F47 -> Limited feedpad | G47: =IF('Input Scenarios'!G47<>"", 'Input Scenarios'!G47, _xlfn.XLOOKUP($F47, Constants!$M$6:$M$9,Constants!N$6:N$9)) -> 0.79 | H47: =IF('Input Scenarios'!H47<>"", 'Input Scenarios'!H47, _xlfn.XLOOKUP($F47, Constants!$M$6:$M$9,Constants!O$6:O$9)) -> 0.11 | I47: =IF('Input Scenarios'!I47<>"", 'Input Scenarios'!I47, _xlfn.XLOOKUP($F47, Constants!$M$6:$M$9,Constants!P$6:P$9)) -> 0.1 | J47: ='Input Scenarios'!J47 -> 0 | K47: ='Input Scenarios'!K47 -> 0 | L47: ='Input Scenarios'!L47 -> 1 | M47: ='Input Scenarios'!M47 -> 0 | N47: ='Input Scenarios'!N47 -> 1 | O47: ='Input Scenarios'!O47 -> 0 | P47: ='Input Scenarios'!P47 -> 0 | Q47: ='Input Scenarios'!Q47 -> 0 | R47: ='Input Scenarios'!R47 -> TRUE | S47: =IF('Input Scenarios'!S47<>"", 'Input Scenarios'!S47, IF(R47, Constants!$B$38, 0)) -> 0.2 | T47: =IF('Input Scenarios'!T47<>"", 'Input Scenarios'!T47, "") | U47: =IF('Input Scenarios'!U47<>"", 'Input Scenarios'!U47, IF(W47<>"", "", Constants!$B$39)) -> 4 | V47: =IF('Input Scenarios'!V47<>"", 'Input Scenarios'!V47, IF(W47<>"", "", Constants!$B$40)) -> 3.3 | W47: =IF('Input Scenarios'!W47<>"", 'Input Scenarios'!W47, "") | X47: ='Input Scenarios'!X47 -> Jersey crossbred | Y47: ='Input Scenarios'!Y47 -> bullsGt1 | Z47: ='Input Scenarios'!Z47 -> 200 | AA47: =IF('Input Scenarios'!AA47<>"", 'Input Scenarios'!AA47, _xlfn.XLOOKUP(Y47,Constants!$J$6:$J$12,Constants!$K$6:$K$12)) -> 365 | AB47: =IF('Input Scenarios'!AB47<>"", 'Input Scenarios'!AB47, INDEX(Constants!$B$2:$H$11, MATCH(X47, Constants!$A$2:$A$11, 0), MATCH(Y47,Constants!$B$1:$H$1, 0))) -> 600 | AC47: =IF('Input Scenarios'!AC47<>"", 'Input Scenarios'!AC47, _xlfn.XLOOKUP(Y47, Constants!$B$13:$H$13, Constants!$B$15:$H$15, "")) -> 0.1 | AD47: =IF('Input Scenarios'!AD47<>"", 'Input Scenarios'!AD47, Constants!$B$45) -> 0.75 | AE47: =IF('Input Scenarios'!AE47<>"", 'Input Scenarios'!AE47, Constants!$B$46) -> 0.2 | AF47: =IF($Y47="milkingCows",($H47*J47)+($I47*N47), 0) -> 0 | AG47: =IF($Y47="milkingCows",($H47*K47)+($I47*O47), 0) -> 0 | AH47: =IF($Y47="milkingCows",($H47*L47)+($I47*P47), 0) -> 0 | AI47: =IF($Y47="milkingCows",($H47*M47)+($I47*Q47), 0) -> 0 | AJ47: =IF($Y47="milkingCows",G47, 1) -> 1 | AK47: =IF(Y47="milkingCows", IF(W47<>"", W47, T47/((U47+V47)*0.01)), 0) -> 0 | AL47: =Constants!$B$44 -> 1.03 | AM47: =Constants!$B$41 -> 3.054 | AN47: =Constants!$B$42 -> 18.4 | AO47: =Constants!$B$43 -> 0.6 | AP47: =0.795*(AD47)-0.0014 -> 0.59485 | AQ47: =(AK47*AL47*AM47)/(AN47*AO47*AP47) -> 0 | AR47: =IF(Y47="milkingCows", Constants!$P$2, Constants!$P$3) -> 1 | AS47: =IFERROR(((((1.185 + (0.00454*AB47) - (0.0000026*(AB47^2)) + (0.315*AC47))^2)*AR47)+AQ47), "") -> 9.0270202 | AT47: =Constants!$B$47 -> 0.08 | AU47: =IFERROR((AS47*(1-AD47)+(0.04*AS47))*(1-AT47), "") -> 2.408409 | AV47: =AF47*(1-S47) -> 0 | AW47: =AG47 -> 0 | AX47: =AH47 -> 0 | AY47: =AI47+(AF47*S47) -> 0 | AZ47: =AJ47 -> 1 | BA47: =_xlfn.XLOOKUP($A47, Constants!$E$18:$L$18,Constants!$E$19:$L$19) -> 0.72 | BB47: =_xlfn.XLOOKUP($A47, Constants!$E$18:$L$18,Constants!$E$20:$L$20) -> 0.005 | BC47: =_xlfn.XLOOKUP($A47, Constants!$E$18:$L$18,Constants!$E$21:$L$21) -> 0.15 | BD47: =_xlfn.XLOOKUP($A47, Constants!$E$18:$L$18,Constants!$E$22:$L$22) -> 0.02 | BE47: =_xlfn.XLOOKUP($A47, Constants!$E$18:$L$18,Constants!$E$23:$L$23) -> 0.01 | BF47: =Constants!$B$48 -> 0.24 | BG47: =Constants!$B$49 -> 0.6784 | BH47: =IF(ISNUMBER(FIND("PreWeaned",$Y47)), "", $AU47*AV47*BA47*$BF47*$BG47) -> 0 | BI47: =IF(ISNUMBER(FIND("PreWeaned",$Y47)), "", $AU47*AW47*BB47*$BF47*$BG47) -> 0 | BJ47: =IF(ISNUMBER(FIND("PreWeaned",$Y47)), "", $AU47*AX47*BC47*$BF47*$BG47) -> 0 | BK47: =IF(ISNUMBER(FIND("PreWeaned",$Y47)), "", $AU47*AY47*BD47*$BF47*$BG47) -> 0 | BL47: =IF(ISNUMBER(FIND("PreWeaned",$Y47)), "", $AU47*AZ47*BE47*$BF47*$BG47) -> 0.0039212752 | BM47: =IF(ISNUMBER(FIND("PreWeaned",Y47)),_xlfn.XLOOKUP(Y47,Constants!$J$2:$J$3,Constants!$K$2:$K$3), "") | BN47: =Z47*AA47*SUM(BH47:BM47) -> 286.25309
