Workbook

Sheet Constants
A1: Table A.1.6.1: Swine – Intake and manure characteristics derived from PigBal (2020-2024)
A2: Class (j) | B2: Feed Intake (Ij) | C2: Volatile Solids (VSj) | D2: Nitrogen in Waste (NWj)
A3: boars | B3: 2.3 | C3: 0.4 | D3: 0.046
A4: sows | B4: 2.62 | C4: 0.46 | D4: 0.049
A5: gilts | B5: 2.5 | C5: 0.55 | D5: 0.046
A6: others | B6: 1.71 | C6: 0.39 | D6: 0.031
G7: NOTE: There are no ACT values, the NSW values are being used for ACT
C8: Table A.1.6.2: Swine – Fraction of N volatilised by MMS | D8: Table A.1.6.3: Swine – Nitrous oxide EFs by MMS | E8: 4.5.2.3 | F8: Table A.1.6.4: Swine – MCFs (by State)
A9: MMS (m) | B9: m | C9: FracGASMmT | D9: EFm | E9: VSLm | F9: NSW | G9: ACT | H9: QLD | I9: NT | J9: SA | K9: TAS | L9: VIC | M9: WA
A10: anaerobicLagoon | B10: 1 | C10: 0.55 | D10: 0 | E10: 0 | F10: 0.75 | G10: =F10 -> 0.75 | H10: 0.78 | I10: =H10 -> 0.78 | J10: 0.75 | K10: 0.7 | L10: 0.74 | M10: 0.76
A11: solidStorage | B11: 4 | C11: 0.2 | D11: 0.005 | E11: 0 | F11: 0.02 | G11: =F11 -> 0.02 | H11: 0.02 | I11: =H11 -> 0.02 | J11: 0.02 | K11: 0.02 | L11: 0.02 | M11: 0.02
A12: outdoorAndFreeRange | B12: 5 | C12: 0.3 | D12: 0.02 | E12: 0 | F12: 0.01 | G12: =F12 -> 0.01 | H12: 0.03 | I12: =H12 -> 0.03 | J12: 0.01 | K12: 0.01 | L12: 0.01 | M12: 0.01
A13: digester | B13: 7 | C13: 0 | D13: 0 | E13: 0.75 | F13: 0.1 | G13: =F13 -> 0.1 | H13: 0.1 | I13: =H13 -> 0.1 | J13: 0.1 | K13: 0.1 | L13: 0.1 | M13: 0.1
A14: deepLitter | B14: 8 | C14: 0.125 | D14: 0.01 | E14: 0.05 | F14: 0.04 | G14: =F14 -> 0.04 | H14: 0.04 | I14: =H14 -> 0.04 | J14: 0.04 | K14: 0.04 | L14: 0.04 | M14: 0.04
A15: pitStorage | B15: 9 | C15: 0.25 | D15: 0.002 | E15: 0 | F15: 0.03 | G15: =F15 -> 0.03 | H15: 0.03 | I15: =H15 -> 0.03 | J15: 0.03 | K15: 0.03 | L15: 0.03 | M15: 0.03
A16: directApplication | B16: 13 | E16: 0 | F16: 0 | G16: =F16 -> 0 | H16: 0 | I16: =H16 -> 0 | J16: 0 | K16: 0 | L16: 0 | M16: 0
A18: Fixed Constants | D18: Production System | E18: EFN2O | G18: MCFim BY MAT | H18: m=1 | I18: m=4 | J18: m=7 | K18: m=8 | L18: m=9 | M18: m=13
A19: SSj | B19: 0.25 | D19: Irrigated pasture | E19: 0.0059 | G19: MAT | H19: anaerobicLagoon | I19: solidStorage | J19: digester | K19: deepLitter | L19: pitStorage | M19: directApplication
A20: SNj | B20: 0.25 | D20: Irrigated crop | E20: 0.007 | G20: 10 or below | H20: 0.66 | I20: 0.02 | J20: 0.1 | K20: 0.04 | L20: 0.03 | M20: 0
A21: B0 | B21: 0.45 | D21: Non-irrigated pasture | E21: 0.0018 | G21: 11 | H21: 0.68 | I21: 0.02 | J21: 0.1 | K21: 0.04 | L21: 0.03 | M21: 0
A22: p | B22: 0.6784 | D22: Non-irrigated crop (low rainfall) | E22: 0.0029 | G22: 12 | H22: 0.7 | I22: 0.02 | J22: 0.1 | K22: 0.04 | L22: 0.03 | M22: 0
A23: CN2O | B23: =[1]!common_cn2o -> 1.57 | D23: Non-irrigated crop (high rainfall) | E23: 0.008 | G23: 13 | H23: 0.71 | I23: 0.02 | J23: 0.1 | K23: 0.04 | L23: 0.03 | M23: 0
A24: EFLeach | B24: 0.011 | G24: 14 | H24: 0.73 | I24: 0.02 | J24: 0.1 | K24: 0.04 | L24: 0.03 | M24: 0
A25: FracLEACHMS | B25: 0.02 | G25: 15 | H25: 0.74 | I25: 0.02 | J25: 0.1 | K25: 0.04 | L25: 0.03 | M25: 0
G26: 16 | H26: 0.75 | I26: 0.02 | J26: 0.1 | K26: 0.04 | L26: 0.03 | M26: 0
G27: 17 | H27: 0.76 | I27: 0.02 | J27: 0.1 | K27: 0.04 | L27: 0.03 | M27: 0
G28: 18 | H28: 0.77 | I28: 0.02 | J28: 0.1 | K28: 0.04 | L28: 0.03 | M28: 0
G29: 19 | H29: 0.77 | I29: 0.02 | J29: 0.1 | K29: 0.04 | L29: 0.03 | M29: 0
G30: 20 | H30: 0.78 | I30: 0.02 | J30: 0.1 | K30: 0.04 | L30: 0.03 | M30: 0
G31: 21 | H31: 0.78 | I31: 0.02 | J31: 0.1 | K31: 0.04 | L31: 0.03 | M31: 0
G32: 22 | H32: 0.78 | I32: 0.02 | J32: 0.1 | K32: 0.04 | L32: 0.03 | M32: 0
G33: 23 | H33: 0.79 | I33: 0.02 | J33: 0.1 | K33: 0.04 | L33: 0.03 | M33: 0
G34: 24 | H34: 0.79 | I34: 0.02 | J34: 0.1 | K34: 0.04 | L34: 0.03 | M34: 0
G35: 25 | H35: 0.79 | I35: 0.02 | J35: 0.1 | K35: 0.04 | L35: 0.03 | M35: 0
G36: 26 | H36: 0.79 | I36: 0.02 | J36: 0.1 | K36: 0.04 | L36: 0.03 | M36: 0
G37: 27 | H37: 0.8 | I37: 0.02 | J37: 0.1 | K37: 0.04 | L37: 0.03 | M37: 0
G38: 28 or above | H38: 0.8 | I38: 0.02 | J38: 0.1 | K38: 0.04 | L38: 0.03 | M38: 0

Sheet 4.5
A2: Method 1
A4: input | B4: input | C4: input | D4: input | E4: input | F4: input | G4: input | I4: input | J4: input | K4: input | L4: input | M4: input | N4: input | O4: input | P4: input | Q4: input | R4: input | S4: input | T4: input | U4: input | V4: input | W4: input | X4: input | Y4: input | BH4: expression | BI4: expression | BJ4: expression | BK4: expression | BL4: expression | BM4: expression | BN4: constant | BO4: constant | BP4: constant | BQ4: constant | BR4: constant | BS4: constant | BT4: constant | BU4: constant | BV4: constant | BW4: expression | BX4: expression | BY4: expression | BZ4: expression | CA4: expression | CB4: expression | CC4: expression | CD4: constant | CE4: constant | CF4: constant | CG4: constant | CH4: constant | CI4: expression | CJ4: expression | CK4: expression | CL4: expression | CM4: expression | CN4: expression | CO4: expression | CP4: expression | CS4: expression | CT4: expression | CU4: expression | CX4: expression | CY4: expression | CZ4: expression | DA4: expression | DB4: expression | DC4: expression | DD4: expression | DE4: expression | DF4: expression | DG4: expression | DH4: expression | DI4: expression | DJ4: expression | DK4: expression | DL4: expression | DM4: expression | DN4: expression | DO4: constant | DP4: constant | DQ4: constant | DR4: constant | DS4: constant | DT4: constant | DU4: constant | DV4: constant | DW4: constant | DX4: constant | DY4: constant | DZ4: constant | EA4: constant | EB4: expression | EC4: expression | ED4: expression | EE4: expression | EF4: expression | EG4: expression | EH4: expression | EI4: expression | EJ4: expression | EK4: expression | EL4: expression | EM4: expression | EN4: expression | EO4: expression | EP4: expression | EQ4: expression | ER4: expression | ES4: expression | ET4: expression | EU4: expression | EV4: expression | EW4: expression | EX4: expression
BH6: NOTE: The unconfirmed implication is that this expression only applies for m=1,7,9 | DC6: 𝐹𝑁𝑗𝑚 𝑇=1 = 𝑀𝑀𝑆𝑗𝑚 𝑇=1 × (1 − 𝑆𝑁𝑚) | DD6: 𝐹𝑁 𝑗𝑚=4 𝑇=1 = 𝑀𝑀𝑆 𝑗𝑚=4 𝑇=1 + (𝑀𝑀𝑆𝑗𝑚=1,7,9 𝑇=1 × 𝑆𝑁𝑚)
BH7: 𝐹𝑉𝑆𝑗𝑚 𝑇=1 = 𝑀𝑀𝑆𝑗𝑚 𝑇=1 × (1 − 𝑆𝑆𝑚) | BI7: 𝐹𝑉𝑆𝑗𝑚=4 𝑇=1 = 𝑀𝑀𝑆𝑗𝑚=4 𝑇=1 + (𝑀𝑀𝑆𝑗𝑚=1,7,9 𝑇=1 × 𝑆𝑆𝑚) | BW7: 𝑀𝑗𝑚 𝑇=1 = 𝑉𝑆𝑗 × 𝐹𝑉𝑆𝑗𝑚 𝑇=1 × 𝑀𝐶𝐹𝑖𝑚 × 𝐵𝑂 × 𝜌 | DA7: 𝐸𝐶𝐻4 = ∑ ∑ ∑ (𝐷𝑗𝑚𝑇 × 𝑀𝑗𝑚𝑇 × 𝑁𝑗𝑚𝑇) × 10−3 | DB7: 𝐴𝐸𝑗 = 𝑁𝑗 × 𝑁𝑊𝑗 × 𝐷 | DI7: 𝑀𝑁 𝑗𝑚 𝑇=1 = 𝐴𝐸 𝑗 × 𝐹𝑁 𝑗𝑚 𝑇=1
A8: State | B8: MAT | C8: Production system | D8: Leaching zone | E8: Swine class | F8: Number of poultry in each class j and subclass k | G8: Duration of stay for each class and subclass of poultry | H8: Feed Intake | I8: Volatile Solid production | J8: Nitrogen Waste production | K8: ` | L8: Solid Storage | M8: Outdoor | N8: Covered/Digester | O8: Deep Litter | P8: Pit Storage < 1 Month | Q8: Solids separated | R8: Solid separation rate | S8: Nitrogen separation rate | T8: Solids separated | U8: Solid separation rate | V8: Nitrogen separation rate | W8: Solids separated | X8: Solid separation rate | Y8: Nitrogen separation rate | Z8: Uncovered anaerobic lagoons | AA8: Solid Storage | AB8: Covered/Digester | AC8: Pit Storage < 1 Month | AD8: Direct Application | AE8: Uncovered anaerobic lagoons | AF8: Solid Storage | AG8: Covered/Digester | AH8: Pit Storage < 1 Month | AI8: Direct Application | AJ8: Uncovered anaerobic lagoons | AK8: Solid Storage | AL8: Covered/Digester | AM8: Pit Storage < 1 Month | AN8: Direct Application | AO8: Uncovered anaerobic lagoons | AP8: Solid Storage | AQ8: Covered/Digester | AR8: Pit Storage < 1 Month | AS8: Direct Application | AT8: Uncovered anaerobic lagoons | AU8: Solid Storage | AV8: Covered/Digester | AW8: Pit Storage < 1 Month | AX8: Direct Application | AY8: Feed Intake | AZ8: Volatile Solid production | BA8: Nitrogen Waste production | DB8: Annual nitrogen excretion | DC8: Fraction of nitrogen per system (stage 1) | DI8: Mass of nitrogen per system (stage 1) | EH8: Nitrogen leaving | EM8: Mass of nitrogen per system (stage 2)
Q9: m=1 | T9: m=7 | W9: m=9 | Z9: Allocations from anaerobic lagoons (m=1) | AE9: Allocations from solid storage (m=4) | AJ9: Allocations from covered lagoons/digesters (m=7) | AO9: Allocations from deep litter (m=8) | AT9: Allocations from pit storage (m=9) | DC9: Uncovered anaerobic lagoons | DD9: Solid Storage | DE9: Outdoor | DF9: Covered/Digester | DG9: Deep Litter | DH9: Pit Storage < 1 Month | DI9: Uncovered anaerobic lagoons | DJ9: Solid Storage | DK9: Outdoor | DL9: Covered/Digester | DM9: Deep Litter | DN9: Pit Storage < 1 Month | DO9: Uncovered anaerobic lagoons | DP9: Solid Storage | DQ9: Outdoor | DR9: Covered/Digester | DS9: Deep Litter | DT9: Pit Storage < 1 Month | DU9: Uncovered anaerobic lagoons | DV9: Solid Storage | DW9: Outdoor | DX9: Covered/Digester | DY9: Deep Litter | DZ9: Pit Storage < 1 Month | EB9: Stage 1 | EH9: Uncovered anaerobic lagoons | EI9: Solid Storage | EJ9: Covered/Digester | EK9: Deep Litter | EL9: Pit Storage < 1 Month | ER9: Stage 2 | EY9: Stage 1 | FE9: Stage 2 | FJ9: Total
A10: i | B10: i | D10: (true or false) | E10: j | F10: Nj | G10: Dj | H10: Ij | I10: VSj | J10: NWj | K10: MMSjm=1T=1 | L10: MMSjm=4T=1 | M10: MMSjm=5T=1 | N10: MMSjm=7T=1 | O10: MMSjm=8T=1 | P10: MMSjm=9T=1 | Q10: true/false | R10: SSm=1 | S10: SNm=1 | T10: true/false | U10: SSm=7 | V10: SNm=7 | W10: true/false | X10: SSm=9 | Y10: SNm=9 | AA10: MMSjm=4T=2 | AB10: MMSjm=7T=2 | AC10: MMSjm=9T=2 | AD10: MMSjm=13T=2 | AE10: MMSjm=1T=2 | AG10: MMSjm=7T=2 | AH10: MMSjm=9T=2 | AI10: MMSjm=13T=2 | AJ10: MMSjm=1T=2 | AK10: MMSjm=4T=2 | AM10: MMSjm=9T=2 | AN10: MMSjm=13T=2 | AO10: MMSjm=1T=2 | AP10: MMSjm=4T=2 | AQ10: MMSjm=7T=2 | AR10: MMSjm=9T=2 | AS10: MMSjm=13T=2 | AT10: MMSjm=1T=2 | AU10: MMSjm=4T=2 | AV10: MMSjm=7T=2 | AX10: MMSjm=13T=2 | AY10: Ij | AZ10: VSj | BA10: NWj | BB10: SSm=1 | BC10: SSm=7 | BD10: SSm=9 | BE10: SNm=1 | BF10: SNm=7 | BG10: SNm=9 | BH10: FVSjm=1T=1 | BI10: FVSjm=4T=1 | BJ10: FVSjm=5T=1 | BK10: FVSjm=7T=1 | BL10: FVSjm=8T=1 | BM10: FVSjm=9T=1 | BN10: Bo | BO10: p | BP10: MCFim=1 | BQ10: MCFim=4 | BR10: MCFim=5 | BS10: MCFim=7 | BT10: MCFim=8 | BU10: MCFim=9 | BV10: MCFim=13 | BW10: Mjm=1T=1 | BX10: Mjm=4T=1 | BY10: Mjm=5T=1 | BZ10: Mjm=7T=1 | CA10: Mjm=8T=1 | CB10: Mjm=9T=1 | CC10: ECH4jmT=1 | CD10: VSLm=1T=1 | CE10: VSLm=4T=1 | CF10: VSLm=7T=1 | CG10: VSLm=8T=1 | CH10: VSLm=9T=1 | CI10: VSTjm=1T=2 | CJ10: VSTjm=4T=2 | CK10: VSTjm=7T=2 | CL10: VSTjm=8T=2 | CM10: VSTjm=9T=2 | CN10: VSTjmT=2 | CO10: FVSjm=1T=2 | CP10: FVSjm=4T=2 | CQ10: FVSjm=7T=2 | CR10: FVSjm=9T=2 | CS10: FVSjm=13T=2 | CT10: Mjm=1T=2 | CU10: Mjm=4T=2 | CV10: Mjm=7T=2 | CW10: Mjm=9T=2 | CX10: Mjm=13T=2 | CY10: ECH4jmT=2 | CZ10: ECH4j | DA10: ECH4 | DB10: AEj | DC10: FNjm=1T=1 | DD10: FNjm=4T=1 | DE10: FNjm=5T=1 | DF10: FNjm=7T=1 | DG10: FNjm=8T=1 | DH10: FNjm=9T=1 | DI10: MNjm=1T=1 | DJ10: MNjm=4T=1 | DK10: MNjm=5T=1 | DL10: MNjm=7T=1 | DM10: MNjm=8T=1 | DN10: MNjm=9T=1 | DO10: FracGASMm=1T=1 | DP10: FracGASMm=4T=1 | DQ10: FracGASMm=5T=1 | DR10: FracGASMm=7T=1 | DS10: FracGASMm=8T=1 | DT10: FracGASMm=9T=1 | DU10: EFm=1 | DV10: EFm=4 | DW10: EFm=5 | DX10: EFm=7 | DY10: EFm=8 | DZ10: EFm=9 | EA10: CN2O | EB10: EN2O,dir (T=1, m=1) | EC10: EN2O,dir (T=1, m=4) | ED10: EN2O,dir (T=1, m=5) | EE10: EN2O,dir (T=1, m=7) | EF10: EN2O,dir (T=1, m=8) | EG10: EN2O,dir (T=1, m=9) | EH10: NTjm=1T=2 | EI10: NTjm=4T=2 | EJ10: NTjm=7T=2 | EK10: NTjm=8T=2 | EL10: NTjm=9T=2 | EM10: MNjm=1T=2 | EN10: MNjm=4T=2 | EO10: MNjm=7T=2 | EP10: MNjm=9T=2 | EQ10: MNjm=13T=2 | ER10: EN2O,dir (T=2, m=1) | ES10: EN2O,dir (T=2, m=4) | ET10: EN2O,dir (T=2, m=7) | EU10: EN2O,dir (T=2, m=9) | EV10: EN2O,dir (T=2, m=13) | EW10: EN2O,dir (j) | EX10: EN2O,dir | EY10: MMSATMOS (m=1, T=1) | EZ10: MMSATMOS (m=4, T=1) | FA10: MMSATMOS (m=5, T=1) | FB10: MMSATMOS (m=7, T=1) | FC10: MMSATMOS (m=8, T=1) | FD10: MMSATMOS (m=9, T=1) | FE10: MMSATMOS (m=1, T=2) | FF10: MMSATMOS (m=4, T=2) | FG10: MMSATMOS (m=7, T=2) | FH10: MMSATMOS (m=9, T=2) | FI10: MMSATMOS (m=13, T=2) | FJ10: MMSATMOS (j) | FK10: EFN2O | FL10: EN2O,ad (j) | FM10: EN2O,ad | FN10: EFLeach | FO10: FracWET | FP10: FracLEACHMS | FQ10: MNLeachjm=5 | FR10: EN2O,leach (j) | FS10: EN2O,leach
A11: NSW | C11: Irrigated crop | D11: TRUE | E11: boars | F11: 111 | G11: 105 | K11: 1 | Q11: TRUE | T11: TRUE | W11: TRUE | AB11: 0.5 | AD11: 0.5 | AH11: 0.5 | AI11: 0.5 | AY11: =IF(H11<>"", H11, _xlfn.XLOOKUP($E11,Constants!$A$3:$A$6, Constants!B$3:B$6)) -> 2.3 | AZ11: =IF(I11<>"", I11, _xlfn.XLOOKUP($E11,Constants!$A$3:$A$6, Constants!C$3:C$6)) -> 0.4 | BA11: =IF(J11<>"", J11, _xlfn.XLOOKUP($E11,Constants!$A$3:$A$6, Constants!D$3:D$6)) -> 0.046 | BB11: =IF(R11<>"", R11, IF(Q11, Constants!$B$19, 0)) -> 0.25 | BC11: =IF(U11<>"", U11, IF(T11, Constants!$B$19, 0)) -> 0.25 | BD11: =IF(X11<>"", X11, IF(W11, Constants!$B$19, 0)) -> 0.25 | BE11: =IF(S11<>"", S11, IF(Q11, Constants!$B$20, 0)) -> 0.25 | BF11: =IF(V11<>"", V11, IF(T11, Constants!$B$20, 0)) -> 0.25 | BG11: =IF(Y11<>"", Y11, IF(W11, Constants!$B$20, 0)) -> 0.25 | BH11: =K11*(1-BB11) -> 0.75 | BI11: =L11+(K11*BB11)+(N11*BC11)+(P11*BD11) -> 0.25 | BJ11: =M11 -> 0 | BK11: =N11*(1-BC11) -> 0 | BL11: =O11 -> 0 | BM11: =P11*(1-BD11) -> 0 | BN11: =Constants!$B$21 -> 0.45 | BO11: =Constants!$B$22 -> 0.6784 | BP11: =_xlfn.XLOOKUP($A11,Constants!$F$9:$M$9,Constants!$F$10:$M$10) -> 0.75 | BQ11: =_xlfn.XLOOKUP($A11,Constants!$F$9:$M$9,Constants!$F$11:$M$11) -> 0.02 | BR11: =_xlfn.XLOOKUP($A11,Constants!$F$9:$M$9,Constants!$F$12:$M$12) -> 0.01 | BS11: =_xlfn.XLOOKUP($A11,Constants!$F$9:$M$9,Constants!$F$13:$M$13) -> 0.1 | BT11: =_xlfn.XLOOKUP($A11,Constants!$F$9:$M$9,Constants!$F$14:$M$14) -> 0.04 | BU11: =_xlfn.XLOOKUP($A11,Constants!$F$9:$M$9,Constants!$F$15:$M$15) -> 0.03 | BV11: =_xlfn.XLOOKUP($A11,Constants!$F$9:$M$9,Constants!$F$16:$M$16) -> 0 | BW11: =$AZ11*BH11*BP11*$BN11*$BO11 -> 0.068688 | BX11: =$AZ11*BI11*BQ11*$BN11*$BO11 -> 0.00061056 | BY11: =$AZ11*BJ11*BR11*$BN11*$BO11 -> 0 | BZ11: =$AZ11*BK11*BS11*$BN11*$BO11 -> 0 | CA11: =$AZ11*BL11*BT11*$BN11*$BO11 -> 0 | CB11: =$AZ11*BM11*BU11*$BN11*$BO11 -> 0 | CC11: =(SUM(BW11:CB11)*F11*G11)/1000 -> 0.80767472 | CD11: =Constants!$E$10 -> 0 | CE11: =Constants!$E$11 -> 0 | CF11: =Constants!$E$13 -> 0.75 | CG11: =Constants!$E$14 -> 0.05 | CH11: =Constants!$E$15 -> 0 | CI11: =(BH11*(1-CD11)) -> 0.75 | CJ11: =(BI11*(1-CE11)) -> 0.25 | CK11: =(BK11*(1-CF11)) -> 0 | CL11: =(BL11*(1-CG11)) -> 0 | CM11: =(BM11*(1-CH11)) -> 0 | CN11: =SUM(CI11:CM11)*I11 -> 0 | CO11: =$CI11*Z11+$CJ11*AE11+$CK11*AJ11+$CL11*AO11+$CM11*AT11 -> 0 | CP11: =$CI11*AA11+$CJ11*AF11+$CK11*AK11+$CL11*AP11+$CM11*AU11 -> 0 | CQ11: =$CI11*AB11+$CJ11*AG11+$CK11*AL11+$CL11*AQ11+$CM11*AV11 -> 0.375 | CR11: =$CI11*AC11+$CJ11*AH11+$CK11*AM11+$CL11*AR11+$CM11*AW11 -> 0.125 | CS11: =$CI11*AD11+$CJ11*AI11+$CK11*AN11+$CL11*AS11+$CM11*AX11 -> 0.5 | CT11: =CO11*$BN11*BP11*$BO11*$AZ11 -> 0 | CU11: =CP11*$BN11*BQ11*$BO11*$AZ11 -> 0 | CV11: =CQ11*$BN11*BS11*$BO11*$AZ11 -> 0.0045792 | CW11: =CR11*$BN11*BU11*$BO11*$AZ11 -> 0.00045792 | CX11: =CS11*$BN11*BV11*$BO11*$AZ11 -> 0 | CY11: =(SUM(CT11:CX11)*F11*G11)/1000 -> 0.058707634 | CZ11: =CC11+CY11 -> 0.86638235 | DA11: =SUM(CZ11:CZ14) -> 4.6192572 | DB11: =F11*G11*BA11 -> 536.13 | DC11: =K11*(1-BE11) -> 0.75 | DD11: =L11+(K11*BE11)+(N11*BF11)+(P11*BG11) -> 0.25 | DE11: =M11 -> 0 | DF11: =N11*(1-BF11) -> 0 | DG11: =O11 -> 0 | DH11: =P11*(1-BG11) -> 0 | DI11: =$DB11*DC11 -> 402.0975 | DJ11: =$DB11*DD11 -> 134.0325 | DK11: =$DB11*DE11 -> 0 | DL11: =$DB11*DF11 -> 0 | DM11: =$DB11*DG11 -> 0 | DN11: =$DB11*DH11 -> 0 | DO11: =Constants!$C$10 -> 0.55 | DP11: =Constants!$C$11 -> 0.2 | DQ11: =Constants!$C$12 -> 0.3 | DR11: =Constants!$C$13 -> 0 | DS11: =Constants!$C$14 -> 0.125 | DT11: =Constants!$C$15 -> 0.25 | DU11: =Constants!$D$10 -> 0 | DV11: =Constants!$D$11 -> 0.005 | DW11: =Constants!$D$12 -> 0.02 | DX11: =Constants!$D$13 -> 0 | DY11: =Constants!$D$14 -> 0.01 | DZ11: =Constants!$D$15 -> 0.002 | EA11: =Constants!$B$23 -> 1.57 | EB11: =DI11*DU11*$EA11 -> 0 | EC11: =DJ11*DV11*$EA11 -> 1.0521551 | ED11: =DK11*DW11*$EA11 -> 0 | EE11: =DL11*DX11*$EA11 -> 0 | EF11: =DM11*DY11*$EA11 -> 0 | EG11: =DN11*DZ11*$EA11 -> 0 | EH11: =DI11*(1-DO11-DU11) -> 180.94387 | EI11: =DJ11*(1-DP11-DV11) -> 106.55584 | EJ11: =DL11*(1-DR11-DX11) -> 0 | EK11: =DM11*(1-DS11-DY11) -> 0 | EL11: =DN11*(1-DT11-DZ11) -> 0 | EM11: =$EH11*Z11+$EI11*AE11+$EJ11*AJ11+$EK11*AO11+$EL11*AT11 -> 0 | EN11: =$EH11*AA11+$EI11*AF11+$EJ11*AK11+$EK11*AP11+$EL11*AU11 -> 0 | EO11: =$EH11*AB11+$EI11*AG11+$EJ11*AL11+$EK11*AQ11+$EL11*AV11 -> 90.471937 | EP11: =$EH11*AC11+$EI11*AH11+$EJ11*AM11+$EK11*AR11+$EL11*AW11 -> 53.277919 | EQ11: =$EH11*AD11+$EI11*AI11+$EJ11*AN11+$EK11*AS11+$EL11*AX11 -> 143.74986 | ER11: =EM11*DU11*$EA11 -> 0 | ES11: =EN11*DV11*$EA11 -> 0 | ET11: =EO11*DX11*$EA11 -> 0 | EU11: =EP11*DZ11*$EA11 -> 0.16729266 | EV11: =EQ11*0*$EA11 -> 0 | EW11: =SUM(EB11:EG11,ER11:EV11)/1000 -> 0.0012194478 | EX11: =SUM(EW11:EW14) -> 0.18565691 | EY11: =DI11*DO11 -> 221.15363 | EZ11: =DJ11*DP11 -> 26.8065 | FA11: =DK11*DQ11 -> 0 | FB11: =DL11*DR11 -> 0 | FC11: =DM11*DS11 -> 0 | FD11: =DN11*DT11 -> 0 | FE11: =EM11*DO11 -> 0 | FF11: =EN11*DP11 -> 0 | FG11: =EO11*DR11 -> 0 | FH11: =EP11*DT11 -> 13.31948 | FI11: =EQ11*0 -> 0 | FJ11: =SUM(EY11:FI11) -> 261.2796 | FK11: =_xlfn.XLOOKUP(C11, Constants!$D$19:$D$23, Constants!$E$19:$E$23) -> 0.007 | FL11: =(EA11*FJ11*FK11)/1000 -> 0.0028714629 | FM11: =SUM(FL11:FL14) -> 0.035358997 | FN11: =Constants!$B$24 -> 0.011 | FO11: =IF(D11, 1, 0) -> 1 | FP11: =Constants!$B$25 -> 0.02 | FQ11: =DK11*FO11*FP11 -> 0 | FR11: =FQ11*FN11*EA11 -> 0 | FS11: =SUM(FR11:FR14)/1000 -> 0
A12: NSW | C12: Irrigated crop | D12: TRUE | E12: sows | F12: 222 | G12: 103 | K12: 1 | Q12: TRUE | T12: TRUE | W12: TRUE | AB12: 0.5 | AD12: 0.5 | AH12: 0.5 | AI12: 0.5 | AY12: =IF(H12<>"", H12, _xlfn.XLOOKUP($E12,Constants!$A$3:$A$6, Constants!B$3:B$6)) -> 2.62 | AZ12: =IF(I12<>"", I12, _xlfn.XLOOKUP($E12,Constants!$A$3:$A$6, Constants!C$3:C$6)) -> 0.46 | BA12: =IF(J12<>"", J12, _xlfn.XLOOKUP($E12,Constants!$A$3:$A$6, Constants!D$3:D$6)) -> 0.049 | BB12: =IF(R12<>"", R12, IF(Q12, Constants!$B$19, 0)) -> 0.25 | BC12: =IF(U12<>"", U12, IF(T12, Constants!$B$19, 0)) -> 0.25 | BD12: =IF(X12<>"", X12, IF(W12, Constants!$B$19, 0)) -> 0.25 | BE12: =IF(S12<>"", S12, IF(Q12, Constants!$B$20, 0)) -> 0.25 | BF12: =IF(V12<>"", V12, IF(T12, Constants!$B$20, 0)) -> 0.25 | BG12: =IF(Y12<>"", Y12, IF(W12, Constants!$B$20, 0)) -> 0.25 | BH12: =K12*(1-BB12) -> 0.75 | BI12: =L12+(K12*BB12)+(N12*BC12)+(P12*BD12) -> 0.25 | BJ12: =M12 -> 0 | BK12: =N12*(1-BC12) -> 0 | BL12: =O12 -> 0 | BM12: =P12*(1-BD12) -> 0 | BN12: =Constants!$B$21 -> 0.45 | BO12: =Constants!$B$22 -> 0.6784 | BP12: =_xlfn.XLOOKUP($A12,Constants!$F$9:$M$9,Constants!$F$10:$M$10) -> 0.75 | BQ12: =_xlfn.XLOOKUP($A12,Constants!$F$9:$M$9,Constants!$F$11:$M$11) -> 0.02 | BR12: =_xlfn.XLOOKUP($A12,Constants!$F$9:$M$9,Constants!$F$12:$M$12) -> 0.01 | BS12: =_xlfn.XLOOKUP($A12,Constants!$F$9:$M$9,Constants!$F$13:$M$13) -> 0.1 | BT12: =_xlfn.XLOOKUP($A12,Constants!$F$9:$M$9,Constants!$F$14:$M$14) -> 0.04 | BU12: =_xlfn.XLOOKUP($A12,Constants!$F$9:$M$9,Constants!$F$15:$M$15) -> 0.03 | BV12: =_xlfn.XLOOKUP($A12,Constants!$F$9:$M$9,Constants!$F$16:$M$16) -> 0 | BW12: =$AZ12*BH12*BP12*$BN12*$BO12 -> 0.0789912 | BX12: =$AZ12*BI12*BQ12*$BN12*$BO12 -> 0.000702144 | BY12: =$AZ12*BJ12*BR12*$BN12*$BO12 -> 0 | BZ12: =$AZ12*BK12*BS12*$BN12*$BO12 -> 0 | CA12: =$AZ12*BL12*BT12*$BN12*$BO12 -> 0 | CB12: =$AZ12*BM12*BU12*$BN12*$BO12 -> 0 | CC12: =(SUM(BW12:CB12)*F12*G12)/1000 -> 1.822268 | CD12: =Constants!$E$10 -> 0 | CE12: =Constants!$E$11 -> 0 | CF12: =Constants!$E$13 -> 0.75 | CG12: =Constants!$E$14 -> 0.05 | CH12: =Constants!$E$15 -> 0 | CI12: =(BH12*(1-CD12)) -> 0.75 | CJ12: =(BI12*(1-CE12)) -> 0.25 | CK12: =(BK12*(1-CF12)) -> 0 | CL12: =(BL12*(1-CG12)) -> 0 | CM12: =(BM12*(1-CH12)) -> 0 | CN12: =SUM(CI12:CM12)*I12 -> 0 | CO12: =$CI12*Z12+$CJ12*AE12+$CK12*AJ12+$CL12*AO12+$CM12*AT12 -> 0 | CP12: =$CI12*AA12+$CJ12*AF12+$CK12*AK12+$CL12*AP12+$CM12*AU12 -> 0 | CQ12: =$CI12*AB12+$CJ12*AG12+$CK12*AL12+$CL12*AQ12+$CM12*AV12 -> 0.375 | CR12: =$CI12*AC12+$CJ12*AH12+$CK12*AM12+$CL12*AR12+$CM12*AW12 -> 0.125 | CS12: =$CI12*AD12+$CJ12*AI12+$CK12*AN12+$CL12*AS12+$CM12*AX12 -> 0.5 | CT12: =CO12*$BN12*BP12*$BO12*$AZ12 -> 0 | CU12: =CP12*$BN12*BQ12*$BO12*$AZ12 -> 0 | CV12: =CQ12*$BN12*BS12*$BO12*$AZ12 -> 0.00526608 | CW12: =CR12*$BN12*BU12*$BO12*$AZ12 -> 0.000526608 | CX12: =CS12*$BN12*BV12*$BO12*$AZ12 -> 0 | CY12: =(SUM(CT12:CX12)*F12*G12)/1000 -> 0.1324556 | CZ12: =CC12+CY12 -> 1.9547236 | DB12: =F12*G12*BA12 -> 1120.434 | DC12: =K12*(1-BE12) -> 0.75 | DD12: =L12+(K12*BE12)+(N12*BF12)+(P12*BG12) -> 0.25 | DE12: =M12 -> 0 | DF12: =N12*(1-BF12) -> 0 | DG12: =O12 -> 0 | DH12: =P12*(1-BG12) -> 0 | DI12: =$DB12*DC12 -> 840.3255 | DJ12: =$DB12*DD12 -> 280.1085 | DK12: =$DB12*DE12 -> 0 | DL12: =$DB12*DF12 -> 0 | DM12: =$DB12*DG12 -> 0 | DN12: =$DB12*DH12 -> 0 | DO12: =Constants!$C$10 -> 0.55 | DP12: =Constants!$C$11 -> 0.2 | DQ12: =Constants!$C$12 -> 0.3 | DR12: =Constants!$C$13 -> 0 | DS12: =Constants!$C$14 -> 0.125 | DT12: =Constants!$C$15 -> 0.25 | DU12: =Constants!$D$10 -> 0 | DV12: =Constants!$D$11 -> 0.005 | DW12: =Constants!$D$12 -> 0.02 | DX12: =Constants!$D$13 -> 0 | DY12: =Constants!$D$14 -> 0.01 | DZ12: =Constants!$D$15 -> 0.002 | EA12: =Constants!$B$23 -> 1.57 | EB12: =DI12*DU12*$EA12 -> 0 | EC12: =DJ12*DV12*$EA12 -> 2.1988517 | ED12: =DK12*DW12*$EA12 -> 0 | EE12: =DL12*DX12*$EA12 -> 0 | EF12: =DM12*DY12*$EA12 -> 0 | EG12: =DN12*DZ12*$EA12 -> 0 | EH12: =DI12*(1-DO12-DU12) -> 378.14647 | EI12: =DJ12*(1-DP12-DV12) -> 222.68626 | EJ12: =DL12*(1-DR12-DX12) -> 0 | EK12: =DM12*(1-DS12-DY12) -> 0 | EL12: =DN12*(1-DT12-DZ12) -> 0 | EM12: =$EH12*Z12+$EI12*AE12+$EJ12*AJ12+$EK12*AO12+$EL12*AT12 -> 0 | EN12: =$EH12*AA12+$EI12*AF12+$EJ12*AK12+$EK12*AP12+$EL12*AU12 -> 0 | EO12: =$EH12*AB12+$EI12*AG12+$EJ12*AL12+$EK12*AQ12+$EL12*AV12 -> 189.07324 | EP12: =$EH12*AC12+$EI12*AH12+$EJ12*AM12+$EK12*AR12+$EL12*AW12 -> 111.34313 | EQ12: =$EH12*AD12+$EI12*AI12+$EJ12*AN12+$EK12*AS12+$EL12*AX12 -> 300.41637 | ER12: =EM12*DU12*$EA12 -> 0 | ES12: =EN12*DV12*$EA12 -> 0 | ET12: =EO12*DX12*$EA12 -> 0 | EU12: =EP12*DZ12*$EA12 -> 0.34961742 | EV12: =EQ12*0*$EA12 -> 0 | EW12: =SUM(EB12:EG12,ER12:EV12)/1000 -> 0.0025484691 | EY12: =DI12*DO12 -> 462.17902 | EZ12: =DJ12*DP12 -> 56.0217 | FA12: =DK12*DQ12 -> 0 | FB12: =DL12*DR12 -> 0 | FC12: =DM12*DS12 -> 0 | FD12: =DN12*DT12 -> 0 | FE12: =EM12*DO12 -> 0 | FF12: =EN12*DP12 -> 0 | FG12: =EO12*DR12 -> 0 | FH12: =EP12*DT12 -> 27.835782 | FI12: =EQ12*0 -> 0 | FJ12: =SUM(EY12:FI12) -> 546.03651 | FK12: =_xlfn.XLOOKUP(C12, Constants!$D$19:$D$23, Constants!$E$19:$E$23) -> 0.007 | FL12: =(EA12*FJ12*FK12)/1000 -> 0.0060009412 | FN12: =Constants!$B$24 -> 0.011 | FO12: =IF(D12, 1, 0) -> 1 | FP12: =Constants!$B$25 -> 0.02 | FQ12: =DK12*FO12*FP12 -> 0 | FR12: =FQ12*FN12*EA12 -> 0
A13: NSW | C13: Irrigated crop | D13: TRUE | E13: gilts | F13: 333 | G13: 200 | O13: 1 | Q13: FALSE | T13: FALSE | W13: FALSE | AP13: 1 | AY13: =IF(H13<>"", H13, _xlfn.XLOOKUP($E13,Constants!$A$3:$A$6, Constants!B$3:B$6)) -> 2.5 | AZ13: =IF(I13<>"", I13, _xlfn.XLOOKUP($E13,Constants!$A$3:$A$6, Constants!C$3:C$6)) -> 0.55 | BA13: =IF(J13<>"", J13, _xlfn.XLOOKUP($E13,Constants!$A$3:$A$6, Constants!D$3:D$6)) -> 0.046 | BB13: =IF(R13<>"", R13, IF(Q13, Constants!$B$19, 0)) -> 0 | BC13: =IF(U13<>"", U13, IF(T13, Constants!$B$19, 0)) -> 0 | BD13: =IF(X13<>"", X13, IF(W13, Constants!$B$19, 0)) -> 0 | BE13: =IF(S13<>"", S13, IF(Q13, Constants!$B$20, 0)) -> 0 | BF13: =IF(V13<>"", V13, IF(T13, Constants!$B$20, 0)) -> 0 | BG13: =IF(Y13<>"", Y13, IF(W13, Constants!$B$20, 0)) -> 0 | BH13: =K13*(1-BB13) -> 0 | BI13: =L13+(K13*BB13)+(N13*BC13)+(P13*BD13) -> 0 | BJ13: =M13 -> 0 | BK13: =N13*(1-BC13) -> 0 | BL13: =O13 -> 1 | BM13: =P13*(1-BD13) -> 0 | BN13: =Constants!$B$21 -> 0.45 | BO13: =Constants!$B$22 -> 0.6784 | BP13: =_xlfn.XLOOKUP($A13,Constants!$F$9:$M$9,Constants!$F$10:$M$10) -> 0.75 | BQ13: =_xlfn.XLOOKUP($A13,Constants!$F$9:$M$9,Constants!$F$11:$M$11) -> 0.02 | BR13: =_xlfn.XLOOKUP($A13,Constants!$F$9:$M$9,Constants!$F$12:$M$12) -> 0.01 | BS13: =_xlfn.XLOOKUP($A13,Constants!$F$9:$M$9,Constants!$F$13:$M$13) -> 0.1 | BT13: =_xlfn.XLOOKUP($A13,Constants!$F$9:$M$9,Constants!$F$14:$M$14) -> 0.04 | BU13: =_xlfn.XLOOKUP($A13,Constants!$F$9:$M$9,Constants!$F$15:$M$15) -> 0.03 | BV13: =_xlfn.XLOOKUP($A13,Constants!$F$9:$M$9,Constants!$F$16:$M$16) -> 0 | BW13: =$AZ13*BH13*BP13*$BN13*$BO13 -> 0 | BX13: =$AZ13*BI13*BQ13*$BN13*$BO13 -> 0 | BY13: =$AZ13*BJ13*BR13*$BN13*$BO13 -> 0 | BZ13: =$AZ13*BK13*BS13*$BN13*$BO13 -> 0 | CA13: =$AZ13*BL13*BT13*$BN13*$BO13 -> 0.00671616 | CB13: =$AZ13*BM13*BU13*$BN13*$BO13 -> 0 | CC13: =(SUM(BW13:CB13)*F13*G13)/1000 -> 0.44729626 | CD13: =Constants!$E$10 -> 0 | CE13: =Constants!$E$11 -> 0 | CF13: =Constants!$E$13 -> 0.75 | CG13: =Constants!$E$14 -> 0.05 | CH13: =Constants!$E$15 -> 0 | CI13: =(BH13*(1-CD13)) -> 0 | CJ13: =(BI13*(1-CE13)) -> 0 | CK13: =(BK13*(1-CF13)) -> 0 | CL13: =(BL13*(1-CG13)) -> 0.95 | CM13: =(BM13*(1-CH13)) -> 0 | CN13: =SUM(CI13:CM13)*I13 -> 0 | CO13: =$CI13*Z13+$CJ13*AE13+$CK13*AJ13+$CL13*AO13+$CM13*AT13 -> 0 | CP13: =$CI13*AA13+$CJ13*AF13+$CK13*AK13+$CL13*AP13+$CM13*AU13 -> 0.95 | CQ13: =$CI13*AB13+$CJ13*AG13+$CK13*AL13+$CL13*AQ13+$CM13*AV13 -> 0 | CR13: =$CI13*AC13+$CJ13*AH13+$CK13*AM13+$CL13*AR13+$CM13*AW13 -> 0 | CS13: =$CI13*AD13+$CJ13*AI13+$CK13*AN13+$CL13*AS13+$CM13*AX13 -> 0 | CT13: =CO13*$BN13*BP13*$BO13*$AZ13 -> 0 | CU13: =CP13*$BN13*BQ13*$BO13*$AZ13 -> 0.003190176 | CV13: =CQ13*$BN13*BS13*$BO13*$AZ13 -> 0 | CW13: =CR13*$BN13*BU13*$BO13*$AZ13 -> 0 | CX13: =CS13*$BN13*BV13*$BO13*$AZ13 -> 0 | CY13: =(SUM(CT13:CX13)*F13*G13)/1000 -> 0.21246572 | CZ13: =CC13+CY13 -> 0.65976198 | DB13: =F13*G13*BA13 -> 3063.6 | DC13: =K13*(1-BE13) -> 0 | DD13: =L13+(K13*BE13)+(N13*BF13)+(P13*BG13) -> 0 | DE13: =M13 -> 0 | DF13: =N13*(1-BF13) -> 0 | DG13: =O13 -> 1 | DH13: =P13*(1-BG13) -> 0 | DI13: =$DB13*DC13 -> 0 | DJ13: =$DB13*DD13 -> 0 | DK13: =$DB13*DE13 -> 0 | DL13: =$DB13*DF13 -> 0 | DM13: =$DB13*DG13 -> 3063.6 | DN13: =$DB13*DH13 -> 0 | DO13: =Constants!$C$10 -> 0.55 | DP13: =Constants!$C$11 -> 0.2 | DQ13: =Constants!$C$12 -> 0.3 | DR13: =Constants!$C$13 -> 0 | DS13: =Constants!$C$14 -> 0.125 | DT13: =Constants!$C$15 -> 0.25 | DU13: =Constants!$D$10 -> 0 | DV13: =Constants!$D$11 -> 0.005 | DW13: =Constants!$D$12 -> 0.02 | DX13: =Constants!$D$13 -> 0 | DY13: =Constants!$D$14 -> 0.01 | DZ13: =Constants!$D$15 -> 0.002 | EA13: =Constants!$B$23 -> 1.57 | EB13: =DI13*DU13*$EA13 -> 0 | EC13: =DJ13*DV13*$EA13 -> 0 | ED13: =DK13*DW13*$EA13 -> 0 | EE13: =DL13*DX13*$EA13 -> 0 | EF13: =DM13*DY13*$EA13 -> 48.09852 | EG13: =DN13*DZ13*$EA13 -> 0 | EH13: =DI13*(1-DO13-DU13) -> 0 | EI13: =DJ13*(1-DP13-DV13) -> 0 | EJ13: =DL13*(1-DR13-DX13) -> 0 | EK13: =DM13*(1-DS13-DY13) -> 2650.014 | EL13: =DN13*(1-DT13-DZ13) -> 0 | EM13: =$EH13*Z13+$EI13*AE13+$EJ13*AJ13+$EK13*AO13+$EL13*AT13 -> 0 | EN13: =$EH13*AA13+$EI13*AF13+$EJ13*AK13+$EK13*AP13+$EL13*AU13 -> 2650.014 | EO13: =$EH13*AB13+$EI13*AG13+$EJ13*AL13+$EK13*AQ13+$EL13*AV13 -> 0 | EP13: =$EH13*AC13+$EI13*AH13+$EJ13*AM13+$EK13*AR13+$EL13*AW13 -> 0 | EQ13: =$EH13*AD13+$EI13*AI13+$EJ13*AN13+$EK13*AS13+$EL13*AX13 -> 0 | ER13: =EM13*DU13*$EA13 -> 0 | ES13: =EN13*DV13*$EA13 -> 20.80261 | ET13: =EO13*DX13*$EA13 -> 0 | EU13: =EP13*DZ13*$EA13 -> 0 | EV13: =EQ13*0*$EA13 -> 0 | EW13: =SUM(EB13:EG13,ER13:EV13)/1000 -> 0.06890113 | EY13: =DI13*DO13 -> 0 | EZ13: =DJ13*DP13 -> 0 | FA13: =DK13*DQ13 -> 0 | FB13: =DL13*DR13 -> 0 | FC13: =DM13*DS13 -> 382.95 | FD13: =DN13*DT13 -> 0 | FE13: =EM13*DO13 -> 0 | FF13: =EN13*DP13 -> 530.0028 | FG13: =EO13*DR13 -> 0 | FH13: =EP13*DT13 -> 0 | FI13: =EQ13*0 -> 0 | FJ13: =SUM(EY13:FI13) -> 912.9528 | FK13: =_xlfn.XLOOKUP(C13, Constants!$D$19:$D$23, Constants!$E$19:$E$23) -> 0.007 | FL13: =(EA13*FJ13*FK13)/1000 -> 0.010033351 | FN13: =Constants!$B$24 -> 0.011 | FO13: =IF(D13, 1, 0) -> 1 | FP13: =Constants!$B$25 -> 0.02 | FQ13: =DK13*FO13*FP13 -> 0 | FR13: =FQ13*FN13*EA13 -> 0
A14: NSW | C14: Irrigated crop | D14: TRUE | E14: others | F14: 444 | G14: 365 | O14: 1 | Q14: FALSE | T14: FALSE | W14: FALSE | AP14: 1 | AY14: =IF(H14<>"", H14, _xlfn.XLOOKUP($E14,Constants!$A$3:$A$6, Constants!B$3:B$6)) -> 1.71 | AZ14: =IF(I14<>"", I14, _xlfn.XLOOKUP($E14,Constants!$A$3:$A$6, Constants!C$3:C$6)) -> 0.39 | BA14: =IF(J14<>"", J14, _xlfn.XLOOKUP($E14,Constants!$A$3:$A$6, Constants!D$3:D$6)) -> 0.031 | BB14: =IF(R14<>"", R14, IF(Q14, Constants!$B$19, 0)) -> 0 | BC14: =IF(U14<>"", U14, IF(T14, Constants!$B$19, 0)) -> 0 | BD14: =IF(X14<>"", X14, IF(W14, Constants!$B$19, 0)) -> 0 | BE14: =IF(S14<>"", S14, IF(Q14, Constants!$B$20, 0)) -> 0 | BF14: =IF(V14<>"", V14, IF(T14, Constants!$B$20, 0)) -> 0 | BG14: =IF(Y14<>"", Y14, IF(W14, Constants!$B$20, 0)) -> 0 | BH14: =K14*(1-BB14) -> 0 | BI14: =L14+(K14*BB14)+(N14*BC14)+(P14*BD14) -> 0 | BJ14: =M14 -> 0 | BK14: =N14*(1-BC14) -> 0 | BL14: =O14 -> 1 | BM14: =P14*(1-BD14) -> 0 | BN14: =Constants!$B$21 -> 0.45 | BO14: =Constants!$B$22 -> 0.6784 | BP14: =_xlfn.XLOOKUP($A14,Constants!$F$9:$M$9,Constants!$F$10:$M$10) -> 0.75 | BQ14: =_xlfn.XLOOKUP($A14,Constants!$F$9:$M$9,Constants!$F$11:$M$11) -> 0.02 | BR14: =_xlfn.XLOOKUP($A14,Constants!$F$9:$M$9,Constants!$F$12:$M$12) -> 0.01 | BS14: =_xlfn.XLOOKUP($A14,Constants!$F$9:$M$9,Constants!$F$13:$M$13) -> 0.1 | BT14: =_xlfn.XLOOKUP($A14,Constants!$F$9:$M$9,Constants!$F$14:$M$14) -> 0.04 | BU14: =_xlfn.XLOOKUP($A14,Constants!$F$9:$M$9,Constants!$F$15:$M$15) -> 0.03 | BV14: =_xlfn.XLOOKUP($A14,Constants!$F$9:$M$9,Constants!$F$16:$M$16) -> 0 | BW14: =$AZ14*BH14*BP14*$BN14*$BO14 -> 0 | BX14: =$AZ14*BI14*BQ14*$BN14*$BO14 -> 0 | BY14: =$AZ14*BJ14*BR14*$BN14*$BO14 -> 0 | BZ14: =$AZ14*BK14*BS14*$BN14*$BO14 -> 0 | CA14: =$AZ14*BL14*BT14*$BN14*$BO14 -> 0.004762368 | CB14: =$AZ14*BM14*BU14*$BN14*$BO14 -> 0 | CC14: =(SUM(BW14:CB14)*F14*G14)/1000 -> 0.77178936 | CD14: =Constants!$E$10 -> 0 | CE14: =Constants!$E$11 -> 0 | CF14: =Constants!$E$13 -> 0.75 | CG14: =Constants!$E$14 -> 0.05 | CH14: =Constants!$E$15 -> 0 | CI14: =(BH14*(1-CD14)) -> 0 | CJ14: =(BI14*(1-CE14)) -> 0 | CK14: =(BK14*(1-CF14)) -> 0 | CL14: =(BL14*(1-CG14)) -> 0.95 | CM14: =(BM14*(1-CH14)) -> 0 | CN14: =SUM(CI14:CM14)*I14 -> 0 | CO14: =$CI14*Z14+$CJ14*AE14+$CK14*AJ14+$CL14*AO14+$CM14*AT14 -> 0 | CP14: =$CI14*AA14+$CJ14*AF14+$CK14*AK14+$CL14*AP14+$CM14*AU14 -> 0.95 | CQ14: =$CI14*AB14+$CJ14*AG14+$CK14*AL14+$CL14*AQ14+$CM14*AV14 -> 0 | CR14: =$CI14*AC14+$CJ14*AH14+$CK14*AM14+$CL14*AR14+$CM14*AW14 -> 0 | CS14: =$CI14*AD14+$CJ14*AI14+$CK14*AN14+$CL14*AS14+$CM14*AX14 -> 0 | CT14: =CO14*$BN14*BP14*$BO14*$AZ14 -> 0 | CU14: =CP14*$BN14*BQ14*$BO14*$AZ14 -> 0.0022621248 | CV14: =CQ14*$BN14*BS14*$BO14*$AZ14 -> 0 | CW14: =CR14*$BN14*BU14*$BO14*$AZ14 -> 0 | CX14: =CS14*$BN14*BV14*$BO14*$AZ14 -> 0 | CY14: =(SUM(CT14:CX14)*F14*G14)/1000 -> 0.36659995 | CZ14: =CC14+CY14 -> 1.1383893 | DB14: =F14*G14*BA14 -> 5023.86 | DC14: =K14*(1-BE14) -> 0 | DD14: =L14+(K14*BE14)+(N14*BF14)+(P14*BG14) -> 0 | DE14: =M14 -> 0 | DF14: =N14*(1-BF14) -> 0 | DG14: =O14 -> 1 | DH14: =P14*(1-BG14) -> 0 | DI14: =$DB14*DC14 -> 0 | DJ14: =$DB14*DD14 -> 0 | DK14: =$DB14*DE14 -> 0 | DL14: =$DB14*DF14 -> 0 | DM14: =$DB14*DG14 -> 5023.86 | DN14: =$DB14*DH14 -> 0 | DO14: =Constants!$C$10 -> 0.55 | DP14: =Constants!$C$11 -> 0.2 | DQ14: =Constants!$C$12 -> 0.3 | DR14: =Constants!$C$13 -> 0 | DS14: =Constants!$C$14 -> 0.125 | DT14: =Constants!$C$15 -> 0.25 | DU14: =Constants!$D$10 -> 0 | DV14: =Constants!$D$11 -> 0.005 | DW14: =Constants!$D$12 -> 0.02 | DX14: =Constants!$D$13 -> 0 | DY14: =Constants!$D$14 -> 0.01 | DZ14: =Constants!$D$15 -> 0.002 | EA14: =Constants!$B$23 -> 1.57 | EB14: =DI14*DU14*$EA14 -> 0 | EC14: =DJ14*DV14*$EA14 -> 0 | ED14: =DK14*DW14*$EA14 -> 0 | EE14: =DL14*DX14*$EA14 -> 0 | EF14: =DM14*DY14*$EA14 -> 78.874602 | EG14: =DN14*DZ14*$EA14 -> 0 | EH14: =DI14*(1-DO14-DU14) -> 0 | EI14: =DJ14*(1-DP14-DV14) -> 0 | EJ14: =DL14*(1-DR14-DX14) -> 0 | EK14: =DM14*(1-DS14-DY14) -> 4345.6389 | EL14: =DN14*(1-DT14-DZ14) -> 0 | EM14: =$EH14*Z14+$EI14*AE14+$EJ14*AJ14+$EK14*AO14+$EL14*AT14 -> 0 | EN14: =$EH14*AA14+$EI14*AF14+$EJ14*AK14+$EK14*AP14+$EL14*AU14 -> 4345.6389 | EO14: =$EH14*AB14+$EI14*AG14+$EJ14*AL14+$EK14*AQ14+$EL14*AV14 -> 0 | EP14: =$EH14*AC14+$EI14*AH14+$EJ14*AM14+$EK14*AR14+$EL14*AW14 -> 0 | EQ14: =$EH14*AD14+$EI14*AI14+$EJ14*AN14+$EK14*AS14+$EL14*AX14 -> 0 | ER14: =EM14*DU14*$EA14 -> 0 | ES14: =EN14*DV14*$EA14 -> 34.113265 | ET14: =EO14*DX14*$EA14 -> 0 | EU14: =EP14*DZ14*$EA14 -> 0 | EV14: =EQ14*0*$EA14 -> 0 | EW14: =SUM(EB14:EG14,ER14:EV14)/1000 -> 0.11298787 | EY14: =DI14*DO14 -> 0 | EZ14: =DJ14*DP14 -> 0 | FA14: =DK14*DQ14 -> 0 | FB14: =DL14*DR14 -> 0 | FC14: =DM14*DS14 -> 627.9825 | FD14: =DN14*DT14 -> 0 | FE14: =EM14*DO14 -> 0 | FF14: =EN14*DP14 -> 869.12778 | FG14: =EO14*DR14 -> 0 | FH14: =EP14*DT14 -> 0 | FI14: =EQ14*0 -> 0 | FJ14: =SUM(EY14:FI14) -> 1497.1103 | FK14: =_xlfn.XLOOKUP(C14, Constants!$D$19:$D$23, Constants!$E$19:$E$23) -> 0.007 | FL14: =(EA14*FJ14*FK14)/1000 -> 0.016453242 | FN14: =Constants!$B$24 -> 0.011 | FO14: =IF(D14, 1, 0) -> 1 | FP14: =Constants!$B$25 -> 0.02 | FQ14: =DK14*FO14*FP14 -> 0 | FR14: =FQ14*FN14*EA14 -> 0
A15: NT | C15: Irrigated pasture | D15: TRUE | E15: boars | F15: 105 | G15: 75 | K15: 0.2 | L15: 0.1 | M15: 0.2 | N15: 0.2 | O15: 0.2 | P15: 0.1 | Q15: TRUE | T15: TRUE | W15: TRUE | AA15: 0.25 | AB15: 0.25 | AC15: 0.25 | AD15: 0.25 | AE15: 0.25 | AG15: 0.25 | AH15: 0.25 | AI15: 0.25 | AJ15: 0.25 | AK15: 0.25 | AM15: 0.25 | AN15: 0.25 | AO15: 0.2 | AP15: 0.2 | AQ15: 0.2 | AR15: 0.2 | AS15: 0.2 | AT15: 0.25 | AU15: 0.25 | AV15: 0.25 | AX15: 0.25 | AY15: =IF(H15<>"", H15, _xlfn.XLOOKUP($E15,Constants!$A$3:$A$6, Constants!B$3:B$6)) -> 2.3 | AZ15: =IF(I15<>"", I15, _xlfn.XLOOKUP($E15,Constants!$A$3:$A$6, Constants!C$3:C$6)) -> 0.4 | BA15: =IF(J15<>"", J15, _xlfn.XLOOKUP($E15,Constants!$A$3:$A$6, Constants!D$3:D$6)) -> 0.046 | BB15: =IF(R15<>"", R15, IF(Q15, Constants!$B$19, 0)) -> 0.25 | BC15: =IF(U15<>"", U15, IF(T15, Constants!$B$19, 0)) -> 0.25 | BD15: =IF(X15<>"", X15, IF(W15, Constants!$B$19, 0)) -> 0.25 | BE15: =IF(S15<>"", S15, IF(Q15, Constants!$B$20, 0)) -> 0.25 | BF15: =IF(V15<>"", V15, IF(T15, Constants!$B$20, 0)) -> 0.25 | BG15: =IF(Y15<>"", Y15, IF(W15, Constants!$B$20, 0)) -> 0.25 | BH15: =K15*(1-BB15) -> 0.15 | BI15: =L15+(K15*BB15)+(N15*BC15)+(P15*BD15) -> 0.225 | BJ15: =M15 -> 0.2 | BK15: =N15*(1-BC15) -> 0.15 | BL15: =O15 -> 0.2 | BM15: =P15*(1-BD15) -> 0.075 | BN15: =Constants!$B$21 -> 0.45 | BO15: =Constants!$B$22 -> 0.6784 | BP15: =_xlfn.XLOOKUP($A15,Constants!$F$9:$M$9,Constants!$F$10:$M$10) -> 0.78 | BQ15: =_xlfn.XLOOKUP($A15,Constants!$F$9:$M$9,Constants!$F$11:$M$11) -> 0.02 | BR15: =_xlfn.XLOOKUP($A15,Constants!$F$9:$M$9,Constants!$F$12:$M$12) -> 0.03 | BS15: =_xlfn.XLOOKUP($A15,Constants!$F$9:$M$9,Constants!$F$13:$M$13) -> 0.1 | BT15: =_xlfn.XLOOKUP($A15,Constants!$F$9:$M$9,Constants!$F$14:$M$14) -> 0.04 | BU15: =_xlfn.XLOOKUP($A15,Constants!$F$9:$M$9,Constants!$F$15:$M$15) -> 0.03 | BV15: =_xlfn.XLOOKUP($A15,Constants!$F$9:$M$9,Constants!$F$16:$M$16) -> 0 | BW15: =$AZ15*BH15*BP15*$BN15*$BO15 -> 0.014287104 | BX15: =$AZ15*BI15*BQ15*$BN15*$BO15 -> 0.000549504 | BY15: =$AZ15*BJ15*BR15*$BN15*$BO15 -> 0.000732672 | BZ15: =$AZ15*BK15*BS15*$BN15*$BO15 -> 0.00183168 | CA15: =$AZ15*BL15*BT15*$BN15*$BO15 -> 0.000976896 | CB15: =$AZ15*BM15*BU15*$BN15*$BO15 -> 0.000274752 | CC15: =(SUM(BW15:CB15)*F15*G15)/1000 -> 0.14688929 | CD15: =Constants!$E$10 -> 0 | CE15: =Constants!$E$11 -> 0 | CF15: =Constants!$E$13 -> 0.75 | CG15: =Constants!$E$14 -> 0.05 | CH15: =Constants!$E$15 -> 0 | CI15: =(BH15*(1-CD15)) -> 0.15 | CJ15: =(BI15*(1-CE15)) -> 0.225 | CK15: =(BK15*(1-CF15)) -> 0.0375 | CL15: =(BL15*(1-CG15)) -> 0.19 | CM15: =(BM15*(1-CH15)) -> 0.075 | CN15: =SUM(CI15:CM15)*I15 -> 0 | CO15: =$CI15*Z15+$CJ15*AE15+$CK15*AJ15+$CL15*AO15+$CM15*AT15 -> 0.122375 | CP15: =$CI15*AA15+$CJ15*AF15+$CK15*AK15+$CL15*AP15+$CM15*AU15 -> 0.103625 | CQ15: =$CI15*AB15+$CJ15*AG15+$CK15*AL15+$CL15*AQ15+$CM15*AV15 -> 0.1505 | CR15: =$CI15*AC15+$CJ15*AH15+$CK15*AM15+$CL15*AR15+$CM15*AW15 -> 0.141125 | CS15: =$CI15*AD15+$CJ15*AI15+$CK15*AN15+$CL15*AS15+$CM15*AX15 -> 0.159875 | CT15: =CO15*$BN15*BP15*$BO15*$AZ15 -> 0.011655896 | CU15: =CP15*$BN15*BQ15*$BO15*$AZ15 -> 0.00025307712 | CV15: =CQ15*$BN15*BS15*$BO15*$AZ15 -> 0.0018377856 | CW15: =CR15*$BN15*BU15*$BO15*$AZ15 -> 0.00051699168 | CX15: =CS15*$BN15*BV15*$BO15*$AZ15 -> 0 | CY15: =(SUM(CT15:CX15)*F15*G15)/1000 -> 0.11232703 | CZ15: =CC15+CY15 -> 0.25921632 | DA15: =SUM(CZ15:CZ18) -> 8.8582363 | DB15: =F15*G15*BA15 -> 362.25 | DC15: =K15*(1-BE15) -> 0.15 | DD15: =L15+(K15*BE15)+(N15*BF15)+(P15*BG15) -> 0.225 | DE15: =M15 -> 0.2 | DF15: =N15*(1-BF15) -> 0.15 | DG15: =O15 -> 0.2 | DH15: =P15*(1-BG15) -> 0.075 | DI15: =$DB15*DC15 -> 54.3375 | DJ15: =$DB15*DD15 -> 81.50625 | DK15: =$DB15*DE15 -> 72.45 | DL15: =$DB15*DF15 -> 54.3375 | DM15: =$DB15*DG15 -> 72.45 | DN15: =$DB15*DH15 -> 27.16875 | DO15: =Constants!$C$10 -> 0.55 | DP15: =Constants!$C$11 -> 0.2 | DQ15: =Constants!$C$12 -> 0.3 | DR15: =Constants!$C$13 -> 0 | DS15: =Constants!$C$14 -> 0.125 | DT15: =Constants!$C$15 -> 0.25 | DU15: =Constants!$D$10 -> 0 | DV15: =Constants!$D$11 -> 0.005 | DW15: =Constants!$D$12 -> 0.02 | DX15: =Constants!$D$13 -> 0 | DY15: =Constants!$D$14 -> 0.01 | DZ15: =Constants!$D$15 -> 0.002 | EA15: =Constants!$B$23 -> 1.57 | EB15: =DI15*DU15*$EA15 -> 0 | EC15: =DJ15*DV15*$EA15 -> 0.63982406 | ED15: =DK15*DW15*$EA15 -> 2.27493 | EE15: =DL15*DX15*$EA15 -> 0 | EF15: =DM15*DY15*$EA15 -> 1.137465 | EG15: =DN15*DZ15*$EA15 -> 0.085309875 | EH15: =DI15*(1-DO15-DU15) -> 24.451875 | EI15: =DJ15*(1-DP15-DV15) -> 64.797469 | EJ15: =DL15*(1-DR15-DX15) -> 54.3375 | EK15: =DM15*(1-DS15-DY15) -> 62.66925 | EL15: =DN15*(1-DT15-DZ15) -> 20.322225 | EM15: =$EH15*Z15+$EI15*AE15+$EJ15*AJ15+$EK15*AO15+$EL15*AT15 -> 47.398148 | EN15: =$EH15*AA15+$EI15*AF15+$EJ15*AK15+$EK15*AP15+$EL15*AU15 -> 37.31175 | EO15: =$EH15*AB15+$EI15*AG15+$EJ15*AL15+$EK15*AQ15+$EL15*AV15 -> 39.926742 | EP15: =$EH15*AC15+$EI15*AH15+$EJ15*AM15+$EK15*AR15+$EL15*AW15 -> 48.430561 | EQ15: =$EH15*AD15+$EI15*AI15+$EJ15*AN15+$EK15*AS15+$EL15*AX15 -> 53.511117 | ER15: =EM15*DU15*$EA15 -> 0 | ES15: =EN15*DV15*$EA15 -> 0.29289724 | ET15: =EO15*DX15*$EA15 -> 0 | EU15: =EP15*DZ15*$EA15 -> 0.15207196 | EV15: =EQ15*0*$EA15 -> 0 | EW15: =SUM(EB15:EG15,ER15:EV15)/1000 -> 0.0045824981 | EX15: =SUM(EW15:EW18) -> 0.12434009 | EY15: =DI15*DO15 -> 29.885625 | EZ15: =DJ15*DP15 -> 16.30125 | FA15: =DK15*DQ15 -> 21.735 | FB15: =DL15*DR15 -> 0 | FC15: =DM15*DS15 -> 9.05625 | FD15: =DN15*DT15 -> 6.7921875 | FE15: =EM15*DO15 -> 26.068982 | FF15: =EN15*DP15 -> 7.46235 | FG15: =EO15*DR15 -> 0 | FH15: =EP15*DT15 -> 12.10764 | FI15: =EQ15*0 -> 0 | FJ15: =SUM(EY15:FI15) -> 129.40928 | FK15: =_xlfn.XLOOKUP(C15, Constants!$D$19:$D$23, Constants!$E$19:$E$23) -> 0.0059 | FL15: =(EA15*FJ15*FK15)/1000 -> 0.0011987182 | FM15: =SUM(FL15:FL18) -> 0.032525651 | FN15: =Constants!$B$24 -> 0.011 | FO15: =IF(D15, 1, 0) -> 1 | FP15: =Constants!$B$25 -> 0.02 | FQ15: =DK15*FO15*FP15 -> 1.449 | FR15: =FQ15*FN15*EA15 -> 0.02502423 | FS15: =SUM(FR15:FR18)/1000 -> 0.00067899975
A16: NT | C16: Irrigated pasture | D16: TRUE | E16: sows | F16: 245 | G16: 290 | K16: 0.2 | L16: 0.1 | M16: 0.2 | N16: 0.2 | O16: 0.2 | P16: 0.1 | Q16: TRUE | T16: TRUE | W16: TRUE | AA16: 0.25 | AB16: 0.25 | AC16: 0.25 | AD16: 0.25 | AE16: 0.25 | AG16: 0.25 | AH16: 0.25 | AI16: 0.25 | AJ16: 0.25 | AK16: 0.25 | AM16: 0.25 | AN16: 0.25 | AO16: 0.2 | AP16: 0.2 | AQ16: 0.2 | AR16: 0.2 | AS16: 0.2 | AT16: 0.25 | AU16: 0.25 | AV16: 0.25 | AX16: 0.25 | AY16: =IF(H16<>"", H16, _xlfn.XLOOKUP($E16,Constants!$A$3:$A$6, Constants!B$3:B$6)) -> 2.62 | AZ16: =IF(I16<>"", I16, _xlfn.XLOOKUP($E16,Constants!$A$3:$A$6, Constants!C$3:C$6)) -> 0.46 | BA16: =IF(J16<>"", J16, _xlfn.XLOOKUP($E16,Constants!$A$3:$A$6, Constants!D$3:D$6)) -> 0.049 | BB16: =IF(R16<>"", R16, IF(Q16, Constants!$B$19, 0)) -> 0.25 | BC16: =IF(U16<>"", U16, IF(T16, Constants!$B$19, 0)) -> 0.25 | BD16: =IF(X16<>"", X16, IF(W16, Constants!$B$19, 0)) -> 0.25 | BE16: =IF(S16<>"", S16, IF(Q16, Constants!$B$20, 0)) -> 0.25 | BF16: =IF(V16<>"", V16, IF(T16, Constants!$B$20, 0)) -> 0.25 | BG16: =IF(Y16<>"", Y16, IF(W16, Constants!$B$20, 0)) -> 0.25 | BH16: =K16*(1-BB16) -> 0.15 | BI16: =L16+(K16*BB16)+(N16*BC16)+(P16*BD16) -> 0.225 | BJ16: =M16 -> 0.2 | BK16: =N16*(1-BC16) -> 0.15 | BL16: =O16 -> 0.2 | BM16: =P16*(1-BD16) -> 0.075 | BN16: =Constants!$B$21 -> 0.45 | BO16: =Constants!$B$22 -> 0.6784 | BP16: =_xlfn.XLOOKUP($A16,Constants!$F$9:$M$9,Constants!$F$10:$M$10) -> 0.78 | BQ16: =_xlfn.XLOOKUP($A16,Constants!$F$9:$M$9,Constants!$F$11:$M$11) -> 0.02 | BR16: =_xlfn.XLOOKUP($A16,Constants!$F$9:$M$9,Constants!$F$12:$M$12) -> 0.03 | BS16: =_xlfn.XLOOKUP($A16,Constants!$F$9:$M$9,Constants!$F$13:$M$13) -> 0.1 | BT16: =_xlfn.XLOOKUP($A16,Constants!$F$9:$M$9,Constants!$F$14:$M$14) -> 0.04 | BU16: =_xlfn.XLOOKUP($A16,Constants!$F$9:$M$9,Constants!$F$15:$M$15) -> 0.03 | BV16: =_xlfn.XLOOKUP($A16,Constants!$F$9:$M$9,Constants!$F$16:$M$16) -> 0 | BW16: =$AZ16*BH16*BP16*$BN16*$BO16 -> 0.01643017 | BX16: =$AZ16*BI16*BQ16*$BN16*$BO16 -> 0.0006319296 | BY16: =$AZ16*BJ16*BR16*$BN16*$BO16 -> 0.0008425728 | BZ16: =$AZ16*BK16*BS16*$BN16*$BO16 -> 0.002106432 | CA16: =$AZ16*BL16*BT16*$BN16*$BO16 -> 0.0011234304 | CB16: =$AZ16*BM16*BU16*$BN16*$BO16 -> 0.0003159648 | CC16: =(SUM(BW16:CB16)*F16*G16)/1000 -> 1.524058 | CD16: =Constants!$E$10 -> 0 | CE16: =Constants!$E$11 -> 0 | CF16: =Constants!$E$13 -> 0.75 | CG16: =Constants!$E$14 -> 0.05 | CH16: =Constants!$E$15 -> 0 | CI16: =(BH16*(1-CD16)) -> 0.15 | CJ16: =(BI16*(1-CE16)) -> 0.225 | CK16: =(BK16*(1-CF16)) -> 0.0375 | CL16: =(BL16*(1-CG16)) -> 0.19 | CM16: =(BM16*(1-CH16)) -> 0.075 | CN16: =SUM(CI16:CM16)*I16 -> 0 | CO16: =$CI16*Z16+$CJ16*AE16+$CK16*AJ16+$CL16*AO16+$CM16*AT16 -> 0.122375 | CP16: =$CI16*AA16+$CJ16*AF16+$CK16*AK16+$CL16*AP16+$CM16*AU16 -> 0.103625 | CQ16: =$CI16*AB16+$CJ16*AG16+$CK16*AL16+$CL16*AQ16+$CM16*AV16 -> 0.1505 | CR16: =$CI16*AC16+$CJ16*AH16+$CK16*AM16+$CL16*AR16+$CM16*AW16 -> 0.141125 | CS16: =$CI16*AD16+$CJ16*AI16+$CK16*AN16+$CL16*AS16+$CM16*AX16 -> 0.159875 | CT16: =CO16*$BN16*BP16*$BO16*$AZ16 -> 0.01340428 | CU16: =CP16*$BN16*BQ16*$BO16*$AZ16 -> 0.00029103869 | CV16: =CQ16*$BN16*BS16*$BO16*$AZ16 -> 0.0021134534 | CW16: =CR16*$BN16*BU16*$BO16*$AZ16 -> 0.00059454043 | CX16: =CS16*$BN16*BV16*$BO16*$AZ16 -> 0 | CY16: =(SUM(CT16:CX16)*F16*G16)/1000 -> 1.1654554 | CZ16: =CC16+CY16 -> 2.6895133 | DB16: =F16*G16*BA16 -> 3481.45 | DC16: =K16*(1-BE16) -> 0.15 | DD16: =L16+(K16*BE16)+(N16*BF16)+(P16*BG16) -> 0.225 | DE16: =M16 -> 0.2 | DF16: =N16*(1-BF16) -> 0.15 | DG16: =O16 -> 0.2 | DH16: =P16*(1-BG16) -> 0.075 | DI16: =$DB16*DC16 -> 522.2175 | DJ16: =$DB16*DD16 -> 783.32625 | DK16: =$DB16*DE16 -> 696.29 | DL16: =$DB16*DF16 -> 522.2175 | DM16: =$DB16*DG16 -> 696.29 | DN16: =$DB16*DH16 -> 261.10875 | DO16: =Constants!$C$10 -> 0.55 | DP16: =Constants!$C$11 -> 0.2 | DQ16: =Constants!$C$12 -> 0.3 | DR16: =Constants!$C$13 -> 0 | DS16: =Constants!$C$14 -> 0.125 | DT16: =Constants!$C$15 -> 0.25 | DU16: =Constants!$D$10 -> 0 | DV16: =Constants!$D$11 -> 0.005 | DW16: =Constants!$D$12 -> 0.02 | DX16: =Constants!$D$13 -> 0 | DY16: =Constants!$D$14 -> 0.01 | DZ16: =Constants!$D$15 -> 0.002 | EA16: =Constants!$B$23 -> 1.57 | EB16: =DI16*DU16*$EA16 -> 0 | EC16: =DJ16*DV16*$EA16 -> 6.1491111 | ED16: =DK16*DW16*$EA16 -> 21.863506 | EE16: =DL16*DX16*$EA16 -> 0 | EF16: =DM16*DY16*$EA16 -> 10.931753 | EG16: =DN16*DZ16*$EA16 -> 0.81988148 | EH16: =DI16*(1-DO16-DU16) -> 234.99788 | EI16: =DJ16*(1-DP16-DV16) -> 622.74437 | EJ16: =DL16*(1-DR16-DX16) -> 522.2175 | EK16: =DM16*(1-DS16-DY16) -> 602.29085 | EL16: =DN16*(1-DT16-DZ16) -> 195.30935 | EM16: =$EH16*Z16+$EI16*AE16+$EJ16*AJ16+$EK16*AO16+$EL16*AT16 -> 455.52597 | EN16: =$EH16*AA16+$EI16*AF16+$EJ16*AK16+$EK16*AP16+$EL16*AU16 -> 358.58935 | EO16: =$EH16*AB16+$EI16*AG16+$EJ16*AL16+$EK16*AQ16+$EL16*AV16 -> 383.72107 | EP16: =$EH16*AC16+$EI16*AH16+$EJ16*AM16+$EK16*AR16+$EL16*AW16 -> 465.44811 | EQ16: =$EH16*AD16+$EI16*AI16+$EJ16*AN16+$EK16*AS16+$EL16*AX16 -> 514.27544 | ER16: =EM16*DU16*$EA16 -> 0 | ES16: =EN16*DV16*$EA16 -> 2.8149264 | ET16: =EO16*DX16*$EA16 -> 0 | EU16: =EP16*DZ16*$EA16 -> 1.4615071 | EV16: =EQ16*0*$EA16 -> 0 | EW16: =SUM(EB16:EG16,ER16:EV16)/1000 -> 0.044040685 | EY16: =DI16*DO16 -> 287.21963 | EZ16: =DJ16*DP16 -> 156.66525 | FA16: =DK16*DQ16 -> 208.887 | FB16: =DL16*DR16 -> 0 | FC16: =DM16*DS16 -> 87.03625 | FD16: =DN16*DT16 -> 65.277188 | FE16: =EM16*DO16 -> 250.53929 | FF16: =EN16*DP16 -> 71.71787 | FG16: =EO16*DR16 -> 0 | FH16: =EP16*DT16 -> 116.36203 | FI16: =EQ16*0 -> 0 | FJ16: =SUM(EY16:FI16) -> 1243.7045 | FK16: =_xlfn.XLOOKUP(C16, Constants!$D$19:$D$23, Constants!$E$19:$E$23) -> 0.0059 | FL16: =(EA16*FJ16*FK16)/1000 -> 0.011520435 | FN16: =Constants!$B$24 -> 0.011 | FO16: =IF(D16, 1, 0) -> 1 | FP16: =Constants!$B$25 -> 0.02 | FQ16: =DK16*FO16*FP16 -> 13.9258 | FR16: =FQ16*FN16*EA16 -> 0.24049857
A17: NT | C17: Irrigated pasture | D17: TRUE | E17: gilts | F17: 434 | G17: 280 | K17: 0.2 | L17: 0.1 | M17: 0.2 | N17: 0.2 | O17: 0.2 | P17: 0.1 | Q17: TRUE | T17: TRUE | W17: TRUE | AA17: 0.25 | AB17: 0.25 | AC17: 0.25 | AD17: 0.25 | AE17: 0.25 | AG17: 0.25 | AH17: 0.25 | AI17: 0.25 | AJ17: 0.25 | AK17: 0.25 | AM17: 0.25 | AN17: 0.25 | AO17: 0.2 | AP17: 0.2 | AQ17: 0.2 | AR17: 0.2 | AS17: 0.2 | AT17: 0.25 | AU17: 0.25 | AV17: 0.25 | AX17: 0.25 | AY17: =IF(H17<>"", H17, _xlfn.XLOOKUP($E17,Constants!$A$3:$A$6, Constants!B$3:B$6)) -> 2.5 | AZ17: =IF(I17<>"", I17, _xlfn.XLOOKUP($E17,Constants!$A$3:$A$6, Constants!C$3:C$6)) -> 0.55 | BA17: =IF(J17<>"", J17, _xlfn.XLOOKUP($E17,Constants!$A$3:$A$6, Constants!D$3:D$6)) -> 0.046 | BB17: =IF(R17<>"", R17, IF(Q17, Constants!$B$19, 0)) -> 0.25 | BC17: =IF(U17<>"", U17, IF(T17, Constants!$B$19, 0)) -> 0.25 | BD17: =IF(X17<>"", X17, IF(W17, Constants!$B$19, 0)) -> 0.25 | BE17: =IF(S17<>"", S17, IF(Q17, Constants!$B$20, 0)) -> 0.25 | BF17: =IF(V17<>"", V17, IF(T17, Constants!$B$20, 0)) -> 0.25 | BG17: =IF(Y17<>"", Y17, IF(W17, Constants!$B$20, 0)) -> 0.25 | BH17: =K17*(1-BB17) -> 0.15 | BI17: =L17+(K17*BB17)+(N17*BC17)+(P17*BD17) -> 0.225 | BJ17: =M17 -> 0.2 | BK17: =N17*(1-BC17) -> 0.15 | BL17: =O17 -> 0.2 | BM17: =P17*(1-BD17) -> 0.075 | BN17: =Constants!$B$21 -> 0.45 | BO17: =Constants!$B$22 -> 0.6784 | BP17: =_xlfn.XLOOKUP($A17,Constants!$F$9:$M$9,Constants!$F$10:$M$10) -> 0.78 | BQ17: =_xlfn.XLOOKUP($A17,Constants!$F$9:$M$9,Constants!$F$11:$M$11) -> 0.02 | BR17: =_xlfn.XLOOKUP($A17,Constants!$F$9:$M$9,Constants!$F$12:$M$12) -> 0.03 | BS17: =_xlfn.XLOOKUP($A17,Constants!$F$9:$M$9,Constants!$F$13:$M$13) -> 0.1 | BT17: =_xlfn.XLOOKUP($A17,Constants!$F$9:$M$9,Constants!$F$14:$M$14) -> 0.04 | BU17: =_xlfn.XLOOKUP($A17,Constants!$F$9:$M$9,Constants!$F$15:$M$15) -> 0.03 | BV17: =_xlfn.XLOOKUP($A17,Constants!$F$9:$M$9,Constants!$F$16:$M$16) -> 0 | BW17: =$AZ17*BH17*BP17*$BN17*$BO17 -> 0.019644768 | BX17: =$AZ17*BI17*BQ17*$BN17*$BO17 -> 0.000755568 | BY17: =$AZ17*BJ17*BR17*$BN17*$BO17 -> 0.001007424 | BZ17: =$AZ17*BK17*BS17*$BN17*$BO17 -> 0.00251856 | CA17: =$AZ17*BL17*BT17*$BN17*$BO17 -> 0.001343232 | CB17: =$AZ17*BM17*BU17*$BN17*$BO17 -> 0.000377784 | CC17: =(SUM(BW17:CB17)*F17*G17)/1000 -> 3.1166643 | CD17: =Constants!$E$10 -> 0 | CE17: =Constants!$E$11 -> 0 | CF17: =Constants!$E$13 -> 0.75 | CG17: =Constants!$E$14 -> 0.05 | CH17: =Constants!$E$15 -> 0 | CI17: =(BH17*(1-CD17)) -> 0.15 | CJ17: =(BI17*(1-CE17)) -> 0.225 | CK17: =(BK17*(1-CF17)) -> 0.0375 | CL17: =(BL17*(1-CG17)) -> 0.19 | CM17: =(BM17*(1-CH17)) -> 0.075 | CN17: =SUM(CI17:CM17)*I17 -> 0 | CO17: =$CI17*Z17+$CJ17*AE17+$CK17*AJ17+$CL17*AO17+$CM17*AT17 -> 0.122375 | CP17: =$CI17*AA17+$CJ17*AF17+$CK17*AK17+$CL17*AP17+$CM17*AU17 -> 0.103625 | CQ17: =$CI17*AB17+$CJ17*AG17+$CK17*AL17+$CL17*AQ17+$CM17*AV17 -> 0.1505 | CR17: =$CI17*AC17+$CJ17*AH17+$CK17*AM17+$CL17*AR17+$CM17*AW17 -> 0.141125 | CS17: =$CI17*AD17+$CJ17*AI17+$CK17*AN17+$CL17*AS17+$CM17*AX17 -> 0.159875 | CT17: =CO17*$BN17*BP17*$BO17*$AZ17 -> 0.016026857 | CU17: =CP17*$BN17*BQ17*$BO17*$AZ17 -> 0.00034798104 | CV17: =CQ17*$BN17*BS17*$BO17*$AZ17 -> 0.0025269552 | CW17: =CR17*$BN17*BU17*$BO17*$AZ17 -> 0.00071086356 | CX17: =CS17*$BN17*BV17*$BO17*$AZ17 -> 0 | CY17: =(SUM(CT17:CX17)*F17*G17)/1000 -> 2.38333 | CZ17: =CC17+CY17 -> 5.4999943 | DB17: =F17*G17*BA17 -> 5589.92 | DC17: =K17*(1-BE17) -> 0.15 | DD17: =L17+(K17*BE17)+(N17*BF17)+(P17*BG17) -> 0.225 | DE17: =M17 -> 0.2 | DF17: =N17*(1-BF17) -> 0.15 | DG17: =O17 -> 0.2 | DH17: =P17*(1-BG17) -> 0.075 | DI17: =$DB17*DC17 -> 838.488 | DJ17: =$DB17*DD17 -> 1257.732 | DK17: =$DB17*DE17 -> 1117.984 | DL17: =$DB17*DF17 -> 838.488 | DM17: =$DB17*DG17 -> 1117.984 | DN17: =$DB17*DH17 -> 419.244 | DO17: =Constants!$C$10 -> 0.55 | DP17: =Constants!$C$11 -> 0.2 | DQ17: =Constants!$C$12 -> 0.3 | DR17: =Constants!$C$13 -> 0 | DS17: =Constants!$C$14 -> 0.125 | DT17: =Constants!$C$15 -> 0.25 | DU17: =Constants!$D$10 -> 0 | DV17: =Constants!$D$11 -> 0.005 | DW17: =Constants!$D$12 -> 0.02 | DX17: =Constants!$D$13 -> 0 | DY17: =Constants!$D$14 -> 0.01 | DZ17: =Constants!$D$15 -> 0.002 | EA17: =Constants!$B$23 -> 1.57 | EB17: =DI17*DU17*$EA17 -> 0 | EC17: =DJ17*DV17*$EA17 -> 9.8731962 | ED17: =DK17*DW17*$EA17 -> 35.104698 | EE17: =DL17*DX17*$EA17 -> 0 | EF17: =DM17*DY17*$EA17 -> 17.552349 | EG17: =DN17*DZ17*$EA17 -> 1.3164262 | EH17: =DI17*(1-DO17-DU17) -> 377.3196 | EI17: =DJ17*(1-DP17-DV17) -> 999.89694 | EJ17: =DL17*(1-DR17-DX17) -> 838.488 | EK17: =DM17*(1-DS17-DY17) -> 967.05616 | EL17: =DN17*(1-DT17-DZ17) -> 313.59451 | EM17: =$EH17*Z17+$EI17*AE17+$EJ17*AJ17+$EK17*AO17+$EL17*AT17 -> 731.4061 | EN17: =$EH17*AA17+$EI17*AF17+$EJ17*AK17+$EK17*AP17+$EL17*AU17 -> 575.76176 | EO17: =$EH17*AB17+$EI17*AG17+$EJ17*AL17+$EK17*AQ17+$EL17*AV17 -> 616.114 | EP17: =$EH17*AC17+$EI17*AH17+$EJ17*AM17+$EK17*AR17+$EL17*AW17 -> 747.33737 | EQ17: =$EH17*AD17+$EI17*AI17+$EJ17*AN17+$EK17*AS17+$EL17*AX17 -> 825.736 | ER17: =EM17*DU17*$EA17 -> 0 | ES17: =EN17*DV17*$EA17 -> 4.5197298 | ET17: =EO17*DX17*$EA17 -> 0 | EU17: =EP17*DZ17*$EA17 -> 2.3466393 | EV17: =EQ17*0*$EA17 -> 0 | EW17: =SUM(EB17:EG17,ER17:EV17)/1000 -> 0.070713038 | EY17: =DI17*DO17 -> 461.1684 | EZ17: =DJ17*DP17 -> 251.5464 | FA17: =DK17*DQ17 -> 335.3952 | FB17: =DL17*DR17 -> 0 | FC17: =DM17*DS17 -> 139.748 | FD17: =DN17*DT17 -> 104.811 | FE17: =EM17*DO17 -> 402.27335 | FF17: =EN17*DP17 -> 115.15235 | FG17: =EO17*DR17 -> 0 | FH17: =EP17*DT17 -> 186.83434 | FI17: =EQ17*0 -> 0 | FJ17: =SUM(EY17:FI17) -> 1996.929 | FK17: =_xlfn.XLOOKUP(C17, Constants!$D$19:$D$23, Constants!$E$19:$E$23) -> 0.0059 | FL17: =(EA17*FJ17*FK17)/1000 -> 0.018497554 | FN17: =Constants!$B$24 -> 0.011 | FO17: =IF(D17, 1, 0) -> 1 | FP17: =Constants!$B$25 -> 0.02 | FQ17: =DK17*FO17*FP17 -> 22.35968 | FR17: =FQ17*FN17*EA17 -> 0.38615167
A18: NT | C18: Irrigated pasture | D18: TRUE | E18: others | F18: 44 | G18: 290 | K18: 0.2 | L18: 0.1 | M18: 0.2 | N18: 0.2 | O18: 0.2 | P18: 0.1 | Q18: TRUE | T18: TRUE | W18: TRUE | AA18: 0.25 | AB18: 0.25 | AC18: 0.25 | AD18: 0.25 | AE18: 0.25 | AG18: 0.25 | AH18: 0.25 | AI18: 0.25 | AJ18: 0.25 | AK18: 0.25 | AM18: 0.25 | AN18: 0.25 | AO18: 0.2 | AP18: 0.2 | AQ18: 0.2 | AR18: 0.2 | AS18: 0.2 | AT18: 0.25 | AU18: 0.25 | AV18: 0.25 | AX18: 0.25 | AY18: =IF(H18<>"", H18, _xlfn.XLOOKUP($E18,Constants!$A$3:$A$6, Constants!B$3:B$6)) -> 1.71 | AZ18: =IF(I18<>"", I18, _xlfn.XLOOKUP($E18,Constants!$A$3:$A$6, Constants!C$3:C$6)) -> 0.39 | BA18: =IF(J18<>"", J18, _xlfn.XLOOKUP($E18,Constants!$A$3:$A$6, Constants!D$3:D$6)) -> 0.031 | BB18: =IF(R18<>"", R18, IF(Q18, Constants!$B$19, 0)) -> 0.25 | BC18: =IF(U18<>"", U18, IF(T18, Constants!$B$19, 0)) -> 0.25 | BD18: =IF(X18<>"", X18, IF(W18, Constants!$B$19, 0)) -> 0.25 | BE18: =IF(S18<>"", S18, IF(Q18, Constants!$B$20, 0)) -> 0.25 | BF18: =IF(V18<>"", V18, IF(T18, Constants!$B$20, 0)) -> 0.25 | BG18: =IF(Y18<>"", Y18, IF(W18, Constants!$B$20, 0)) -> 0.25 | BH18: =K18*(1-BB18) -> 0.15 | BI18: =L18+(K18*BB18)+(N18*BC18)+(P18*BD18) -> 0.225 | BJ18: =M18 -> 0.2 | BK18: =N18*(1-BC18) -> 0.15 | BL18: =O18 -> 0.2 | BM18: =P18*(1-BD18) -> 0.075 | BN18: =Constants!$B$21 -> 0.45 | BO18: =Constants!$B$22 -> 0.6784 | BP18: =_xlfn.XLOOKUP($A18,Constants!$F$9:$M$9,Constants!$F$10:$M$10) -> 0.78 | BQ18: =_xlfn.XLOOKUP($A18,Constants!$F$9:$M$9,Constants!$F$11:$M$11) -> 0.02 | BR18: =_xlfn.XLOOKUP($A18,Constants!$F$9:$M$9,Constants!$F$12:$M$12) -> 0.03 | BS18: =_xlfn.XLOOKUP($A18,Constants!$F$9:$M$9,Constants!$F$13:$M$13) -> 0.1 | BT18: =_xlfn.XLOOKUP($A18,Constants!$F$9:$M$9,Constants!$F$14:$M$14) -> 0.04 | BU18: =_xlfn.XLOOKUP($A18,Constants!$F$9:$M$9,Constants!$F$15:$M$15) -> 0.03 | BV18: =_xlfn.XLOOKUP($A18,Constants!$F$9:$M$9,Constants!$F$16:$M$16) -> 0 | BW18: =$AZ18*BH18*BP18*$BN18*$BO18 -> 0.013929926 | BX18: =$AZ18*BI18*BQ18*$BN18*$BO18 -> 0.0005357664 | BY18: =$AZ18*BJ18*BR18*$BN18*$BO18 -> 0.0007143552 | BZ18: =$AZ18*BK18*BS18*$BN18*$BO18 -> 0.001785888 | CA18: =$AZ18*BL18*BT18*$BN18*$BO18 -> 0.0009524736 | CB18: =$AZ18*BM18*BU18*$BN18*$BO18 -> 0.0002678832 | CC18: =(SUM(BW18:CB18)*F18*G18)/1000 -> 0.2320571 | CD18: =Constants!$E$10 -> 0 | CE18: =Constants!$E$11 -> 0 | CF18: =Constants!$E$13 -> 0.75 | CG18: =Constants!$E$14 -> 0.05 | CH18: =Constants!$E$15 -> 0 | CI18: =(BH18*(1-CD18)) -> 0.15 | CJ18: =(BI18*(1-CE18)) -> 0.225 | CK18: =(BK18*(1-CF18)) -> 0.0375 | CL18: =(BL18*(1-CG18)) -> 0.19 | CM18: =(BM18*(1-CH18)) -> 0.075 | CN18: =SUM(CI18:CM18)*I18 -> 0 | CO18: =$CI18*Z18+$CJ18*AE18+$CK18*AJ18+$CL18*AO18+$CM18*AT18 -> 0.122375 | CP18: =$CI18*AA18+$CJ18*AF18+$CK18*AK18+$CL18*AP18+$CM18*AU18 -> 0.103625 | CQ18: =$CI18*AB18+$CJ18*AG18+$CK18*AL18+$CL18*AQ18+$CM18*AV18 -> 0.1505 | CR18: =$CI18*AC18+$CJ18*AH18+$CK18*AM18+$CL18*AR18+$CM18*AW18 -> 0.141125 | CS18: =$CI18*AD18+$CJ18*AI18+$CK18*AN18+$CL18*AS18+$CM18*AX18 -> 0.159875 | CT18: =CO18*$BN18*BP18*$BO18*$AZ18 -> 0.011364498 | CU18: =CP18*$BN18*BQ18*$BO18*$AZ18 -> 0.00024675019 | CV18: =CQ18*$BN18*BS18*$BO18*$AZ18 -> 0.001791841 | CW18: =CR18*$BN18*BU18*$BO18*$AZ18 -> 0.00050406689 | CX18: =CS18*$BN18*BV18*$BO18*$AZ18 -> 0 | CY18: =(SUM(CT18:CX18)*F18*G18)/1000 -> 0.17745531 | CZ18: =CC18+CY18 -> 0.40951241 | DB18: =F18*G18*BA18 -> 395.56 | DC18: =K18*(1-BE18) -> 0.15 | DD18: =L18+(K18*BE18)+(N18*BF18)+(P18*BG18) -> 0.225 | DE18: =M18 -> 0.2 | DF18: =N18*(1-BF18) -> 0.15 | DG18: =O18 -> 0.2 | DH18: =P18*(1-BG18) -> 0.075 | DI18: =$DB18*DC18 -> 59.334 | DJ18: =$DB18*DD18 -> 89.001 | DK18: =$DB18*DE18 -> 79.112 | DL18: =$DB18*DF18 -> 59.334 | DM18: =$DB18*DG18 -> 79.112 | DN18: =$DB18*DH18 -> 29.667 | DO18: =Constants!$C$10 -> 0.55 | DP18: =Constants!$C$11 -> 0.2 | DQ18: =Constants!$C$12 -> 0.3 | DR18: =Constants!$C$13 -> 0 | DS18: =Constants!$C$14 -> 0.125 | DT18: =Constants!$C$15 -> 0.25 | DU18: =Constants!$D$10 -> 0 | DV18: =Constants!$D$11 -> 0.005 | DW18: =Constants!$D$12 -> 0.02 | DX18: =Constants!$D$13 -> 0 | DY18: =Constants!$D$14 -> 0.01 | DZ18: =Constants!$D$15 -> 0.002 | EA18: =Constants!$B$23 -> 1.57 | EB18: =DI18*DU18*$EA18 -> 0 | EC18: =DJ18*DV18*$EA18 -> 0.69865785 | ED18: =DK18*DW18*$EA18 -> 2.4841168 | EE18: =DL18*DX18*$EA18 -> 0 | EF18: =DM18*DY18*$EA18 -> 1.2420584 | EG18: =DN18*DZ18*$EA18 -> 0.09315438 | EH18: =DI18*(1-DO18-DU18) -> 26.7003 | EI18: =DJ18*(1-DP18-DV18) -> 70.755795 | EJ18: =DL18*(1-DR18-DX18) -> 59.334 | EK18: =DM18*(1-DS18-DY18) -> 68.43188 | EL18: =DN18*(1-DT18-DZ18) -> 22.190916 | EM18: =$EH18*Z18+$EI18*AE18+$EJ18*AJ18+$EK18*AO18+$EL18*AT18 -> 51.756554 | EN18: =$EH18*AA18+$EI18*AF18+$EJ18*AK18+$EK18*AP18+$EL18*AU18 -> 40.74268 | EO18: =$EH18*AB18+$EI18*AG18+$EJ18*AL18+$EK18*AQ18+$EL18*AV18 -> 43.598129 | EP18: =$EH18*AC18+$EI18*AH18+$EJ18*AM18+$EK18*AR18+$EL18*AW18 -> 52.8839 | EQ18: =$EH18*AD18+$EI18*AI18+$EJ18*AN18+$EK18*AS18+$EL18*AX18 -> 58.431629 | ER18: =EM18*DU18*$EA18 -> 0 | ES18: =EN18*DV18*$EA18 -> 0.31983004 | ET18: =EO18*DX18*$EA18 -> 0 | EU18: =EP18*DZ18*$EA18 -> 0.16605545 | EV18: =EQ18*0*$EA18 -> 0 | EW18: =SUM(EB18:EG18,ER18:EV18)/1000 -> 0.0050038729 | EY18: =DI18*DO18 -> 32.6337 | EZ18: =DJ18*DP18 -> 17.8002 | FA18: =DK18*DQ18 -> 23.7336 | FB18: =DL18*DR18 -> 0 | FC18: =DM18*DS18 -> 9.889 | FD18: =DN18*DT18 -> 7.41675 | FE18: =EM18*DO18 -> 28.466105 | FF18: =EN18*DP18 -> 8.148536 | FG18: =EO18*DR18 -> 0 | FH18: =EP18*DT18 -> 13.220975 | FI18: =EQ18*0 -> 0 | FJ18: =SUM(EY18:FI18) -> 141.30887 | FK18: =_xlfn.XLOOKUP(C18, Constants!$D$19:$D$23, Constants!$E$19:$E$23) -> 0.0059 | FL18: =(EA18*FJ18*FK18)/1000 -> 0.001308944 | FN18: =Constants!$B$24 -> 0.011 | FO18: =IF(D18, 1, 0) -> 1 | FP18: =Constants!$B$25 -> 0.02 | FQ18: =DK18*FO18*FP18 -> 1.58224 | FR18: =FQ18*FN18*EA18 -> 0.027325285
A19: QLD | C19: Non-irrigated pasture | D19: TRUE | E19: boars | F19: 1000 | G19: 100 | K19: 0.3 | N19: 0.3 | P19: 0.4 | Q19: FALSE | T19: FALSE | W19: FALSE | AB19: 1 | AJ19: 0.8 | AM19: 0.2 | AU19: 0.5 | AX19: 0.5 | AY19: =IF(H19<>"", H19, _xlfn.XLOOKUP($E19,Constants!$A$3:$A$6, Constants!B$3:B$6)) -> 2.3 | AZ19: =IF(I19<>"", I19, _xlfn.XLOOKUP($E19,Constants!$A$3:$A$6, Constants!C$3:C$6)) -> 0.4 | BA19: =IF(J19<>"", J19, _xlfn.XLOOKUP($E19,Constants!$A$3:$A$6, Constants!D$3:D$6)) -> 0.046 | BB19: =IF(R19<>"", R19, IF(Q19, Constants!$B$19, 0)) -> 0 | BC19: =IF(U19<>"", U19, IF(T19, Constants!$B$19, 0)) -> 0 | BD19: =IF(X19<>"", X19, IF(W19, Constants!$B$19, 0)) -> 0 | BE19: =IF(S19<>"", S19, IF(Q19, Constants!$B$20, 0)) -> 0 | BF19: =IF(V19<>"", V19, IF(T19, Constants!$B$20, 0)) -> 0 | BG19: =IF(Y19<>"", Y19, IF(W19, Constants!$B$20, 0)) -> 0 | BH19: =K19*(1-BB19) -> 0.3 | BI19: =L19+(K19*BB19)+(N19*BC19)+(P19*BD19) -> 0 | BJ19: =M19 -> 0 | BK19: =N19*(1-BC19) -> 0.3 | BL19: =O19 -> 0 | BM19: =P19*(1-BD19) -> 0.4 | BN19: =Constants!$B$21 -> 0.45 | BO19: =Constants!$B$22 -> 0.6784 | BP19: =_xlfn.XLOOKUP($A19,Constants!$F$9:$M$9,Constants!$F$10:$M$10) -> 0.78 | BQ19: =_xlfn.XLOOKUP($A19,Constants!$F$9:$M$9,Constants!$F$11:$M$11) -> 0.02 | BR19: =_xlfn.XLOOKUP($A19,Constants!$F$9:$M$9,Constants!$F$12:$M$12) -> 0.03 | BS19: =_xlfn.XLOOKUP($A19,Constants!$F$9:$M$9,Constants!$F$13:$M$13) -> 0.1 | BT19: =_xlfn.XLOOKUP($A19,Constants!$F$9:$M$9,Constants!$F$14:$M$14) -> 0.04 | BU19: =_xlfn.XLOOKUP($A19,Constants!$F$9:$M$9,Constants!$F$15:$M$15) -> 0.03 | BV19: =_xlfn.XLOOKUP($A19,Constants!$F$9:$M$9,Constants!$F$16:$M$16) -> 0 | BW19: =$AZ19*BH19*BP19*$BN19*$BO19 -> 0.028574208 | BX19: =$AZ19*BI19*BQ19*$BN19*$BO19 -> 0 | BY19: =$AZ19*BJ19*BR19*$BN19*$BO19 -> 0 | BZ19: =$AZ19*BK19*BS19*$BN19*$BO19 -> 0.00366336 | CA19: =$AZ19*BL19*BT19*$BN19*$BO19 -> 0 | CB19: =$AZ19*BM19*BU19*$BN19*$BO19 -> 0.001465344 | CC19: =(SUM(BW19:CB19)*F19*G19)/1000 -> 3.3702912 | CD19: =Constants!$E$10 -> 0 | CE19: =Constants!$E$11 -> 0 | CF19: =Constants!$E$13 -> 0.75 | CG19: =Constants!$E$14 -> 0.05 | CH19: =Constants!$E$15 -> 0 | CI19: =(BH19*(1-CD19)) -> 0.3 | CJ19: =(BI19*(1-CE19)) -> 0 | CK19: =(BK19*(1-CF19)) -> 0.075 | CL19: =(BL19*(1-CG19)) -> 0 | CM19: =(BM19*(1-CH19)) -> 0.4 | CN19: =SUM(CI19:CM19)*I19 -> 0 | CO19: =$CI19*Z19+$CJ19*AE19+$CK19*AJ19+$CL19*AO19+$CM19*AT19 -> 0.06 | CP19: =$CI19*AA19+$CJ19*AF19+$CK19*AK19+$CL19*AP19+$CM19*AU19 -> 0.2 | CQ19: =$CI19*AB19+$CJ19*AG19+$CK19*AL19+$CL19*AQ19+$CM19*AV19 -> 0.3 | CR19: =$CI19*AC19+$CJ19*AH19+$CK19*AM19+$CL19*AR19+$CM19*AW19 -> 0.015 | CS19: =$CI19*AD19+$CJ19*AI19+$CK19*AN19+$CL19*AS19+$CM19*AX19 -> 0.2 | CT19: =CO19*$BN19*BP19*$BO19*$AZ19 -> 0.0057148416 | CU19: =CP19*$BN19*BQ19*$BO19*$AZ19 -> 0.000488448 | CV19: =CQ19*$BN19*BS19*$BO19*$AZ19 -> 0.00366336 | CW19: =CR19*$BN19*BU19*$BO19*$AZ19 -> 5.49504e-05 | CX19: =CS19*$BN19*BV19*$BO19*$AZ19 -> 0 | CY19: =(SUM(CT19:CX19)*F19*G19)/1000 -> 0.99216 | CZ19: =CC19+CY19 -> 4.3624512 | DA19: =SUM(CZ19:CZ22) -> 6.2856477 | DB19: =F19*G19*BA19 -> 4600 | DC19: =K19*(1-BE19) -> 0.3 | DD19: =L19+(K19*BE19)+(N19*BF19)+(P19*BG19) -> 0 | DE19: =M19 -> 0 | DF19: =N19*(1-BF19) -> 0.3 | DG19: =O19 -> 0 | DH19: =P19*(1-BG19) -> 0.4 | DI19: =$DB19*DC19 -> 1380 | DJ19: =$DB19*DD19 -> 0 | DK19: =$DB19*DE19 -> 0 | DL19: =$DB19*DF19 -> 1380 | DM19: =$DB19*DG19 -> 0 | DN19: =$DB19*DH19 -> 1840 | DO19: =Constants!$C$10 -> 0.55 | DP19: =Constants!$C$11 -> 0.2 | DQ19: =Constants!$C$12 -> 0.3 | DR19: =Constants!$C$13 -> 0 | DS19: =Constants!$C$14 -> 0.125 | DT19: =Constants!$C$15 -> 0.25 | DU19: =Constants!$D$10 -> 0 | DV19: =Constants!$D$11 -> 0.005 | DW19: =Constants!$D$12 -> 0.02 | DX19: =Constants!$D$13 -> 0 | DY19: =Constants!$D$14 -> 0.01 | DZ19: =Constants!$D$15 -> 0.002 | EA19: =Constants!$B$23 -> 1.57 | EB19: =DI19*DU19*$EA19 -> 0 | EC19: =DJ19*DV19*$EA19 -> 0 | ED19: =DK19*DW19*$EA19 -> 0 | EE19: =DL19*DX19*$EA19 -> 0 | EF19: =DM19*DY19*$EA19 -> 0 | EG19: =DN19*DZ19*$EA19 -> 5.7776 | EH19: =DI19*(1-DO19-DU19) -> 621 | EI19: =DJ19*(1-DP19-DV19) -> 0 | EJ19: =DL19*(1-DR19-DX19) -> 1380 | EK19: =DM19*(1-DS19-DY19) -> 0 | EL19: =DN19*(1-DT19-DZ19) -> 1376.32 | EM19: =$EH19*Z19+$EI19*AE19+$EJ19*AJ19+$EK19*AO19+$EL19*AT19 -> 1104 | EN19: =$EH19*AA19+$EI19*AF19+$EJ19*AK19+$EK19*AP19+$EL19*AU19 -> 688.16 | EO19: =$EH19*AB19+$EI19*AG19+$EJ19*AL19+$EK19*AQ19+$EL19*AV19 -> 621 | EP19: =$EH19*AC19+$EI19*AH19+$EJ19*AM19+$EK19*AR19+$EL19*AW19 -> 276 | EQ19: =$EH19*AD19+$EI19*AI19+$EJ19*AN19+$EK19*AS19+$EL19*AX19 -> 688.16 | ER19: =EM19*DU19*$EA19 -> 0 | ES19: =EN19*DV19*$EA19 -> 5.402056 | ET19: =EO19*DX19*$EA19 -> 0 | EU19: =EP19*DZ19*$EA19 -> 0.86664 | EV19: =EQ19*0*$EA19 -> 0 | EW19: =SUM(EB19:EG19,ER19:EV19)/1000 -> 0.012046296 | EX19: =SUM(EW19:EW22) -> 0.13963039 | EY19: =DI19*DO19 -> 759 | EZ19: =DJ19*DP19 -> 0 | FA19: =DK19*DQ19 -> 0 | FB19: =DL19*DR19 -> 0 | FC19: =DM19*DS19 -> 0 | FD19: =DN19*DT19 -> 460 | FE19: =EM19*DO19 -> 607.2 | FF19: =EN19*DP19 -> 137.632 | FG19: =EO19*DR19 -> 0 | FH19: =EP19*DT19 -> 69 | FI19: =EQ19*0 -> 0 | FJ19: =SUM(EY19:FI19) -> 2032.832 | FK19: =_xlfn.XLOOKUP(C19, Constants!$D$19:$D$23, Constants!$E$19:$E$23) -> 0.0018 | FL19: =(EA19*FJ19*FK19)/1000 -> 0.0057447832 | FM19: =SUM(FL19:FL22) -> 0.011077773 | FN19: =Constants!$B$24 -> 0.011 | FO19: =IF(D19, 1, 0) -> 1 | FP19: =Constants!$B$25 -> 0.02 | FQ19: =DK19*FO19*FP19 -> 0 | FR19: =FQ19*FN19*EA19 -> 0 | FS19: =SUM(FR19:FR22)/1000 -> 0.0007985648
A20: QLD | C20: Non-irrigated pasture | D20: TRUE | E20: sows | F20: 233 | G20: 100 | K20: 0.3 | N20: 0.3 | P20: 0.4 | Q20: FALSE | T20: FALSE | W20: FALSE | AB20: 1 | AJ20: 0.8 | AM20: 0.2 | AU20: 0.5 | AX20: 0.5 | AY20: =IF(H20<>"", H20, _xlfn.XLOOKUP($E20,Constants!$A$3:$A$6, Constants!B$3:B$6)) -> 2.62 | AZ20: =IF(I20<>"", I20, _xlfn.XLOOKUP($E20,Constants!$A$3:$A$6, Constants!C$3:C$6)) -> 0.46 | BA20: =IF(J20<>"", J20, _xlfn.XLOOKUP($E20,Constants!$A$3:$A$6, Constants!D$3:D$6)) -> 0.049 | BB20: =IF(R20<>"", R20, IF(Q20, Constants!$B$19, 0)) -> 0 | BC20: =IF(U20<>"", U20, IF(T20, Constants!$B$19, 0)) -> 0 | BD20: =IF(X20<>"", X20, IF(W20, Constants!$B$19, 0)) -> 0 | BE20: =IF(S20<>"", S20, IF(Q20, Constants!$B$20, 0)) -> 0 | BF20: =IF(V20<>"", V20, IF(T20, Constants!$B$20, 0)) -> 0 | BG20: =IF(Y20<>"", Y20, IF(W20, Constants!$B$20, 0)) -> 0 | BH20: =K20*(1-BB20) -> 0.3 | BI20: =L20+(K20*BB20)+(N20*BC20)+(P20*BD20) -> 0 | BJ20: =M20 -> 0 | BK20: =N20*(1-BC20) -> 0.3 | BL20: =O20 -> 0 | BM20: =P20*(1-BD20) -> 0.4 | BN20: =Constants!$B$21 -> 0.45 | BO20: =Constants!$B$22 -> 0.6784 | BP20: =_xlfn.XLOOKUP($A20,Constants!$F$9:$M$9,Constants!$F$10:$M$10) -> 0.78 | BQ20: =_xlfn.XLOOKUP($A20,Constants!$F$9:$M$9,Constants!$F$11:$M$11) -> 0.02 | BR20: =_xlfn.XLOOKUP($A20,Constants!$F$9:$M$9,Constants!$F$12:$M$12) -> 0.03 | BS20: =_xlfn.XLOOKUP($A20,Constants!$F$9:$M$9,Constants!$F$13:$M$13) -> 0.1 | BT20: =_xlfn.XLOOKUP($A20,Constants!$F$9:$M$9,Constants!$F$14:$M$14) -> 0.04 | BU20: =_xlfn.XLOOKUP($A20,Constants!$F$9:$M$9,Constants!$F$15:$M$15) -> 0.03 | BV20: =_xlfn.XLOOKUP($A20,Constants!$F$9:$M$9,Constants!$F$16:$M$16) -> 0 | BW20: =$AZ20*BH20*BP20*$BN20*$BO20 -> 0.032860339 | BX20: =$AZ20*BI20*BQ20*$BN20*$BO20 -> 0 | BY20: =$AZ20*BJ20*BR20*$BN20*$BO20 -> 0 | BZ20: =$AZ20*BK20*BS20*$BN20*$BO20 -> 0.004212864 | CA20: =$AZ20*BL20*BT20*$BN20*$BO20 -> 0 | CB20: =$AZ20*BM20*BU20*$BN20*$BO20 -> 0.0016851456 | CC20: =(SUM(BW20:CB20)*F20*G20)/1000 -> 0.90306953 | CD20: =Constants!$E$10 -> 0 | CE20: =Constants!$E$11 -> 0 | CF20: =Constants!$E$13 -> 0.75 | CG20: =Constants!$E$14 -> 0.05 | CH20: =Constants!$E$15 -> 0 | CI20: =(BH20*(1-CD20)) -> 0.3 | CJ20: =(BI20*(1-CE20)) -> 0 | CK20: =(BK20*(1-CF20)) -> 0.075 | CL20: =(BL20*(1-CG20)) -> 0 | CM20: =(BM20*(1-CH20)) -> 0.4 | CN20: =SUM(CI20:CM20)*I20 -> 0 | CO20: =$CI20*Z20+$CJ20*AE20+$CK20*AJ20+$CL20*AO20+$CM20*AT20 -> 0.06 | CP20: =$CI20*AA20+$CJ20*AF20+$CK20*AK20+$CL20*AP20+$CM20*AU20 -> 0.2 | CQ20: =$CI20*AB20+$CJ20*AG20+$CK20*AL20+$CL20*AQ20+$CM20*AV20 -> 0.3 | CR20: =$CI20*AC20+$CJ20*AH20+$CK20*AM20+$CL20*AR20+$CM20*AW20 -> 0.015 | CS20: =$CI20*AD20+$CJ20*AI20+$CK20*AN20+$CL20*AS20+$CM20*AX20 -> 0.2 | CT20: =CO20*$BN20*BP20*$BO20*$AZ20 -> 0.0065720678 | CU20: =CP20*$BN20*BQ20*$BO20*$AZ20 -> 0.0005617152 | CV20: =CQ20*$BN20*BS20*$BO20*$AZ20 -> 0.004212864 | CW20: =CR20*$BN20*BU20*$BO20*$AZ20 -> 6.319296e-05 | CX20: =CS20*$BN20*BV20*$BO20*$AZ20 -> 0 | CY20: =(SUM(CT20:CX20)*F20*G20)/1000 -> 0.26584927 | CZ20: =CC20+CY20 -> 1.1689188 | DB20: =F20*G20*BA20 -> 1141.7 | DC20: =K20*(1-BE20) -> 0.3 | DD20: =L20+(K20*BE20)+(N20*BF20)+(P20*BG20) -> 0 | DE20: =M20 -> 0 | DF20: =N20*(1-BF20) -> 0.3 | DG20: =O20 -> 0 | DH20: =P20*(1-BG20) -> 0.4 | DI20: =$DB20*DC20 -> 342.51 | DJ20: =$DB20*DD20 -> 0 | DK20: =$DB20*DE20 -> 0 | DL20: =$DB20*DF20 -> 342.51 | DM20: =$DB20*DG20 -> 0 | DN20: =$DB20*DH20 -> 456.68 | DO20: =Constants!$C$10 -> 0.55 | DP20: =Constants!$C$11 -> 0.2 | DQ20: =Constants!$C$12 -> 0.3 | DR20: =Constants!$C$13 -> 0 | DS20: =Constants!$C$14 -> 0.125 | DT20: =Constants!$C$15 -> 0.25 | DU20: =Constants!$D$10 -> 0 | DV20: =Constants!$D$11 -> 0.005 | DW20: =Constants!$D$12 -> 0.02 | DX20: =Constants!$D$13 -> 0 | DY20: =Constants!$D$14 -> 0.01 | DZ20: =Constants!$D$15 -> 0.002 | EA20: =Constants!$B$23 -> 1.57 | EB20: =DI20*DU20*$EA20 -> 0 | EC20: =DJ20*DV20*$EA20 -> 0 | ED20: =DK20*DW20*$EA20 -> 0 | EE20: =DL20*DX20*$EA20 -> 0 | EF20: =DM20*DY20*$EA20 -> 0 | EG20: =DN20*DZ20*$EA20 -> 1.4339752 | EH20: =DI20*(1-DO20-DU20) -> 154.1295 | EI20: =DJ20*(1-DP20-DV20) -> 0 | EJ20: =DL20*(1-DR20-DX20) -> 342.51 | EK20: =DM20*(1-DS20-DY20) -> 0 | EL20: =DN20*(1-DT20-DZ20) -> 341.59664 | EM20: =$EH20*Z20+$EI20*AE20+$EJ20*AJ20+$EK20*AO20+$EL20*AT20 -> 274.008 | EN20: =$EH20*AA20+$EI20*AF20+$EJ20*AK20+$EK20*AP20+$EL20*AU20 -> 170.79832 | EO20: =$EH20*AB20+$EI20*AG20+$EJ20*AL20+$EK20*AQ20+$EL20*AV20 -> 154.1295 | EP20: =$EH20*AC20+$EI20*AH20+$EJ20*AM20+$EK20*AR20+$EL20*AW20 -> 68.502 | EQ20: =$EH20*AD20+$EI20*AI20+$EJ20*AN20+$EK20*AS20+$EL20*AX20 -> 170.79832 | ER20: =EM20*DU20*$EA20 -> 0 | ES20: =EN20*DV20*$EA20 -> 1.3407668 | ET20: =EO20*DX20*$EA20 -> 0 | EU20: =EP20*DZ20*$EA20 -> 0.21509628 | EV20: =EQ20*0*$EA20 -> 0 | EW20: =SUM(EB20:EG20,ER20:EV20)/1000 -> 0.0029898383 | EY20: =DI20*DO20 -> 188.3805 | EZ20: =DJ20*DP20 -> 0 | FA20: =DK20*DQ20 -> 0 | FB20: =DL20*DR20 -> 0 | FC20: =DM20*DS20 -> 0 | FD20: =DN20*DT20 -> 114.17 | FE20: =EM20*DO20 -> 150.7044 | FF20: =EN20*DP20 -> 34.159664 | FG20: =EO20*DR20 -> 0 | FH20: =EP20*DT20 -> 17.1255 | FI20: =EQ20*0 -> 0 | FJ20: =SUM(EY20:FI20) -> 504.54006 | FK20: =_xlfn.XLOOKUP(C20, Constants!$D$19:$D$23, Constants!$E$19:$E$23) -> 0.0018 | FL20: =(EA20*FJ20*FK20)/1000 -> 0.0014258302 | FN20: =Constants!$B$24 -> 0.011 | FO20: =IF(D20, 1, 0) -> 1 | FP20: =Constants!$B$25 -> 0.02 | FQ20: =DK20*FO20*FP20 -> 0 | FR20: =FQ20*FN20*EA20 -> 0
A21: QLD | C21: Non-irrigated pasture | D21: TRUE | E21: gilts | F21: 923 | G21: 100 | M21: 0.5 | O21: 0.5 | Q21: FALSE | T21: FALSE | W21: FALSE | AP21: 1 | AY21: =IF(H21<>"", H21, _xlfn.XLOOKUP($E21,Constants!$A$3:$A$6, Constants!B$3:B$6)) -> 2.5 | AZ21: =IF(I21<>"", I21, _xlfn.XLOOKUP($E21,Constants!$A$3:$A$6, Constants!C$3:C$6)) -> 0.55 | BA21: =IF(J21<>"", J21, _xlfn.XLOOKUP($E21,Constants!$A$3:$A$6, Constants!D$3:D$6)) -> 0.046 | BB21: =IF(R21<>"", R21, IF(Q21, Constants!$B$19, 0)) -> 0 | BC21: =IF(U21<>"", U21, IF(T21, Constants!$B$19, 0)) -> 0 | BD21: =IF(X21<>"", X21, IF(W21, Constants!$B$19, 0)) -> 0 | BE21: =IF(S21<>"", S21, IF(Q21, Constants!$B$20, 0)) -> 0 | BF21: =IF(V21<>"", V21, IF(T21, Constants!$B$20, 0)) -> 0 | BG21: =IF(Y21<>"", Y21, IF(W21, Constants!$B$20, 0)) -> 0 | BH21: =K21*(1-BB21) -> 0 | BI21: =L21+(K21*BB21)+(N21*BC21)+(P21*BD21) -> 0 | BJ21: =M21 -> 0.5 | BK21: =N21*(1-BC21) -> 0 | BL21: =O21 -> 0.5 | BM21: =P21*(1-BD21) -> 0 | BN21: =Constants!$B$21 -> 0.45 | BO21: =Constants!$B$22 -> 0.6784 | BP21: =_xlfn.XLOOKUP($A21,Constants!$F$9:$M$9,Constants!$F$10:$M$10) -> 0.78 | BQ21: =_xlfn.XLOOKUP($A21,Constants!$F$9:$M$9,Constants!$F$11:$M$11) -> 0.02 | BR21: =_xlfn.XLOOKUP($A21,Constants!$F$9:$M$9,Constants!$F$12:$M$12) -> 0.03 | BS21: =_xlfn.XLOOKUP($A21,Constants!$F$9:$M$9,Constants!$F$13:$M$13) -> 0.1 | BT21: =_xlfn.XLOOKUP($A21,Constants!$F$9:$M$9,Constants!$F$14:$M$14) -> 0.04 | BU21: =_xlfn.XLOOKUP($A21,Constants!$F$9:$M$9,Constants!$F$15:$M$15) -> 0.03 | BV21: =_xlfn.XLOOKUP($A21,Constants!$F$9:$M$9,Constants!$F$16:$M$16) -> 0 | BW21: =$AZ21*BH21*BP21*$BN21*$BO21 -> 0 | BX21: =$AZ21*BI21*BQ21*$BN21*$BO21 -> 0 | BY21: =$AZ21*BJ21*BR21*$BN21*$BO21 -> 0.00251856 | BZ21: =$AZ21*BK21*BS21*$BN21*$BO21 -> 0 | CA21: =$AZ21*BL21*BT21*$BN21*$BO21 -> 0.00335808 | CB21: =$AZ21*BM21*BU21*$BN21*$BO21 -> 0 | CC21: =(SUM(BW21:CB21)*F21*G21)/1000 -> 0.54241387 | CD21: =Constants!$E$10 -> 0 | CE21: =Constants!$E$11 -> 0 | CF21: =Constants!$E$13 -> 0.75 | CG21: =Constants!$E$14 -> 0.05 | CH21: =Constants!$E$15 -> 0 | CI21: =(BH21*(1-CD21)) -> 0 | CJ21: =(BI21*(1-CE21)) -> 0 | CK21: =(BK21*(1-CF21)) -> 0 | CL21: =(BL21*(1-CG21)) -> 0.475 | CM21: =(BM21*(1-CH21)) -> 0 | CN21: =SUM(CI21:CM21)*I21 -> 0 | CO21: =$CI21*Z21+$CJ21*AE21+$CK21*AJ21+$CL21*AO21+$CM21*AT21 -> 0 | CP21: =$CI21*AA21+$CJ21*AF21+$CK21*AK21+$CL21*AP21+$CM21*AU21 -> 0.475 | CQ21: =$CI21*AB21+$CJ21*AG21+$CK21*AL21+$CL21*AQ21+$CM21*AV21 -> 0 | CR21: =$CI21*AC21+$CJ21*AH21+$CK21*AM21+$CL21*AR21+$CM21*AW21 -> 0 | CS21: =$CI21*AD21+$CJ21*AI21+$CK21*AN21+$CL21*AS21+$CM21*AX21 -> 0 | CT21: =CO21*$BN21*BP21*$BO21*$AZ21 -> 0 | CU21: =CP21*$BN21*BQ21*$BO21*$AZ21 -> 0.001595088 | CV21: =CQ21*$BN21*BS21*$BO21*$AZ21 -> 0 | CW21: =CR21*$BN21*BU21*$BO21*$AZ21 -> 0 | CX21: =CS21*$BN21*BV21*$BO21*$AZ21 -> 0 | CY21: =(SUM(CT21:CX21)*F21*G21)/1000 -> 0.14722662 | CZ21: =CC21+CY21 -> 0.68964049 | DB21: =F21*G21*BA21 -> 4245.8 | DC21: =K21*(1-BE21) -> 0 | DD21: =L21+(K21*BE21)+(N21*BF21)+(P21*BG21) -> 0 | DE21: =M21 -> 0.5 | DF21: =N21*(1-BF21) -> 0 | DG21: =O21 -> 0.5 | DH21: =P21*(1-BG21) -> 0 | DI21: =$DB21*DC21 -> 0 | DJ21: =$DB21*DD21 -> 0 | DK21: =$DB21*DE21 -> 2122.9 | DL21: =$DB21*DF21 -> 0 | DM21: =$DB21*DG21 -> 2122.9 | DN21: =$DB21*DH21 -> 0 | DO21: =Constants!$C$10 -> 0.55 | DP21: =Constants!$C$11 -> 0.2 | DQ21: =Constants!$C$12 -> 0.3 | DR21: =Constants!$C$13 -> 0 | DS21: =Constants!$C$14 -> 0.125 | DT21: =Constants!$C$15 -> 0.25 | DU21: =Constants!$D$10 -> 0 | DV21: =Constants!$D$11 -> 0.005 | DW21: =Constants!$D$12 -> 0.02 | DX21: =Constants!$D$13 -> 0 | DY21: =Constants!$D$14 -> 0.01 | DZ21: =Constants!$D$15 -> 0.002 | EA21: =Constants!$B$23 -> 1.57 | EB21: =DI21*DU21*$EA21 -> 0 | EC21: =DJ21*DV21*$EA21 -> 0 | ED21: =DK21*DW21*$EA21 -> 66.65906 | EE21: =DL21*DX21*$EA21 -> 0 | EF21: =DM21*DY21*$EA21 -> 33.32953 | EG21: =DN21*DZ21*$EA21 -> 0 | EH21: =DI21*(1-DO21-DU21) -> 0 | EI21: =DJ21*(1-DP21-DV21) -> 0 | EJ21: =DL21*(1-DR21-DX21) -> 0 | EK21: =DM21*(1-DS21-DY21) -> 1836.3085 | EL21: =DN21*(1-DT21-DZ21) -> 0 | EM21: =$EH21*Z21+$EI21*AE21+$EJ21*AJ21+$EK21*AO21+$EL21*AT21 -> 0 | EN21: =$EH21*AA21+$EI21*AF21+$EJ21*AK21+$EK21*AP21+$EL21*AU21 -> 1836.3085 | EO21: =$EH21*AB21+$EI21*AG21+$EJ21*AL21+$EK21*AQ21+$EL21*AV21 -> 0 | EP21: =$EH21*AC21+$EI21*AH21+$EJ21*AM21+$EK21*AR21+$EL21*AW21 -> 0 | EQ21: =$EH21*AD21+$EI21*AI21+$EJ21*AN21+$EK21*AS21+$EL21*AX21 -> 0 | ER21: =EM21*DU21*$EA21 -> 0 | ES21: =EN21*DV21*$EA21 -> 14.415022 | ET21: =EO21*DX21*$EA21 -> 0 | EU21: =EP21*DZ21*$EA21 -> 0 | EV21: =EQ21*0*$EA21 -> 0 | EW21: =SUM(EB21:EG21,ER21:EV21)/1000 -> 0.11440361 | EY21: =DI21*DO21 -> 0 | EZ21: =DJ21*DP21 -> 0 | FA21: =DK21*DQ21 -> 636.87 | FB21: =DL21*DR21 -> 0 | FC21: =DM21*DS21 -> 265.3625 | FD21: =DN21*DT21 -> 0 | FE21: =EM21*DO21 -> 0 | FF21: =EN21*DP21 -> 367.2617 | FG21: =EO21*DR21 -> 0 | FH21: =EP21*DT21 -> 0 | FI21: =EQ21*0 -> 0 | FJ21: =SUM(EY21:FI21) -> 1269.4942 | FK21: =_xlfn.XLOOKUP(C21, Constants!$D$19:$D$23, Constants!$E$19:$E$23) -> 0.0018 | FL21: =(EA21*FJ21*FK21)/1000 -> 0.0035875906 | FN21: =Constants!$B$24 -> 0.011 | FO21: =IF(D21, 1, 0) -> 1 | FP21: =Constants!$B$25 -> 0.02 | FQ21: =DK21*FO21*FP21 -> 42.458 | FR21: =FQ21*FN21*EA21 -> 0.73324966
A22: QLD | C22: Non-irrigated pasture | D22: TRUE | E22: others | F22: 122 | G22: 100 | M22: 0.5 | O22: 0.5 | Q22: FALSE | T22: FALSE | W22: FALSE | AP22: 1 | AY22: =IF(H22<>"", H22, _xlfn.XLOOKUP($E22,Constants!$A$3:$A$6, Constants!B$3:B$6)) -> 1.71 | AZ22: =IF(I22<>"", I22, _xlfn.XLOOKUP($E22,Constants!$A$3:$A$6, Constants!C$3:C$6)) -> 0.39 | BA22: =IF(J22<>"", J22, _xlfn.XLOOKUP($E22,Constants!$A$3:$A$6, Constants!D$3:D$6)) -> 0.031 | BB22: =IF(R22<>"", R22, IF(Q22, Constants!$B$19, 0)) -> 0 | BC22: =IF(U22<>"", U22, IF(T22, Constants!$B$19, 0)) -> 0 | BD22: =IF(X22<>"", X22, IF(W22, Constants!$B$19, 0)) -> 0 | BE22: =IF(S22<>"", S22, IF(Q22, Constants!$B$20, 0)) -> 0 | BF22: =IF(V22<>"", V22, IF(T22, Constants!$B$20, 0)) -> 0 | BG22: =IF(Y22<>"", Y22, IF(W22, Constants!$B$20, 0)) -> 0 | BH22: =K22*(1-BB22) -> 0 | BI22: =L22+(K22*BB22)+(N22*BC22)+(P22*BD22) -> 0 | BJ22: =M22 -> 0.5 | BK22: =N22*(1-BC22) -> 0 | BL22: =O22 -> 0.5 | BM22: =P22*(1-BD22) -> 0 | BN22: =Constants!$B$21 -> 0.45 | BO22: =Constants!$B$22 -> 0.6784 | BP22: =_xlfn.XLOOKUP($A22,Constants!$F$9:$M$9,Constants!$F$10:$M$10) -> 0.78 | BQ22: =_xlfn.XLOOKUP($A22,Constants!$F$9:$M$9,Constants!$F$11:$M$11) -> 0.02 | BR22: =_xlfn.XLOOKUP($A22,Constants!$F$9:$M$9,Constants!$F$12:$M$12) -> 0.03 | BS22: =_xlfn.XLOOKUP($A22,Constants!$F$9:$M$9,Constants!$F$13:$M$13) -> 0.1 | BT22: =_xlfn.XLOOKUP($A22,Constants!$F$9:$M$9,Constants!$F$14:$M$14) -> 0.04 | BU22: =_xlfn.XLOOKUP($A22,Constants!$F$9:$M$9,Constants!$F$15:$M$15) -> 0.03 | BV22: =_xlfn.XLOOKUP($A22,Constants!$F$9:$M$9,Constants!$F$16:$M$16) -> 0 | BW22: =$AZ22*BH22*BP22*$BN22*$BO22 -> 0 | BX22: =$AZ22*BI22*BQ22*$BN22*$BO22 -> 0 | BY22: =$AZ22*BJ22*BR22*$BN22*$BO22 -> 0.001785888 | BZ22: =$AZ22*BK22*BS22*$BN22*$BO22 -> 0 | CA22: =$AZ22*BL22*BT22*$BN22*$BO22 -> 0.002381184 | CB22: =$AZ22*BM22*BU22*$BN22*$BO22 -> 0 | CC22: =(SUM(BW22:CB22)*F22*G22)/1000 -> 0.050838278 | CD22: =Constants!$E$10 -> 0 | CE22: =Constants!$E$11 -> 0 | CF22: =Constants!$E$13 -> 0.75 | CG22: =Constants!$E$14 -> 0.05 | CH22: =Constants!$E$15 -> 0 | CI22: =(BH22*(1-CD22)) -> 0 | CJ22: =(BI22*(1-CE22)) -> 0 | CK22: =(BK22*(1-CF22)) -> 0 | CL22: =(BL22*(1-CG22)) -> 0.475 | CM22: =(BM22*(1-CH22)) -> 0 | CN22: =SUM(CI22:CM22)*I22 -> 0 | CO22: =$CI22*Z22+$CJ22*AE22+$CK22*AJ22+$CL22*AO22+$CM22*AT22 -> 0 | CP22: =$CI22*AA22+$CJ22*AF22+$CK22*AK22+$CL22*AP22+$CM22*AU22 -> 0.475 | CQ22: =$CI22*AB22+$CJ22*AG22+$CK22*AL22+$CL22*AQ22+$CM22*AV22 -> 0 | CR22: =$CI22*AC22+$CJ22*AH22+$CK22*AM22+$CL22*AR22+$CM22*AW22 -> 0 | CS22: =$CI22*AD22+$CJ22*AI22+$CK22*AN22+$CL22*AS22+$CM22*AX22 -> 0 | CT22: =CO22*$BN22*BP22*$BO22*$AZ22 -> 0 | CU22: =CP22*$BN22*BQ22*$BO22*$AZ22 -> 0.0011310624 | CV22: =CQ22*$BN22*BS22*$BO22*$AZ22 -> 0 | CW22: =CR22*$BN22*BU22*$BO22*$AZ22 -> 0 | CX22: =CS22*$BN22*BV22*$BO22*$AZ22 -> 0 | CY22: =(SUM(CT22:CX22)*F22*G22)/1000 -> 0.013798961 | CZ22: =CC22+CY22 -> 0.06463724 | DB22: =F22*G22*BA22 -> 378.2 | DC22: =K22*(1-BE22) -> 0 | DD22: =L22+(K22*BE22)+(N22*BF22)+(P22*BG22) -> 0 | DE22: =M22 -> 0.5 | DF22: =N22*(1-BF22) -> 0 | DG22: =O22 -> 0.5 | DH22: =P22*(1-BG22) -> 0 | DI22: =$DB22*DC22 -> 0 | DJ22: =$DB22*DD22 -> 0 | DK22: =$DB22*DE22 -> 189.1 | DL22: =$DB22*DF22 -> 0 | DM22: =$DB22*DG22 -> 189.1 | DN22: =$DB22*DH22 -> 0 | DO22: =Constants!$C$10 -> 0.55 | DP22: =Constants!$C$11 -> 0.2 | DQ22: =Constants!$C$12 -> 0.3 | DR22: =Constants!$C$13 -> 0 | DS22: =Constants!$C$14 -> 0.125 | DT22: =Constants!$C$15 -> 0.25 | DU22: =Constants!$D$10 -> 0 | DV22: =Constants!$D$11 -> 0.005 | DW22: =Constants!$D$12 -> 0.02 | DX22: =Constants!$D$13 -> 0 | DY22: =Constants!$D$14 -> 0.01 | DZ22: =Constants!$D$15 -> 0.002 | EA22: =Constants!$B$23 -> 1.57 | EB22: =DI22*DU22*$EA22 -> 0 | EC22: =DJ22*DV22*$EA22 -> 0 | ED22: =DK22*DW22*$EA22 -> 5.93774 | EE22: =DL22*DX22*$EA22 -> 0 | EF22: =DM22*DY22*$EA22 -> 2.96887 | EG22: =DN22*DZ22*$EA22 -> 0 | EH22: =DI22*(1-DO22-DU22) -> 0 | EI22: =DJ22*(1-DP22-DV22) -> 0 | EJ22: =DL22*(1-DR22-DX22) -> 0 | EK22: =DM22*(1-DS22-DY22) -> 163.5715 | EL22: =DN22*(1-DT22-DZ22) -> 0 | EM22: =$EH22*Z22+$EI22*AE22+$EJ22*AJ22+$EK22*AO22+$EL22*AT22 -> 0 | EN22: =$EH22*AA22+$EI22*AF22+$EJ22*AK22+$EK22*AP22+$EL22*AU22 -> 163.5715 | EO22: =$EH22*AB22+$EI22*AG22+$EJ22*AL22+$EK22*AQ22+$EL22*AV22 -> 0 | EP22: =$EH22*AC22+$EI22*AH22+$EJ22*AM22+$EK22*AR22+$EL22*AW22 -> 0 | EQ22: =$EH22*AD22+$EI22*AI22+$EJ22*AN22+$EK22*AS22+$EL22*AX22 -> 0 | ER22: =EM22*DU22*$EA22 -> 0 | ES22: =EN22*DV22*$EA22 -> 1.2840363 | ET22: =EO22*DX22*$EA22 -> 0 | EU22: =EP22*DZ22*$EA22 -> 0 | EV22: =EQ22*0*$EA22 -> 0 | EW22: =SUM(EB22:EG22,ER22:EV22)/1000 -> 0.010190646 | EY22: =DI22*DO22 -> 0 | EZ22: =DJ22*DP22 -> 0 | FA22: =DK22*DQ22 -> 56.73 | FB22: =DL22*DR22 -> 0 | FC22: =DM22*DS22 -> 23.6375 | FD22: =DN22*DT22 -> 0 | FE22: =EM22*DO22 -> 0 | FF22: =EN22*DP22 -> 32.7143 | FG22: =EO22*DR22 -> 0 | FH22: =EP22*DT22 -> 0 | FI22: =EQ22*0 -> 0 | FJ22: =SUM(EY22:FI22) -> 113.0818 | FK22: =_xlfn.XLOOKUP(C22, Constants!$D$19:$D$23, Constants!$E$19:$E$23) -> 0.0018 | FL22: =(EA22*FJ22*FK22)/1000 -> 0.00031956917 | FN22: =Constants!$B$24 -> 0.011 | FO22: =IF(D22, 1, 0) -> 1 | FP22: =Constants!$B$25 -> 0.02 | FQ22: =DK22*FO22*FP22 -> 3.782 | FR22: =FQ22*FN22*EA22 -> 0.06531514
A23: WA | C23: Non-irrigated crop (low rainfall) | D23: FALSE | E23: boars | F23: 750 | G23: 200 | K23: 0.3 | N23: 0.3 | P23: 0.4 | Q23: FALSE | T23: FALSE | W23: FALSE | AA23: 0.1 | AB23: 0.2 | AC23: 0.3 | AD23: 0.4 | AE23: 0.1 | AG23: 0.2 | AH23: 0.3 | AI23: 0.4 | AJ23: 0.1 | AK23: 0.2 | AM23: 0.3 | AN23: 0.4 | AO23: 0.2 | AP23: 0.2 | AQ23: 0.2 | AR23: 0.2 | AS23: 0.2 | AT23: 0.2 | AU23: 0.2 | AV23: 0.2 | AX23: 0.2 | AY23: =IF(H23<>"", H23, _xlfn.XLOOKUP($E23,Constants!$A$3:$A$6, Constants!B$3:B$6)) -> 2.3 | AZ23: =IF(I23<>"", I23, _xlfn.XLOOKUP($E23,Constants!$A$3:$A$6, Constants!C$3:C$6)) -> 0.4 | BA23: =IF(J23<>"", J23, _xlfn.XLOOKUP($E23,Constants!$A$3:$A$6, Constants!D$3:D$6)) -> 0.046 | BB23: =IF(R23<>"", R23, IF(Q23, Constants!$B$19, 0)) -> 0 | BC23: =IF(U23<>"", U23, IF(T23, Constants!$B$19, 0)) -> 0 | BD23: =IF(X23<>"", X23, IF(W23, Constants!$B$19, 0)) -> 0 | BE23: =IF(S23<>"", S23, IF(Q23, Constants!$B$20, 0)) -> 0 | BF23: =IF(V23<>"", V23, IF(T23, Constants!$B$20, 0)) -> 0 | BG23: =IF(Y23<>"", Y23, IF(W23, Constants!$B$20, 0)) -> 0 | BH23: =K23*(1-BB23) -> 0.3 | BI23: =L23+(K23*BB23)+(N23*BC23)+(P23*BD23) -> 0 | BJ23: =M23 -> 0 | BK23: =N23*(1-BC23) -> 0.3 | BL23: =O23 -> 0 | BM23: =P23*(1-BD23) -> 0.4 | BN23: =Constants!$B$21 -> 0.45 | BO23: =Constants!$B$22 -> 0.6784 | BP23: =_xlfn.XLOOKUP($A23,Constants!$F$9:$M$9,Constants!$F$10:$M$10) -> 0.76 | BQ23: =_xlfn.XLOOKUP($A23,Constants!$F$9:$M$9,Constants!$F$11:$M$11) -> 0.02 | BR23: =_xlfn.XLOOKUP($A23,Constants!$F$9:$M$9,Constants!$F$12:$M$12) -> 0.01 | BS23: =_xlfn.XLOOKUP($A23,Constants!$F$9:$M$9,Constants!$F$13:$M$13) -> 0.1 | BT23: =_xlfn.XLOOKUP($A23,Constants!$F$9:$M$9,Constants!$F$14:$M$14) -> 0.04 | BU23: =_xlfn.XLOOKUP($A23,Constants!$F$9:$M$9,Constants!$F$15:$M$15) -> 0.03 | BV23: =_xlfn.XLOOKUP($A23,Constants!$F$9:$M$9,Constants!$F$16:$M$16) -> 0 | BW23: =$AZ23*BH23*BP23*$BN23*$BO23 -> 0.027841536 | BX23: =$AZ23*BI23*BQ23*$BN23*$BO23 -> 0 | BY23: =$AZ23*BJ23*BR23*$BN23*$BO23 -> 0 | BZ23: =$AZ23*BK23*BS23*$BN23*$BO23 -> 0.00366336 | CA23: =$AZ23*BL23*BT23*$BN23*$BO23 -> 0 | CB23: =$AZ23*BM23*BU23*$BN23*$BO23 -> 0.001465344 | CC23: =(SUM(BW23:CB23)*F23*G23)/1000 -> 4.945536 | CD23: =Constants!$E$10 -> 0 | CE23: =Constants!$E$11 -> 0 | CF23: =Constants!$E$13 -> 0.75 | CG23: =Constants!$E$14 -> 0.05 | CH23: =Constants!$E$15 -> 0 | CI23: =(BH23*(1-CD23)) -> 0.3 | CJ23: =(BI23*(1-CE23)) -> 0 | CK23: =(BK23*(1-CF23)) -> 0.075 | CL23: =(BL23*(1-CG23)) -> 0 | CM23: =(BM23*(1-CH23)) -> 0.4 | CN23: =SUM(CI23:CM23)*I23 -> 0 | CO23: =$CI23*Z23+$CJ23*AE23+$CK23*AJ23+$CL23*AO23+$CM23*AT23 -> 0.0875 | CP23: =$CI23*AA23+$CJ23*AF23+$CK23*AK23+$CL23*AP23+$CM23*AU23 -> 0.125 | CQ23: =$CI23*AB23+$CJ23*AG23+$CK23*AL23+$CL23*AQ23+$CM23*AV23 -> 0.14 | CR23: =$CI23*AC23+$CJ23*AH23+$CK23*AM23+$CL23*AR23+$CM23*AW23 -> 0.1125 | CS23: =$CI23*AD23+$CJ23*AI23+$CK23*AN23+$CL23*AS23+$CM23*AX23 -> 0.23 | CT23: =CO23*$BN23*BP23*$BO23*$AZ23 -> 0.008120448 | CU23: =CP23*$BN23*BQ23*$BO23*$AZ23 -> 0.00030528 | CV23: =CQ23*$BN23*BS23*$BO23*$AZ23 -> 0.001709568 | CW23: =CR23*$BN23*BU23*$BO23*$AZ23 -> 0.000412128 | CX23: =CS23*$BN23*BV23*$BO23*$AZ23 -> 0 | CY23: =(SUM(CT23:CX23)*F23*G23)/1000 -> 1.5821136 | CZ23: =CC23+CY23 -> 6.5276496 | DA23: =SUM(CZ23:CZ26) -> 13.867977 | DB23: =F23*G23*BA23 -> 6900 | DC23: =K23*(1-BE23) -> 0.3 | DD23: =L23+(K23*BE23)+(N23*BF23)+(P23*BG23) -> 0 | DE23: =M23 -> 0 | DF23: =N23*(1-BF23) -> 0.3 | DG23: =O23 -> 0 | DH23: =P23*(1-BG23) -> 0.4 | DI23: =$DB23*DC23 -> 2070 | DJ23: =$DB23*DD23 -> 0 | DK23: =$DB23*DE23 -> 0 | DL23: =$DB23*DF23 -> 2070 | DM23: =$DB23*DG23 -> 0 | DN23: =$DB23*DH23 -> 2760 | DO23: =Constants!$C$10 -> 0.55 | DP23: =Constants!$C$11 -> 0.2 | DQ23: =Constants!$C$12 -> 0.3 | DR23: =Constants!$C$13 -> 0 | DS23: =Constants!$C$14 -> 0.125 | DT23: =Constants!$C$15 -> 0.25 | DU23: =Constants!$D$10 -> 0 | DV23: =Constants!$D$11 -> 0.005 | DW23: =Constants!$D$12 -> 0.02 | DX23: =Constants!$D$13 -> 0 | DY23: =Constants!$D$14 -> 0.01 | DZ23: =Constants!$D$15 -> 0.002 | EA23: =Constants!$B$23 -> 1.57 | EB23: =DI23*DU23*$EA23 -> 0 | EC23: =DJ23*DV23*$EA23 -> 0 | ED23: =DK23*DW23*$EA23 -> 0 | EE23: =DL23*DX23*$EA23 -> 0 | EF23: =DM23*DY23*$EA23 -> 0 | EG23: =DN23*DZ23*$EA23 -> 8.6664 | EH23: =DI23*(1-DO23-DU23) -> 931.5 | EI23: =DJ23*(1-DP23-DV23) -> 0 | EJ23: =DL23*(1-DR23-DX23) -> 2070 | EK23: =DM23*(1-DS23-DY23) -> 0 | EL23: =DN23*(1-DT23-DZ23) -> 2064.48 | EM23: =$EH23*Z23+$EI23*AE23+$EJ23*AJ23+$EK23*AO23+$EL23*AT23 -> 619.896 | EN23: =$EH23*AA23+$EI23*AF23+$EJ23*AK23+$EK23*AP23+$EL23*AU23 -> 920.046 | EO23: =$EH23*AB23+$EI23*AG23+$EJ23*AL23+$EK23*AQ23+$EL23*AV23 -> 599.196 | EP23: =$EH23*AC23+$EI23*AH23+$EJ23*AM23+$EK23*AR23+$EL23*AW23 -> 900.45 | EQ23: =$EH23*AD23+$EI23*AI23+$EJ23*AN23+$EK23*AS23+$EL23*AX23 -> 1613.496 | ER23: =EM23*DU23*$EA23 -> 0 | ES23: =EN23*DV23*$EA23 -> 7.2223611 | ET23: =EO23*DX23*$EA23 -> 0 | EU23: =EP23*DZ23*$EA23 -> 2.827413 | EV23: =EQ23*0*$EA23 -> 0 | EW23: =SUM(EB23:EG23,ER23:EV23)/1000 -> 0.018716174 | EX23: =SUM(EW23:EW26) -> 0.39540399 | EY23: =DI23*DO23 -> 1138.5 | EZ23: =DJ23*DP23 -> 0 | FA23: =DK23*DQ23 -> 0 | FB23: =DL23*DR23 -> 0 | FC23: =DM23*DS23 -> 0 | FD23: =DN23*DT23 -> 690 | FE23: =EM23*DO23 -> 340.9428 | FF23: =EN23*DP23 -> 184.0092 | FG23: =EO23*DR23 -> 0 | FH23: =EP23*DT23 -> 225.1125 | FI23: =EQ23*0 -> 0 | FJ23: =SUM(EY23:FI23) -> 2578.5645 | FK23: =_xlfn.XLOOKUP(C23, Constants!$D$19:$D$23, Constants!$E$19:$E$23) -> 0.0029 | FL23: =(EA23*FJ23*FK23)/1000 -> 0.011740204 | FM23: =SUM(FL23:FL26) -> 0.034580701 | FN23: =Constants!$B$24 -> 0.011 | FO23: =IF(D23, 1, 0) -> 0 | FP23: =Constants!$B$25 -> 0.02 | FQ23: =DK23*FO23*FP23 -> 0 | FR23: =FQ23*FN23*EA23 -> 0 | FS23: =SUM(FR23:FR26)/1000 -> 0
A24: WA | C24: Non-irrigated crop (low rainfall) | D24: FALSE | E24: sows | F24: 600 | G24: 200 | M24: 0.5 | O24: 0.5 | Q24: FALSE | T24: FALSE | W24: FALSE | AA24: 0.1 | AB24: 0.2 | AC24: 0.3 | AD24: 0.4 | AE24: 0.1 | AG24: 0.2 | AH24: 0.3 | AI24: 0.4 | AJ24: 0.1 | AK24: 0.2 | AM24: 0.3 | AN24: 0.4 | AO24: 0.2 | AP24: 0.2 | AQ24: 0.2 | AR24: 0.2 | AS24: 0.2 | AT24: 0.2 | AU24: 0.2 | AV24: 0.2 | AX24: 0.2 | AY24: =IF(H24<>"", H24, _xlfn.XLOOKUP($E24,Constants!$A$3:$A$6, Constants!B$3:B$6)) -> 2.62 | AZ24: =IF(I24<>"", I24, _xlfn.XLOOKUP($E24,Constants!$A$3:$A$6, Constants!C$3:C$6)) -> 0.46 | BA24: =IF(J24<>"", J24, _xlfn.XLOOKUP($E24,Constants!$A$3:$A$6, Constants!D$3:D$6)) -> 0.049 | BB24: =IF(R24<>"", R24, IF(Q24, Constants!$B$19, 0)) -> 0 | BC24: =IF(U24<>"", U24, IF(T24, Constants!$B$19, 0)) -> 0 | BD24: =IF(X24<>"", X24, IF(W24, Constants!$B$19, 0)) -> 0 | BE24: =IF(S24<>"", S24, IF(Q24, Constants!$B$20, 0)) -> 0 | BF24: =IF(V24<>"", V24, IF(T24, Constants!$B$20, 0)) -> 0 | BG24: =IF(Y24<>"", Y24, IF(W24, Constants!$B$20, 0)) -> 0 | BH24: =K24*(1-BB24) -> 0 | BI24: =L24+(K24*BB24)+(N24*BC24)+(P24*BD24) -> 0 | BJ24: =M24 -> 0.5 | BK24: =N24*(1-BC24) -> 0 | BL24: =O24 -> 0.5 | BM24: =P24*(1-BD24) -> 0 | BN24: =Constants!$B$21 -> 0.45 | BO24: =Constants!$B$22 -> 0.6784 | BP24: =_xlfn.XLOOKUP($A24,Constants!$F$9:$M$9,Constants!$F$10:$M$10) -> 0.76 | BQ24: =_xlfn.XLOOKUP($A24,Constants!$F$9:$M$9,Constants!$F$11:$M$11) -> 0.02 | BR24: =_xlfn.XLOOKUP($A24,Constants!$F$9:$M$9,Constants!$F$12:$M$12) -> 0.01 | BS24: =_xlfn.XLOOKUP($A24,Constants!$F$9:$M$9,Constants!$F$13:$M$13) -> 0.1 | BT24: =_xlfn.XLOOKUP($A24,Constants!$F$9:$M$9,Constants!$F$14:$M$14) -> 0.04 | BU24: =_xlfn.XLOOKUP($A24,Constants!$F$9:$M$9,Constants!$F$15:$M$15) -> 0.03 | BV24: =_xlfn.XLOOKUP($A24,Constants!$F$9:$M$9,Constants!$F$16:$M$16) -> 0 | BW24: =$AZ24*BH24*BP24*$BN24*$BO24 -> 0 | BX24: =$AZ24*BI24*BQ24*$BN24*$BO24 -> 0 | BY24: =$AZ24*BJ24*BR24*$BN24*$BO24 -> 0.000702144 | BZ24: =$AZ24*BK24*BS24*$BN24*$BO24 -> 0 | CA24: =$AZ24*BL24*BT24*$BN24*$BO24 -> 0.002808576 | CB24: =$AZ24*BM24*BU24*$BN24*$BO24 -> 0 | CC24: =(SUM(BW24:CB24)*F24*G24)/1000 -> 0.4212864 | CD24: =Constants!$E$10 -> 0 | CE24: =Constants!$E$11 -> 0 | CF24: =Constants!$E$13 -> 0.75 | CG24: =Constants!$E$14 -> 0.05 | CH24: =Constants!$E$15 -> 0 | CI24: =(BH24*(1-CD24)) -> 0 | CJ24: =(BI24*(1-CE24)) -> 0 | CK24: =(BK24*(1-CF24)) -> 0 | CL24: =(BL24*(1-CG24)) -> 0.475 | CM24: =(BM24*(1-CH24)) -> 0 | CN24: =SUM(CI24:CM24)*I24 -> 0 | CO24: =$CI24*Z24+$CJ24*AE24+$CK24*AJ24+$CL24*AO24+$CM24*AT24 -> 0.095 | CP24: =$CI24*AA24+$CJ24*AF24+$CK24*AK24+$CL24*AP24+$CM24*AU24 -> 0.095 | CQ24: =$CI24*AB24+$CJ24*AG24+$CK24*AL24+$CL24*AQ24+$CM24*AV24 -> 0.095 | CR24: =$CI24*AC24+$CJ24*AH24+$CK24*AM24+$CL24*AR24+$CM24*AW24 -> 0.095 | CS24: =$CI24*AD24+$CJ24*AI24+$CK24*AN24+$CL24*AS24+$CM24*AX24 -> 0.095 | CT24: =CO24*$BN24*BP24*$BO24*$AZ24 -> 0.010138959 | CU24: =CP24*$BN24*BQ24*$BO24*$AZ24 -> 0.00026681472 | CV24: =CQ24*$BN24*BS24*$BO24*$AZ24 -> 0.0013340736 | CW24: =CR24*$BN24*BU24*$BO24*$AZ24 -> 0.00040022208 | CX24: =CS24*$BN24*BV24*$BO24*$AZ24 -> 0 | CY24: =(SUM(CT24:CX24)*F24*G24)/1000 -> 1.4568084 | CZ24: =CC24+CY24 -> 1.8780948 | DB24: =F24*G24*BA24 -> 5880 | DC24: =K24*(1-BE24) -> 0 | DD24: =L24+(K24*BE24)+(N24*BF24)+(P24*BG24) -> 0 | DE24: =M24 -> 0.5 | DF24: =N24*(1-BF24) -> 0 | DG24: =O24 -> 0.5 | DH24: =P24*(1-BG24) -> 0 | DI24: =$DB24*DC24 -> 0 | DJ24: =$DB24*DD24 -> 0 | DK24: =$DB24*DE24 -> 2940 | DL24: =$DB24*DF24 -> 0 | DM24: =$DB24*DG24 -> 2940 | DN24: =$DB24*DH24 -> 0 | DO24: =Constants!$C$10 -> 0.55 | DP24: =Constants!$C$11 -> 0.2 | DQ24: =Constants!$C$12 -> 0.3 | DR24: =Constants!$C$13 -> 0 | DS24: =Constants!$C$14 -> 0.125 | DT24: =Constants!$C$15 -> 0.25 | DU24: =Constants!$D$10 -> 0 | DV24: =Constants!$D$11 -> 0.005 | DW24: =Constants!$D$12 -> 0.02 | DX24: =Constants!$D$13 -> 0 | DY24: =Constants!$D$14 -> 0.01 | DZ24: =Constants!$D$15 -> 0.002 | EA24: =Constants!$B$23 -> 1.57 | EB24: =DI24*DU24*$EA24 -> 0 | EC24: =DJ24*DV24*$EA24 -> 0 | ED24: =DK24*DW24*$EA24 -> 92.316 | EE24: =DL24*DX24*$EA24 -> 0 | EF24: =DM24*DY24*$EA24 -> 46.158 | EG24: =DN24*DZ24*$EA24 -> 0 | EH24: =DI24*(1-DO24-DU24) -> 0 | EI24: =DJ24*(1-DP24-DV24) -> 0 | EJ24: =DL24*(1-DR24-DX24) -> 0 | EK24: =DM24*(1-DS24-DY24) -> 2543.1 | EL24: =DN24*(1-DT24-DZ24) -> 0 | EM24: =$EH24*Z24+$EI24*AE24+$EJ24*AJ24+$EK24*AO24+$EL24*AT24 -> 508.62 | EN24: =$EH24*AA24+$EI24*AF24+$EJ24*AK24+$EK24*AP24+$EL24*AU24 -> 508.62 | EO24: =$EH24*AB24+$EI24*AG24+$EJ24*AL24+$EK24*AQ24+$EL24*AV24 -> 508.62 | EP24: =$EH24*AC24+$EI24*AH24+$EJ24*AM24+$EK24*AR24+$EL24*AW24 -> 508.62 | EQ24: =$EH24*AD24+$EI24*AI24+$EJ24*AN24+$EK24*AS24+$EL24*AX24 -> 508.62 | ER24: =EM24*DU24*$EA24 -> 0 | ES24: =EN24*DV24*$EA24 -> 3.992667 | ET24: =EO24*DX24*$EA24 -> 0 | EU24: =EP24*DZ24*$EA24 -> 1.5970668 | EV24: =EQ24*0*$EA24 -> 0 | EW24: =SUM(EB24:EG24,ER24:EV24)/1000 -> 0.14406373 | EY24: =DI24*DO24 -> 0 | EZ24: =DJ24*DP24 -> 0 | FA24: =DK24*DQ24 -> 882 | FB24: =DL24*DR24 -> 0 | FC24: =DM24*DS24 -> 367.5 | FD24: =DN24*DT24 -> 0 | FE24: =EM24*DO24 -> 279.741 | FF24: =EN24*DP24 -> 101.724 | FG24: =EO24*DR24 -> 0 | FH24: =EP24*DT24 -> 127.155 | FI24: =EQ24*0 -> 0 | FJ24: =SUM(EY24:FI24) -> 1758.12 | FK24: =_xlfn.XLOOKUP(C24, Constants!$D$19:$D$23, Constants!$E$19:$E$23) -> 0.0029 | FL24: =(EA24*FJ24*FK24)/1000 -> 0.0080047204 | FN24: =Constants!$B$24 -> 0.011 | FO24: =IF(D24, 1, 0) -> 0 | FP24: =Constants!$B$25 -> 0.02 | FQ24: =DK24*FO24*FP24 -> 0 | FR24: =FQ24*FN24*EA24 -> 0
A25: WA | C25: Non-irrigated crop (low rainfall) | D25: FALSE | E25: gilts | F25: 100 | G25: 299 | K25: 0.3 | N25: 0.3 | P25: 0.4 | Q25: TRUE | T25: TRUE | W25: TRUE | AA25: 0.1 | AB25: 0.2 | AC25: 0.3 | AD25: 0.4 | AE25: 0.1 | AG25: 0.2 | AH25: 0.3 | AI25: 0.4 | AJ25: 0.1 | AK25: 0.2 | AM25: 0.3 | AN25: 0.4 | AO25: 0.2 | AP25: 0.2 | AQ25: 0.2 | AR25: 0.2 | AS25: 0.2 | AT25: 0.2 | AU25: 0.2 | AV25: 0.2 | AX25: 0.2 | AY25: =IF(H25<>"", H25, _xlfn.XLOOKUP($E25,Constants!$A$3:$A$6, Constants!B$3:B$6)) -> 2.5 | AZ25: =IF(I25<>"", I25, _xlfn.XLOOKUP($E25,Constants!$A$3:$A$6, Constants!C$3:C$6)) -> 0.55 | BA25: =IF(J25<>"", J25, _xlfn.XLOOKUP($E25,Constants!$A$3:$A$6, Constants!D$3:D$6)) -> 0.046 | BB25: =IF(R25<>"", R25, IF(Q25, Constants!$B$19, 0)) -> 0.25 | BC25: =IF(U25<>"", U25, IF(T25, Constants!$B$19, 0)) -> 0.25 | BD25: =IF(X25<>"", X25, IF(W25, Constants!$B$19, 0)) -> 0.25 | BE25: =IF(S25<>"", S25, IF(Q25, Constants!$B$20, 0)) -> 0.25 | BF25: =IF(V25<>"", V25, IF(T25, Constants!$B$20, 0)) -> 0.25 | BG25: =IF(Y25<>"", Y25, IF(W25, Constants!$B$20, 0)) -> 0.25 | BH25: =K25*(1-BB25) -> 0.225 | BI25: =L25+(K25*BB25)+(N25*BC25)+(P25*BD25) -> 0.25 | BJ25: =M25 -> 0 | BK25: =N25*(1-BC25) -> 0.225 | BL25: =O25 -> 0 | BM25: =P25*(1-BD25) -> 0.3 | BN25: =Constants!$B$21 -> 0.45 | BO25: =Constants!$B$22 -> 0.6784 | BP25: =_xlfn.XLOOKUP($A25,Constants!$F$9:$M$9,Constants!$F$10:$M$10) -> 0.76 | BQ25: =_xlfn.XLOOKUP($A25,Constants!$F$9:$M$9,Constants!$F$11:$M$11) -> 0.02 | BR25: =_xlfn.XLOOKUP($A25,Constants!$F$9:$M$9,Constants!$F$12:$M$12) -> 0.01 | BS25: =_xlfn.XLOOKUP($A25,Constants!$F$9:$M$9,Constants!$F$13:$M$13) -> 0.1 | BT25: =_xlfn.XLOOKUP($A25,Constants!$F$9:$M$9,Constants!$F$14:$M$14) -> 0.04 | BU25: =_xlfn.XLOOKUP($A25,Constants!$F$9:$M$9,Constants!$F$15:$M$15) -> 0.03 | BV25: =_xlfn.XLOOKUP($A25,Constants!$F$9:$M$9,Constants!$F$16:$M$16) -> 0 | BW25: =$AZ25*BH25*BP25*$BN25*$BO25 -> 0.028711584 | BX25: =$AZ25*BI25*BQ25*$BN25*$BO25 -> 0.00083952 | BY25: =$AZ25*BJ25*BR25*$BN25*$BO25 -> 0 | BZ25: =$AZ25*BK25*BS25*$BN25*$BO25 -> 0.00377784 | CA25: =$AZ25*BL25*BT25*$BN25*$BO25 -> 0 | CB25: =$AZ25*BM25*BU25*$BN25*$BO25 -> 0.001511136 | CC25: =(SUM(BW25:CB25)*F25*G25)/1000 -> 1.0417184 | CD25: =Constants!$E$10 -> 0 | CE25: =Constants!$E$11 -> 0 | CF25: =Constants!$E$13 -> 0.75 | CG25: =Constants!$E$14 -> 0.05 | CH25: =Constants!$E$15 -> 0 | CI25: =(BH25*(1-CD25)) -> 0.225 | CJ25: =(BI25*(1-CE25)) -> 0.25 | CK25: =(BK25*(1-CF25)) -> 0.05625 | CL25: =(BL25*(1-CG25)) -> 0 | CM25: =(BM25*(1-CH25)) -> 0.3 | CN25: =SUM(CI25:CM25)*I25 -> 0 | CO25: =$CI25*Z25+$CJ25*AE25+$CK25*AJ25+$CL25*AO25+$CM25*AT25 -> 0.090625 | CP25: =$CI25*AA25+$CJ25*AF25+$CK25*AK25+$CL25*AP25+$CM25*AU25 -> 0.09375 | CQ25: =$CI25*AB25+$CJ25*AG25+$CK25*AL25+$CL25*AQ25+$CM25*AV25 -> 0.155 | CR25: =$CI25*AC25+$CJ25*AH25+$CK25*AM25+$CL25*AR25+$CM25*AW25 -> 0.159375 | CS25: =$CI25*AD25+$CJ25*AI25+$CK25*AN25+$CL25*AS25+$CM25*AX25 -> 0.2725 | CT25: =CO25*$BN25*BP25*$BO25*$AZ25 -> 0.011564388 | CU25: =CP25*$BN25*BQ25*$BO25*$AZ25 -> 0.00031482 | CV25: =CQ25*$BN25*BS25*$BO25*$AZ25 -> 0.002602512 | CW25: =CR25*$BN25*BU25*$BO25*$AZ25 -> 0.000802791 | CX25: =CS25*$BN25*BV25*$BO25*$AZ25 -> 0 | CY25: =(SUM(CT25:CX25)*F25*G25)/1000 -> 0.45700688 | CZ25: =CC25+CY25 -> 1.4987253 | DB25: =F25*G25*BA25 -> 1375.4 | DC25: =K25*(1-BE25) -> 0.225 | DD25: =L25+(K25*BE25)+(N25*BF25)+(P25*BG25) -> 0.25 | DE25: =M25 -> 0 | DF25: =N25*(1-BF25) -> 0.225 | DG25: =O25 -> 0 | DH25: =P25*(1-BG25) -> 0.3 | DI25: =$DB25*DC25 -> 309.465 | DJ25: =$DB25*DD25 -> 343.85 | DK25: =$DB25*DE25 -> 0 | DL25: =$DB25*DF25 -> 309.465 | DM25: =$DB25*DG25 -> 0 | DN25: =$DB25*DH25 -> 412.62 | DO25: =Constants!$C$10 -> 0.55 | DP25: =Constants!$C$11 -> 0.2 | DQ25: =Constants!$C$12 -> 0.3 | DR25: =Constants!$C$13 -> 0 | DS25: =Constants!$C$14 -> 0.125 | DT25: =Constants!$C$15 -> 0.25 | DU25: =Constants!$D$10 -> 0 | DV25: =Constants!$D$11 -> 0.005 | DW25: =Constants!$D$12 -> 0.02 | DX25: =Constants!$D$13 -> 0 | DY25: =Constants!$D$14 -> 0.01 | DZ25: =Constants!$D$15 -> 0.002 | EA25: =Constants!$B$23 -> 1.57 | EB25: =DI25*DU25*$EA25 -> 0 | EC25: =DJ25*DV25*$EA25 -> 2.6992225 | ED25: =DK25*DW25*$EA25 -> 0 | EE25: =DL25*DX25*$EA25 -> 0 | EF25: =DM25*DY25*$EA25 -> 0 | EG25: =DN25*DZ25*$EA25 -> 1.2956268 | EH25: =DI25*(1-DO25-DU25) -> 139.25925 | EI25: =DJ25*(1-DP25-DV25) -> 273.36075 | EJ25: =DL25*(1-DR25-DX25) -> 309.465 | EK25: =DM25*(1-DS25-DY25) -> 0 | EL25: =DN25*(1-DT25-DZ25) -> 308.63976 | EM25: =$EH25*Z25+$EI25*AE25+$EJ25*AJ25+$EK25*AO25+$EL25*AT25 -> 120.01053 | EN25: =$EH25*AA25+$EI25*AF25+$EJ25*AK25+$EK25*AP25+$EL25*AU25 -> 137.54688 | EO25: =$EH25*AB25+$EI25*AG25+$EJ25*AL25+$EK25*AQ25+$EL25*AV25 -> 144.25195 | EP25: =$EH25*AC25+$EI25*AH25+$EJ25*AM25+$EK25*AR25+$EL25*AW25 -> 216.6255 | EQ25: =$EH25*AD25+$EI25*AI25+$EJ25*AN25+$EK25*AS25+$EL25*AX25 -> 350.56195 | ER25: =EM25*DU25*$EA25 -> 0 | ES25: =EN25*DV25*$EA25 -> 1.079743 | ET25: =EO25*DX25*$EA25 -> 0 | EU25: =EP25*DZ25*$EA25 -> 0.68020407 | EV25: =EQ25*0*$EA25 -> 0 | EW25: =SUM(EB25:EG25,ER25:EV25)/1000 -> 0.0057547964 | EY25: =DI25*DO25 -> 170.20575 | EZ25: =DJ25*DP25 -> 68.77 | FA25: =DK25*DQ25 -> 0 | FB25: =DL25*DR25 -> 0 | FC25: =DM25*DS25 -> 0 | FD25: =DN25*DT25 -> 103.155 | FE25: =EM25*DO25 -> 66.00579 | FF25: =EN25*DP25 -> 27.509375 | FG25: =EO25*DR25 -> 0 | FH25: =EP25*DT25 -> 54.156375 | FI25: =EQ25*0 -> 0 | FJ25: =SUM(EY25:FI25) -> 489.80229 | FK25: =_xlfn.XLOOKUP(C25, Constants!$D$19:$D$23, Constants!$E$19:$E$23) -> 0.0029 | FL25: =(EA25*FJ25*FK25)/1000 -> 0.0022300698 | FN25: =Constants!$B$24 -> 0.011 | FO25: =IF(D25, 1, 0) -> 0 | FP25: =Constants!$B$25 -> 0.02 | FQ25: =DK25*FO25*FP25 -> 0 | FR25: =FQ25*FN25*EA25 -> 0
A26: WA | C26: Non-irrigated crop (low rainfall) | D26: FALSE | E26: others | F26: 999 | G26: 299 | M26: 0.5 | O26: 0.5 | Q26: TRUE | T26: TRUE | W26: TRUE | AA26: 0.1 | AB26: 0.2 | AC26: 0.3 | AD26: 0.4 | AE26: 0.1 | AG26: 0.2 | AH26: 0.3 | AI26: 0.4 | AJ26: 0.1 | AK26: 0.2 | AM26: 0.3 | AN26: 0.4 | AO26: 0.2 | AP26: 0.2 | AQ26: 0.2 | AR26: 0.2 | AS26: 0.2 | AT26: 0.2 | AU26: 0.2 | AV26: 0.2 | AX26: 0.2 | AY26: =IF(H26<>"", H26, _xlfn.XLOOKUP($E26,Constants!$A$3:$A$6, Constants!B$3:B$6)) -> 1.71 | AZ26: =IF(I26<>"", I26, _xlfn.XLOOKUP($E26,Constants!$A$3:$A$6, Constants!C$3:C$6)) -> 0.39 | BA26: =IF(J26<>"", J26, _xlfn.XLOOKUP($E26,Constants!$A$3:$A$6, Constants!D$3:D$6)) -> 0.031 | BB26: =IF(R26<>"", R26, IF(Q26, Constants!$B$19, 0)) -> 0.25 | BC26: =IF(U26<>"", U26, IF(T26, Constants!$B$19, 0)) -> 0.25 | BD26: =IF(X26<>"", X26, IF(W26, Constants!$B$19, 0)) -> 0.25 | BE26: =IF(S26<>"", S26, IF(Q26, Constants!$B$20, 0)) -> 0.25 | BF26: =IF(V26<>"", V26, IF(T26, Constants!$B$20, 0)) -> 0.25 | BG26: =IF(Y26<>"", Y26, IF(W26, Constants!$B$20, 0)) -> 0.25 | BH26: =K26*(1-BB26) -> 0 | BI26: =L26+(K26*BB26)+(N26*BC26)+(P26*BD26) -> 0 | BJ26: =M26 -> 0.5 | BK26: =N26*(1-BC26) -> 0 | BL26: =O26 -> 0.5 | BM26: =P26*(1-BD26) -> 0 | BN26: =Constants!$B$21 -> 0.45 | BO26: =Constants!$B$22 -> 0.6784 | BP26: =_xlfn.XLOOKUP($A26,Constants!$F$9:$M$9,Constants!$F$10:$M$10) -> 0.76 | BQ26: =_xlfn.XLOOKUP($A26,Constants!$F$9:$M$9,Constants!$F$11:$M$11) -> 0.02 | BR26: =_xlfn.XLOOKUP($A26,Constants!$F$9:$M$9,Constants!$F$12:$M$12) -> 0.01 | BS26: =_xlfn.XLOOKUP($A26,Constants!$F$9:$M$9,Constants!$F$13:$M$13) -> 0.1 | BT26: =_xlfn.XLOOKUP($A26,Constants!$F$9:$M$9,Constants!$F$14:$M$14) -> 0.04 | BU26: =_xlfn.XLOOKUP($A26,Constants!$F$9:$M$9,Constants!$F$15:$M$15) -> 0.03 | BV26: =_xlfn.XLOOKUP($A26,Constants!$F$9:$M$9,Constants!$F$16:$M$16) -> 0 | BW26: =$AZ26*BH26*BP26*$BN26*$BO26 -> 0 | BX26: =$AZ26*BI26*BQ26*$BN26*$BO26 -> 0 | BY26: =$AZ26*BJ26*BR26*$BN26*$BO26 -> 0.000595296 | BZ26: =$AZ26*BK26*BS26*$BN26*$BO26 -> 0 | CA26: =$AZ26*BL26*BT26*$BN26*$BO26 -> 0.002381184 | CB26: =$AZ26*BM26*BU26*$BN26*$BO26 -> 0 | CC26: =(SUM(BW26:CB26)*F26*G26)/1000 -> 0.88907755 | CD26: =Constants!$E$10 -> 0 | CE26: =Constants!$E$11 -> 0 | CF26: =Constants!$E$13 -> 0.75 | CG26: =Constants!$E$14 -> 0.05 | CH26: =Constants!$E$15 -> 0 | CI26: =(BH26*(1-CD26)) -> 0 | CJ26: =(BI26*(1-CE26)) -> 0 | CK26: =(BK26*(1-CF26)) -> 0 | CL26: =(BL26*(1-CG26)) -> 0.475 | CM26: =(BM26*(1-CH26)) -> 0 | CN26: =SUM(CI26:CM26)*I26 -> 0 | CO26: =$CI26*Z26+$CJ26*AE26+$CK26*AJ26+$CL26*AO26+$CM26*AT26 -> 0.095 | CP26: =$CI26*AA26+$CJ26*AF26+$CK26*AK26+$CL26*AP26+$CM26*AU26 -> 0.095 | CQ26: =$CI26*AB26+$CJ26*AG26+$CK26*AL26+$CL26*AQ26+$CM26*AV26 -> 0.095 | CR26: =$CI26*AC26+$CJ26*AH26+$CK26*AM26+$CL26*AR26+$CM26*AW26 -> 0.095 | CS26: =$CI26*AD26+$CJ26*AI26+$CK26*AN26+$CL26*AS26+$CM26*AX26 -> 0.095 | CT26: =CO26*$BN26*BP26*$BO26*$AZ26 -> 0.0085960742 | CU26: =CP26*$BN26*BQ26*$BO26*$AZ26 -> 0.00022621248 | CV26: =CQ26*$BN26*BS26*$BO26*$AZ26 -> 0.0011310624 | CW26: =CR26*$BN26*BU26*$BO26*$AZ26 -> 0.00033931872 | CX26: =CS26*$BN26*BV26*$BO26*$AZ26 -> 0 | CY26: =(SUM(CT26:CX26)*F26*G26)/1000 -> 3.0744302 | CZ26: =CC26+CY26 -> 3.9635077 | DB26: =F26*G26*BA26 -> 9259.731 | DC26: =K26*(1-BE26) -> 0 | DD26: =L26+(K26*BE26)+(N26*BF26)+(P26*BG26) -> 0 | DE26: =M26 -> 0.5 | DF26: =N26*(1-BF26) -> 0 | DG26: =O26 -> 0.5 | DH26: =P26*(1-BG26) -> 0 | DI26: =$DB26*DC26 -> 0 | DJ26: =$DB26*DD26 -> 0 | DK26: =$DB26*DE26 -> 4629.8655 | DL26: =$DB26*DF26 -> 0 | DM26: =$DB26*DG26 -> 4629.8655 | DN26: =$DB26*DH26 -> 0 | DO26: =Constants!$C$10 -> 0.55 | DP26: =Constants!$C$11 -> 0.2 | DQ26: =Constants!$C$12 -> 0.3 | DR26: =Constants!$C$13 -> 0 | DS26: =Constants!$C$14 -> 0.125 | DT26: =Constants!$C$15 -> 0.25 | DU26: =Constants!$D$10 -> 0 | DV26: =Constants!$D$11 -> 0.005 | DW26: =Constants!$D$12 -> 0.02 | DX26: =Constants!$D$13 -> 0 | DY26: =Constants!$D$14 -> 0.01 | DZ26: =Constants!$D$15 -> 0.002 | EA26: =Constants!$B$23 -> 1.57 | EB26: =DI26*DU26*$EA26 -> 0 | EC26: =DJ26*DV26*$EA26 -> 0 | ED26: =DK26*DW26*$EA26 -> 145.37778 | EE26: =DL26*DX26*$EA26 -> 0 | EF26: =DM26*DY26*$EA26 -> 72.688888 | EG26: =DN26*DZ26*$EA26 -> 0 | EH26: =DI26*(1-DO26-DU26) -> 0 | EI26: =DJ26*(1-DP26-DV26) -> 0 | EJ26: =DL26*(1-DR26-DX26) -> 0 | EK26: =DM26*(1-DS26-DY26) -> 4004.8337 | EL26: =DN26*(1-DT26-DZ26) -> 0 | EM26: =$EH26*Z26+$EI26*AE26+$EJ26*AJ26+$EK26*AO26+$EL26*AT26 -> 800.96673 | EN26: =$EH26*AA26+$EI26*AF26+$EJ26*AK26+$EK26*AP26+$EL26*AU26 -> 800.96673 | EO26: =$EH26*AB26+$EI26*AG26+$EJ26*AL26+$EK26*AQ26+$EL26*AV26 -> 800.96673 | EP26: =$EH26*AC26+$EI26*AH26+$EJ26*AM26+$EK26*AR26+$EL26*AW26 -> 800.96673 | EQ26: =$EH26*AD26+$EI26*AI26+$EJ26*AN26+$EK26*AS26+$EL26*AX26 -> 800.96673 | ER26: =EM26*DU26*$EA26 -> 0 | ES26: =EN26*DV26*$EA26 -> 6.2875888 | ET26: =EO26*DX26*$EA26 -> 0 | EU26: =EP26*DZ26*$EA26 -> 2.5150355 | EV26: =EQ26*0*$EA26 -> 0 | EW26: =SUM(EB26:EG26,ER26:EV26)/1000 -> 0.22686929 | EY26: =DI26*DO26 -> 0 | EZ26: =DJ26*DP26 -> 0 | FA26: =DK26*DQ26 -> 1388.9597 | FB26: =DL26*DR26 -> 0 | FC26: =DM26*DS26 -> 578.73319 | FD26: =DN26*DT26 -> 0 | FE26: =EM26*DO26 -> 440.5317 | FF26: =EN26*DP26 -> 160.19335 | FG26: =EO26*DR26 -> 0 | FH26: =EP26*DT26 -> 200.24168 | FI26: =EQ26*0 -> 0 | FJ26: =SUM(EY26:FI26) -> 2768.6596 | FK26: =_xlfn.XLOOKUP(C26, Constants!$D$19:$D$23, Constants!$E$19:$E$23) -> 0.0029 | FL26: =(EA26*FJ26*FK26)/1000 -> 0.012605707 | FN26: =Constants!$B$24 -> 0.011 | FO26: =IF(D26, 1, 0) -> 0 | FP26: =Constants!$B$25 -> 0.02 | FQ26: =DK26*FO26*FP26 -> 0 | FR26: =FQ26*FN26*EA26 -> 0
A29: Method 2
A31: input | B31: input | C31: input | D31: input | E31: input | F31: input | G31: input | I31: input | J31: input | K31: input | L31: input | M31: input | N31: input | O31: input | P31: input | Q31: input | R31: input | S31: input | T31: input | U31: input | V31: input | W31: input | X31: input | Y31: input | BH31: expression | BI31: expression | BJ31: expression | BK31: expression | BL31: expression | BM31: expression | BN31: constant | BO31: constant | BP31: constant | BQ31: constant | BR31: constant | BS31: constant | BT31: constant | BU31: constant | BV31: constant | BW31: expression | BX31: expression | BY31: expression | BZ31: expression | CA31: expression | CB31: expression | CC31: expression | CD31: constant | CE31: constant | CF31: constant | CG31: constant | CH31: constant | CI31: expression | CJ31: expression | CK31: expression | CL31: expression | CM31: expression | CN31: expression | CO31: expression | CP31: expression | CS31: expression | CT31: expression | CU31: expression | CX31: expression | CY31: expression | CZ31: expression | DA31: expression | DB31: expression | DC31: expression | DD31: expression | DE31: expression | DF31: expression | DG31: expression | DH31: expression | DI31: expression | DJ31: expression | DK31: expression | DL31: expression | DM31: expression | DN31: expression | DO31: constant | DP31: constant | DQ31: constant | DR31: constant | DS31: constant | DT31: constant | DU31: constant | DV31: constant | DW31: constant | DX31: constant | DY31: constant | DZ31: constant | EA31: constant | EB31: expression | EC31: expression | ED31: expression | EE31: expression | EF31: expression | EG31: expression
DC33: 𝐹𝑁𝑗𝑚 𝑇=1 = 𝑀𝑀𝑆𝑗𝑚 𝑇=1 × (1 − 𝑆𝑁𝑚) | DD33: 𝐹𝑁 𝑗𝑚=4 𝑇=1 = 𝑀𝑀𝑆 𝑗𝑚=4 𝑇=1 + (𝑀𝑀𝑆𝑗𝑚=1,7,9 𝑇=1 × 𝑆𝑁𝑚)
H34: Not used in any of these equations | BH34: 𝐹𝑉𝑆𝑗𝑚 𝑇=1 = 𝑀𝑀𝑆𝑗𝑚 𝑇=1 × (1 − 𝑆𝑆𝑚) | BI34: 𝐹𝑉𝑆𝑗𝑚=4 𝑇=1 = 𝑀𝑀𝑆𝑗𝑚=4 𝑇=1 + (𝑀𝑀𝑆𝑗𝑚=1,7,9 𝑇=1 × 𝑆𝑆𝑚) | BW34: 𝑀𝑗𝑚 𝑇=1 = 𝑉𝑆𝑗 × 𝐹𝑉𝑆𝑗𝑚 𝑇=1 × 𝑀𝐶𝐹𝑖𝑚 × 𝐵𝑂 × 𝜌 | DA34: 𝐸𝐶𝐻4 = ∑ ∑ ∑ (𝐷𝑗𝑚𝑇 × 𝑀𝑗𝑚𝑇 × 𝑁𝑗𝑚𝑇) × 10−3 | DB34: 𝐴𝐸𝑗 = 𝑁𝑗 × 𝑁𝑊𝑗 × 𝐷 | DI34: 𝑀𝑁 𝑗𝑚 𝑇=1 = 𝐴𝐸 𝑗 × 𝐹𝑁 𝑗𝑚 𝑇=1
A35: State | B35: MAT | C35: Production system | D35: Leaching zone | E35: Swine class | F35: Number of poultry in each class j and subclass k | G35: Duration of stay for each class and subclass of poultry | H35: Feed Intake | I35: Volatile Solid production | J35: Nitrogen Waste production | K35: Uncovered anaerobic lagoons | L35: Solid Storage | M35: Outdoor | N35: Covered/Digester | O35: Deep Litter | P35: Pit Storage < 1 Month | Q35: Solids separated | R35: Solid separation rate | S35: Nitrogen separation rate | T35: Solids separated | U35: Solid separation rate | V35: Nitrogen separation rate | W35: Solids separated | X35: Solid separation rate | Y35: Nitrogen separation rate | Z35: Uncovered anaerobic lagoons | AA35: Solid Storage | AB35: Covered/Digester | AC35: Pit Storage < 1 Month | AD35: Direct Application | AE35: Uncovered anaerobic lagoons | AF35: Solid Storage | AG35: Covered/Digester | AH35: Pit Storage < 1 Month | AI35: Direct Application | AJ35: Uncovered anaerobic lagoons | AK35: Solid Storage | AL35: Covered/Digester | AM35: Pit Storage < 1 Month | AN35: Direct Application | AO35: Uncovered anaerobic lagoons | AP35: Solid Storage | AQ35: Covered/Digester | AR35: Pit Storage < 1 Month | AS35: Direct Application | AT35: Uncovered anaerobic lagoons | AU35: Solid Storage | AV35: Covered/Digester | AW35: Pit Storage < 1 Month | AX35: Direct Application | AY35: Feed Intake | AZ35: Volatile Solid production | BA35: Nitrogen Waste production | DB35: Annual nitrogen excretion | DC35: Fraction of nitrogen per system (stage 1) | DI35: Mass of nitrogen per system (stage 1)
Q36: m=1 | T36: m=7 | W36: m=9 | Z36: Allocations from anaerobic lagoons (m=1) | AE36: Allocations from solid storage (m=4) | AJ36: Allocations from covered lagoons/digesters (m=7) | AO36: Allocations from deep litter (m=8) | AT36: Allocations from pit storage (m=9) | DC36: Uncovered anaerobic lagoons | DD36: Solid Storage | DE36: Outdoor | DF36: Covered/Digester | DG36: Deep Litter | DH36: Pit Storage < 1 Month | DI36: Uncovered anaerobic lagoons | DJ36: Solid Storage | DK36: Outdoor | DL36: Covered/Digester | DM36: Deep Litter | DN36: Pit Storage < 1 Month | DO36: Uncovered anaerobic lagoons | DP36: Solid Storage | DQ36: Outdoor | DR36: Covered/Digester | DS36: Deep Litter | DT36: Pit Storage < 1 Month | DU36: Uncovered anaerobic lagoons | DV36: Solid Storage | DW36: Outdoor | DX36: Covered/Digester | DY36: Deep Litter | DZ36: Pit Storage < 1 Month | EB36: Stage 1 | EY36: Stage 1 | FE36: Stage 2 | FJ36: Total
A37: i | B37: i | D37: (true or false) | E37: j | F37: Nj | G37: Dj | H37: Ij | I37: VSj | J37: NWj | K37: MMSjm=1T=1 | L37: MMSjm=4T=1 | M37: MMSjm=5T=1 | N37: MMSjm=7T=1 | O37: MMSjm=8T=1 | P37: MMSjm=9T=1 | Q37: true/false | R37: SSm=1 | S37: SNm=1 | T37: true/false | U37: SSm=7 | V37: SNm=7 | W37: true/false | X37: SSm=9 | Y37: SNm=9 | AA37: MMSjm=4T=2 | AB37: MMSjm=7T=2 | AC37: MMSjm=9T=2 | AD37: MMSjm=13T=2 | AE37: MMSjm=1T=2 | AG37: MMSjm=7T=2 | AH37: MMSjm=9T=2 | AI37: MMSjm=13T=2 | AJ37: MMSjm=1T=2 | AK37: MMSjm=4T=2 | AM37: MMSjm=9T=2 | AN37: MMSjm=13T=2 | AO37: MMSjm=1T=2 | AP37: MMSjm=4T=2 | AQ37: MMSjm=7T=2 | AR37: MMSjm=9T=2 | AS37: MMSjm=13T=2 | AT37: MMSjm=1T=2 | AU37: MMSjm=4T=2 | AV37: MMSjm=7T=2 | AX37: MMSjm=13T=2 | AY37: Ij | AZ37: VSj | BA37: NWj | BB37: SSm=1 | BC37: SSm=7 | BD37: SSm=9 | BE37: SNm=1 | BF37: SNm=7 | BG37: SNm=9 | BH37: FVSjm=1T=1 | BI37: FVSjm=4T=1 | BJ37: FVSjm=5T=1 | BK37: FVSjm=7T=1 | BL37: FVSjm=8T=1 | BM37: FVSjm=9T=1 | BN37: B0 | BO37: p | BP37: MCFim=1 | BQ37: MCFim=4 | BR37: MCFim=5 | BS37: MCFim=7 | BT37: MCFim=8 | BU37: MCFim=9 | BV37: MCFim=13 | BW37: Mjm=1T=1 | BX37: Mjm=4T=1 | BY37: Mjm=5T=1 | BZ37: Mjm=7T=1 | CA37: Mjm=8T=1 | CB37: Mjm=9T=1 | CC37: ECH4jmT=1 | CD37: VSLm=1T=1 | CE37: VSLm=4T=1 | CF37: VSLm=7T=1 | CG37: VSLm=8T=1 | CH37: VSLm=9T=1 | CI37: VSTjm=1T=2 | CJ37: VSTjm=4T=2 | CK37: VSTjm=7T=2 | CL37: VSTjm=8T=2 | CM37: VSTjm=9T=2 | CN37: VSTjmT=2 | CO37: FVSjm=1T=2 | CP37: FVSjm=4T=2 | CQ37: FVSjm=7T=2 | CR37: FVSjm=9T=2 | CS37: FVSjm=13T=2 | CT37: Mjm=1T=2 | CU37: Mjm=4T=2 | CV37: Mjm=7T=2 | CW37: Mjm=9T=2 | CX37: Mjm=13T=2 | CY37: ECH4jmT=2 | CZ37: ECH4j | DA37: ECH4 | DB37: AEj | DC37: FNjm=1T=1 | DD37: FNjm=4T=1 | DE37: FNjm=5T=1 | DF37: FNjm=7T=1 | DG37: FNjm=8T=1 | DH37: FNjm=9T=1 | DI37: MNjm=1T=1 | DJ37: MNjm=4T=1 | DK37: MNjm=5T=1 | DL37: MNjm=7T=1 | DM37: MNjm=8T=1 | DN37: MNjm=9T=1 | DO37: FracGASMm=1T=1 | DP37: FracGASMm=4T=1 | DQ37: FracGASMm=5T=1 | DR37: FracGASMm=7T=1 | DS37: FracGASMm=8T=1 | DT37: FracGASMm=9T=1 | DU37: EFm=1 | DV37: EFm=4 | DW37: EFm=5 | DX37: EFm=7 | DY37: EFm=8 | DZ37: EFm=9 | EA37: CN2O | EB37: EN2O,dir (T=1, m=1) | EC37: EN2O,dir (T=1, m=4) | ED37: EN2O,dir (T=1, m=5) | EE37: EN2O,dir (T=1, m=7) | EF37: EN2O,dir (T=1, m=8) | EG37: EN2O,dir (T=1, m=9) | EH37: NTjm=1T=2 | EI37: NTjm=4T=2 | EJ37: NTjm=7T=2 | EK37: NTjm=8T=2 | EL37: NTjm=9T=2 | EM37: MNjm=1T=2 | EN37: MNjm=4T=2 | EO37: MNjm=7T=2 | EP37: MNjm=9T=2 | EQ37: MNjm=13T=2 | ER37: EN2O,dir (T=2, m=1) | ES37: EN2O,dir (T=2, m=4) | ET37: EN2O,dir (T=2, m=7) | EU37: EN2O,dir (T=2, m=9) | EV37: EN2O,dir (T=2, m=13) | EW37: EN2O,dir (j) | EX37: EN2O,dir | EY37: MMSATMOS (m=1, T=1) | EZ37: MMSATMOS (m=4, T=1) | FA37: MMSATMOS (m=5, T=1) | FB37: MMSATMOS (m=7, T=1) | FC37: MMSATMOS (m=8, T=1) | FD37: MMSATMOS (m=9, T=1) | FE37: MMSATMOS (m=1, T=2) | FF37: MMSATMOS (m=4, T=2) | FG37: MMSATMOS (m=7, T=2) | FH37: MMSATMOS (m=9, T=2) | FI37: MMSATMOS (m=13, T=2) | FJ37: MMSATMOS (j) | FK37: EFN2O | FL37: EN2O,ad (j) | FM37: EN2O,ad | FN37: EFLeach | FO37: FracWET | FP37: FracLEACHMS | FQ37: MNLeachjm=5 | FR37: EN2O,leach (j) | FS37: EN2O,leach
A38: NSW | B38: 10 or below | C38: Irrigated crop | D38: TRUE | E38: boars | F38: 111 | G38: 105 | I38: 0.37 | J38: 0.04 | K38: 1 | Q38: TRUE | R38: 0.3 | S38: 0.3 | T38: TRUE | U38: 0.29 | V38: 0.29 | W38: TRUE | X38: 0.28 | Y38: 0.28 | AB38: 0.5 | AD38: 0.5 | AH38: 0.5 | AI38: 0.5 | AY38: =IF(H38<>"", H38, _xlfn.XLOOKUP($E38,Constants!$A$3:$A$6, Constants!B$3:B$6)) -> 2.3 | AZ38: =IF(I38<>"", I38, _xlfn.XLOOKUP($E38,Constants!$A$3:$A$6, Constants!C$3:C$6)) -> 0.37 | BA38: =IF(J38<>"", J38, _xlfn.XLOOKUP($E38,Constants!$A$3:$A$6, Constants!D$3:D$6)) -> 0.04 | BB38: =IF(R38<>"", R38, IF(Q38, Constants!$B$19, 0)) -> 0.3 | BC38: =IF(U38<>"", U38, IF(T38, Constants!$B$19, 0)) -> 0.29 | BD38: =IF(X38<>"", X38, IF(W38, Constants!$B$19, 0)) -> 0.28 | BE38: =IF(S38<>"", S38, IF(Q38, Constants!$B$20, 0)) -> 0.3 | BF38: =IF(V38<>"", V38, IF(T38, Constants!$B$20, 0)) -> 0.29 | BG38: =IF(Y38<>"", Y38, IF(W38, Constants!$B$20, 0)) -> 0.28 | BH38: =K38*(1-BB38) -> 0.7 | BI38: =L38+(K38*BB38)+(N38*BC38)+(P38*BD38) -> 0.3 | BJ38: =M38 -> 0 | BK38: =N38*(1-BC38) -> 0 | BL38: =O38 -> 0 | BM38: =P38*(1-BD38) -> 0 | BN38: =Constants!$B$21 -> 0.45 | BO38: =Constants!$B$22 -> 0.6784 | BP38: =_xlfn.XLOOKUP($B38,Constants!$G$20:$G$38, Constants!H$20:H$38) -> 0.66 | BQ38: =_xlfn.XLOOKUP($B38,Constants!$G$20:$G$38, Constants!I$20:I$38) -> 0.02 | BR38: =_xlfn.XLOOKUP($A38,Constants!$F$9:$M$9,Constants!$F$12:$M$12) -> 0.01 | BS38: =_xlfn.XLOOKUP($B38,Constants!$G$20:$G$38, Constants!J$20:J$38) -> 0.1 | BT38: =_xlfn.XLOOKUP($B38,Constants!$G$20:$G$38, Constants!K$20:K$38) -> 0.04 | BU38: =_xlfn.XLOOKUP($B38,Constants!$G$20:$G$38, Constants!L$20:L$38) -> 0.03 | BV38: =_xlfn.XLOOKUP($B38,Constants!$G$20:$G$38, Constants!P$20:P$38) -> 0 | BW38: =$AZ38*BH38*BP38*$BN38*$BO38 -> 0.052184563 | BX38: =$AZ38*BI38*BQ38*$BN38*$BO38 -> 0.0006777216 | BY38: =$AZ38*BJ38*BR38*$BN38*$BO38 -> 0 | BZ38: =$AZ38*BK38*BS38*$BN38*$BO38 -> 0 | CA38: =$AZ38*BL38*BT38*$BN38*$BO38 -> 0 | CB38: =$AZ38*BM38*BU38*$BN38*$BO38 -> 0 | CC38: =(SUM(BW38:CB38)*F38*G38)/1000 -> 0.61610993 | CD38: =Constants!$E$10 -> 0 | CE38: =Constants!$E$11 -> 0 | CF38: =Constants!$E$13 -> 0.75 | CG38: =Constants!$E$14 -> 0.05 | CH38: =Constants!$E$15 -> 0 | CI38: =(BH38*(1-CD38)) -> 0.7 | CJ38: =(BI38*(1-CE38)) -> 0.3 | CK38: =(BK38*(1-CF38)) -> 0 | CL38: =(BL38*(1-CG38)) -> 0 | CM38: =(BM38*(1-CH38)) -> 0 | CN38: =SUM(CI38:CM38)*I38 -> 0.37 | CO38: =$CI38*Z38+$CJ38*AE38+$CK38*AJ38+$CL38*AO38+$CM38*AT38 -> 0 | CP38: =$CI38*AA38+$CJ38*AF38+$CK38*AK38+$CL38*AP38+$CM38*AU38 -> 0 | CQ38: =$CI38*AB38+$CJ38*AG38+$CK38*AL38+$CL38*AQ38+$CM38*AV38 -> 0.35 | CR38: =$CI38*AC38+$CJ38*AH38+$CK38*AM38+$CL38*AR38+$CM38*AW38 -> 0.15 | CS38: =$CI38*AD38+$CJ38*AI38+$CK38*AN38+$CL38*AS38+$CM38*AX38 -> 0.5 | CT38: =CO38*$BN38*BP38*$BO38*$AZ38 -> 0 | CU38: =CP38*$BN38*BQ38*$BO38*$AZ38 -> 0 | CV38: =CQ38*$BN38*BS38*$BO38*$AZ38 -> 0.003953376 | CW38: =CR38*$BN38*BU38*$BO38*$AZ38 -> 0.0005082912 | CX38: =CS38*$BN38*BV38*$BO38*$AZ38 -> 0 | CY38: =(SUM(CT38:CX38)*F38*G38)/1000 -> 0.052000731 | CZ38: =CC38+CY38 -> 0.66811066 | DA38: =SUM(CZ38:CZ41) -> 3.5027304 | DB38: =F38*G38*BA38 -> 466.2 | DC38: =K38*(1-BE38) -> 0.7 | DD38: =L38+(K38*BE38)+(N38*BF38)+(P38*BG38) -> 0.3 | DE38: =M38 -> 0 | DF38: =N38*(1-BF38) -> 0 | DG38: =O38 -> 0 | DH38: =P38*(1-BG38) -> 0 | DI38: =$DB38*DC38 -> 326.34 | DJ38: =$DB38*DD38 -> 139.86 | DK38: =$DB38*DE38 -> 0 | DL38: =$DB38*DF38 -> 0 | DM38: =$DB38*DG38 -> 0 | DN38: =$DB38*DH38 -> 0 | DO38: =Constants!$C$10 -> 0.55 | DP38: =Constants!$C$11 -> 0.2 | DQ38: =Constants!$C$12 -> 0.3 | DR38: =Constants!$C$13 -> 0 | DS38: =Constants!$C$14 -> 0.125 | DT38: =Constants!$C$15 -> 0.25 | DU38: =Constants!$D$10 -> 0 | DV38: =Constants!$D$11 -> 0.005 | DW38: =Constants!$D$12 -> 0.02 | DX38: =Constants!$D$13 -> 0 | DY38: =Constants!$D$14 -> 0.01 | DZ38: =Constants!$D$15 -> 0.002 | EA38: =Constants!$B$23 -> 1.57 | EB38: =DI38*DU38*$EA38 -> 0 | EC38: =DJ38*DV38*$EA38 -> 1.097901 | ED38: =DK38*DW38*$EA38 -> 0 | EE38: =DL38*DX38*$EA38 -> 0 | EF38: =DM38*DY38*$EA38 -> 0 | EG38: =DN38*DZ38*$EA38 -> 0 | EH38: =DI38*(1-DO38-DU38) -> 146.853 | EI38: =DJ38*(1-DP38-DV38) -> 111.1887 | EJ38: =DL38*(1-DR38-DX38) -> 0 | EK38: =DM38*(1-DS38-DY38) -> 0 | EL38: =DN38*(1-DT38-DZ38) -> 0 | EM38: =$EH38*Z38+$EI38*AE38+$EJ38*AJ38+$EK38*AO38+$EL38*AT38 -> 0 | EN38: =$EH38*AA38+$EI38*AF38+$EJ38*AK38+$EK38*AP38+$EL38*AU38 -> 0 | EO38: =$EH38*AB38+$EI38*AG38+$EJ38*AL38+$EK38*AQ38+$EL38*AV38 -> 73.4265 | EP38: =$EH38*AC38+$EI38*AH38+$EJ38*AM38+$EK38*AR38+$EL38*AW38 -> 55.59435 | EQ38: =$EH38*AD38+$EI38*AI38+$EJ38*AN38+$EK38*AS38+$EL38*AX38 -> 129.02085 | ER38: =EM38*DU38*$EA38 -> 0 | ES38: =EN38*DV38*$EA38 -> 0 | ET38: =EO38*DX38*$EA38 -> 0 | EU38: =EP38*DZ38*$EA38 -> 0.17456626 | EV38: =EQ38*0*$EA38 -> 0 | EW38: =SUM(EB38:EG38,ER38:EV38)/1000 -> 0.0012724673 | EX38: =SUM(EW38:EW41) -> 0.20947375 | EY38: =DI38*DO38 -> 179.487 | EZ38: =DJ38*DP38 -> 27.972 | FA38: =DK38*DQ38 -> 0 | FB38: =DL38*DR38 -> 0 | FC38: =DM38*DS38 -> 0 | FD38: =DN38*DT38 -> 0 | FE38: =EM38*DO38 -> 0 | FF38: =EN38*DP38 -> 0 | FG38: =EO38*DR38 -> 0 | FH38: =EP38*DT38 -> 13.898587 | FI38: =EQ38*0 -> 0 | FJ38: =SUM(EY38:FI38) -> 221.35759 | FK38: =_xlfn.XLOOKUP(C38, Constants!$D$19:$D$23, Constants!$E$19:$E$23) -> 0.007 | FL38: =(EA38*FJ38*FK38)/1000 -> 0.0024327199 | FM38: =SUM(FL38:FL41) -> 0.037160128 | FN38: =Constants!$B$24 -> 0.011 | FO38: =IF(D38, 1, 0) -> 1 | FP38: =Constants!$B$25 -> 0.02 | FQ38: =DK38*FO38*FP38 -> 0 | FR38: =FQ38*FN38*EA38 -> 0 | FS38: =SUM(FR38:FR41)/1000 -> 0
A39: NSW | B39: 10 or below | C39: Irrigated crop | D39: TRUE | E39: sows | F39: 222 | G39: 103 | I39: 0.37 | J39: 0.04 | K39: 1 | Q39: TRUE | R39: 0.3 | S39: 0.3 | T39: TRUE | U39: 0.29 | V39: 0.29 | W39: TRUE | X39: 0.28 | Y39: 0.28 | AB39: 0.5 | AD39: 0.5 | AH39: 0.5 | AI39: 0.5 | AY39: =IF(H39<>"", H39, _xlfn.XLOOKUP($E39,Constants!$A$3:$A$6, Constants!B$3:B$6)) -> 2.62 | AZ39: =IF(I39<>"", I39, _xlfn.XLOOKUP($E39,Constants!$A$3:$A$6, Constants!C$3:C$6)) -> 0.37 | BA39: =IF(J39<>"", J39, _xlfn.XLOOKUP($E39,Constants!$A$3:$A$6, Constants!D$3:D$6)) -> 0.04 | BB39: =IF(R39<>"", R39, IF(Q39, Constants!$B$19, 0)) -> 0.3 | BC39: =IF(U39<>"", U39, IF(T39, Constants!$B$19, 0)) -> 0.29 | BD39: =IF(X39<>"", X39, IF(W39, Constants!$B$19, 0)) -> 0.28 | BE39: =IF(S39<>"", S39, IF(Q39, Constants!$B$20, 0)) -> 0.3 | BF39: =IF(V39<>"", V39, IF(T39, Constants!$B$20, 0)) -> 0.29 | BG39: =IF(Y39<>"", Y39, IF(W39, Constants!$B$20, 0)) -> 0.28 | BH39: =K39*(1-BB39) -> 0.7 | BI39: =L39+(K39*BB39)+(N39*BC39)+(P39*BD39) -> 0.3 | BJ39: =M39 -> 0 | BK39: =N39*(1-BC39) -> 0 | BL39: =O39 -> 0 | BM39: =P39*(1-BD39) -> 0 | BN39: =Constants!$B$21 -> 0.45 | BO39: =Constants!$B$22 -> 0.6784 | BP39: =_xlfn.XLOOKUP($B39,Constants!$G$20:$G$38, Constants!H$20:H$38) -> 0.66 | BQ39: =_xlfn.XLOOKUP($B39,Constants!$G$20:$G$38, Constants!I$20:I$38) -> 0.02 | BR39: =_xlfn.XLOOKUP($A39,Constants!$F$9:$M$9,Constants!$F$12:$M$12) -> 0.01 | BS39: =_xlfn.XLOOKUP($B39,Constants!$G$20:$G$38, Constants!J$20:J$38) -> 0.1 | BT39: =_xlfn.XLOOKUP($B39,Constants!$G$20:$G$38, Constants!K$20:K$38) -> 0.04 | BU39: =_xlfn.XLOOKUP($B39,Constants!$G$20:$G$38, Constants!L$20:L$38) -> 0.03 | BV39: =_xlfn.XLOOKUP($B39,Constants!$G$20:$G$38, Constants!P$20:P$38) -> 0 | BW39: =$AZ39*BH39*BP39*$BN39*$BO39 -> 0.052184563 | BX39: =$AZ39*BI39*BQ39*$BN39*$BO39 -> 0.0006777216 | BY39: =$AZ39*BJ39*BR39*$BN39*$BO39 -> 0 | BZ39: =$AZ39*BK39*BS39*$BN39*$BO39 -> 0 | CA39: =$AZ39*BL39*BT39*$BN39*$BO39 -> 0 | CB39: =$AZ39*BM39*BU39*$BN39*$BO39 -> 0 | CC39: =(SUM(BW39:CB39)*F39*G39)/1000 -> 1.208749 | CD39: =Constants!$E$10 -> 0 | CE39: =Constants!$E$11 -> 0 | CF39: =Constants!$E$13 -> 0.75 | CG39: =Constants!$E$14 -> 0.05 | CH39: =Constants!$E$15 -> 0 | CI39: =(BH39*(1-CD39)) -> 0.7 | CJ39: =(BI39*(1-CE39)) -> 0.3 | CK39: =(BK39*(1-CF39)) -> 0 | CL39: =(BL39*(1-CG39)) -> 0 | CM39: =(BM39*(1-CH39)) -> 0 | CN39: =SUM(CI39:CM39)*I39 -> 0.37 | CO39: =$CI39*Z39+$CJ39*AE39+$CK39*AJ39+$CL39*AO39+$CM39*AT39 -> 0 | CP39: =$CI39*AA39+$CJ39*AF39+$CK39*AK39+$CL39*AP39+$CM39*AU39 -> 0 | CQ39: =$CI39*AB39+$CJ39*AG39+$CK39*AL39+$CL39*AQ39+$CM39*AV39 -> 0.35 | CR39: =$CI39*AC39+$CJ39*AH39+$CK39*AM39+$CL39*AR39+$CM39*AW39 -> 0.15 | CS39: =$CI39*AD39+$CJ39*AI39+$CK39*AN39+$CL39*AS39+$CM39*AX39 -> 0.5 | CT39: =CO39*$BN39*BP39*$BO39*$AZ39 -> 0 | CU39: =CP39*$BN39*BQ39*$BO39*$AZ39 -> 0 | CV39: =CQ39*$BN39*BS39*$BO39*$AZ39 -> 0.003953376 | CW39: =CR39*$BN39*BU39*$BO39*$AZ39 -> 0.0005082912 | CX39: =CS39*$BN39*BV39*$BO39*$AZ39 -> 0 | CY39: =(SUM(CT39:CX39)*F39*G39)/1000 -> 0.10202048 | CZ39: =CC39+CY39 -> 1.3107695 | DB39: =F39*G39*BA39 -> 914.64 | DC39: =K39*(1-BE39) -> 0.7 | DD39: =L39+(K39*BE39)+(N39*BF39)+(P39*BG39) -> 0.3 | DE39: =M39 -> 0 | DF39: =N39*(1-BF39) -> 0 | DG39: =O39 -> 0 | DH39: =P39*(1-BG39) -> 0 | DI39: =$DB39*DC39 -> 640.248 | DJ39: =$DB39*DD39 -> 274.392 | DK39: =$DB39*DE39 -> 0 | DL39: =$DB39*DF39 -> 0 | DM39: =$DB39*DG39 -> 0 | DN39: =$DB39*DH39 -> 0 | DO39: =Constants!$C$10 -> 0.55 | DP39: =Constants!$C$11 -> 0.2 | DQ39: =Constants!$C$12 -> 0.3 | DR39: =Constants!$C$13 -> 0 | DS39: =Constants!$C$14 -> 0.125 | DT39: =Constants!$C$15 -> 0.25 | DU39: =Constants!$D$10 -> 0 | DV39: =Constants!$D$11 -> 0.005 | DW39: =Constants!$D$12 -> 0.02 | DX39: =Constants!$D$13 -> 0 | DY39: =Constants!$D$14 -> 0.01 | DZ39: =Constants!$D$15 -> 0.002 | EA39: =Constants!$B$23 -> 1.57 | EB39: =DI39*DU39*$EA39 -> 0 | EC39: =DJ39*DV39*$EA39 -> 2.1539772 | ED39: =DK39*DW39*$EA39 -> 0 | EE39: =DL39*DX39*$EA39 -> 0 | EF39: =DM39*DY39*$EA39 -> 0 | EG39: =DN39*DZ39*$EA39 -> 0 | EH39: =DI39*(1-DO39-DU39) -> 288.1116 | EI39: =DJ39*(1-DP39-DV39) -> 218.14164 | EJ39: =DL39*(1-DR39-DX39) -> 0 | EK39: =DM39*(1-DS39-DY39) -> 0 | EL39: =DN39*(1-DT39-DZ39) -> 0 | EM39: =$EH39*Z39+$EI39*AE39+$EJ39*AJ39+$EK39*AO39+$EL39*AT39 -> 0 | EN39: =$EH39*AA39+$EI39*AF39+$EJ39*AK39+$EK39*AP39+$EL39*AU39 -> 0 | EO39: =$EH39*AB39+$EI39*AG39+$EJ39*AL39+$EK39*AQ39+$EL39*AV39 -> 144.0558 | EP39: =$EH39*AC39+$EI39*AH39+$EJ39*AM39+$EK39*AR39+$EL39*AW39 -> 109.07082 | EQ39: =$EH39*AD39+$EI39*AI39+$EJ39*AN39+$EK39*AS39+$EL39*AX39 -> 253.12662 | ER39: =EM39*DU39*$EA39 -> 0 | ES39: =EN39*DV39*$EA39 -> 0 | ET39: =EO39*DX39*$EA39 -> 0 | EU39: =EP39*DZ39*$EA39 -> 0.34248237 | EV39: =EQ39*0*$EA39 -> 0 | EW39: =SUM(EB39:EG39,ER39:EV39)/1000 -> 0.0024964596 | EY39: =DI39*DO39 -> 352.1364 | EZ39: =DJ39*DP39 -> 54.8784 | FA39: =DK39*DQ39 -> 0 | FB39: =DL39*DR39 -> 0 | FC39: =DM39*DS39 -> 0 | FD39: =DN39*DT39 -> 0 | FE39: =EM39*DO39 -> 0 | FF39: =EN39*DP39 -> 0 | FG39: =EO39*DR39 -> 0 | FH39: =EP39*DT39 -> 27.267705 | FI39: =EQ39*0 -> 0 | FJ39: =SUM(EY39:FI39) -> 434.2825 | FK39: =_xlfn.XLOOKUP(C39, Constants!$D$19:$D$23, Constants!$E$19:$E$23) -> 0.007 | FL39: =(EA39*FJ39*FK39)/1000 -> 0.0047727647 | FN39: =Constants!$B$24 -> 0.011 | FO39: =IF(D39, 1, 0) -> 1 | FP39: =Constants!$B$25 -> 0.02 | FQ39: =DK39*FO39*FP39 -> 0 | FR39: =FQ39*FN39*EA39 -> 0
A40: NSW | B40: 10 or below | C40: Irrigated crop | D40: TRUE | E40: gilts | F40: 333 | G40: 200 | I40: 0.37 | J40: 0.04 | O40: 1 | Q40: FALSE | R40: 0 | S40: 0 | T40: FALSE | U40: 0 | V40: 0 | W40: FALSE | X40: 0 | Y40: 0 | AP40: 1 | AY40: =IF(H40<>"", H40, _xlfn.XLOOKUP($E40,Constants!$A$3:$A$6, Constants!B$3:B$6)) -> 2.5 | AZ40: =IF(I40<>"", I40, _xlfn.XLOOKUP($E40,Constants!$A$3:$A$6, Constants!C$3:C$6)) -> 0.37 | BA40: =IF(J40<>"", J40, _xlfn.XLOOKUP($E40,Constants!$A$3:$A$6, Constants!D$3:D$6)) -> 0.04 | BB40: =IF(R40<>"", R40, IF(Q40, Constants!$B$19, 0)) -> 0 | BC40: =IF(U40<>"", U40, IF(T40, Constants!$B$19, 0)) -> 0 | BD40: =IF(X40<>"", X40, IF(W40, Constants!$B$19, 0)) -> 0 | BE40: =IF(S40<>"", S40, IF(Q40, Constants!$B$20, 0)) -> 0 | BF40: =IF(V40<>"", V40, IF(T40, Constants!$B$20, 0)) -> 0 | BG40: =IF(Y40<>"", Y40, IF(W40, Constants!$B$20, 0)) -> 0 | BH40: =K40*(1-BB40) -> 0 | BI40: =L40+(K40*BB40)+(N40*BC40)+(P40*BD40) -> 0 | BJ40: =M40 -> 0 | BK40: =N40*(1-BC40) -> 0 | BL40: =O40 -> 1 | BM40: =P40*(1-BD40) -> 0 | BN40: =Constants!$B$21 -> 0.45 | BO40: =Constants!$B$22 -> 0.6784 | BP40: =_xlfn.XLOOKUP($B40,Constants!$G$20:$G$38, Constants!H$20:H$38) -> 0.66 | BQ40: =_xlfn.XLOOKUP($B40,Constants!$G$20:$G$38, Constants!I$20:I$38) -> 0.02 | BR40: =_xlfn.XLOOKUP($A40,Constants!$F$9:$M$9,Constants!$F$12:$M$12) -> 0.01 | BS40: =_xlfn.XLOOKUP($B40,Constants!$G$20:$G$38, Constants!J$20:J$38) -> 0.1 | BT40: =_xlfn.XLOOKUP($B40,Constants!$G$20:$G$38, Constants!K$20:K$38) -> 0.04 | BU40: =_xlfn.XLOOKUP($B40,Constants!$G$20:$G$38, Constants!L$20:L$38) -> 0.03 | BV40: =_xlfn.XLOOKUP($B40,Constants!$G$20:$G$38, Constants!P$20:P$38) -> 0 | BW40: =$AZ40*BH40*BP40*$BN40*$BO40 -> 0 | BX40: =$AZ40*BI40*BQ40*$BN40*$BO40 -> 0 | BY40: =$AZ40*BJ40*BR40*$BN40*$BO40 -> 0 | BZ40: =$AZ40*BK40*BS40*$BN40*$BO40 -> 0 | CA40: =$AZ40*BL40*BT40*$BN40*$BO40 -> 0.004518144 | CB40: =$AZ40*BM40*BU40*$BN40*$BO40 -> 0 | CC40: =(SUM(BW40:CB40)*F40*G40)/1000 -> 0.30090839 | CD40: =Constants!$E$10 -> 0 | CE40: =Constants!$E$11 -> 0 | CF40: =Constants!$E$13 -> 0.75 | CG40: =Constants!$E$14 -> 0.05 | CH40: =Constants!$E$15 -> 0 | CI40: =(BH40*(1-CD40)) -> 0 | CJ40: =(BI40*(1-CE40)) -> 0 | CK40: =(BK40*(1-CF40)) -> 0 | CL40: =(BL40*(1-CG40)) -> 0.95 | CM40: =(BM40*(1-CH40)) -> 0 | CN40: =SUM(CI40:CM40)*I40 -> 0.3515 | CO40: =$CI40*Z40+$CJ40*AE40+$CK40*AJ40+$CL40*AO40+$CM40*AT40 -> 0 | CP40: =$CI40*AA40+$CJ40*AF40+$CK40*AK40+$CL40*AP40+$CM40*AU40 -> 0.95 | CQ40: =$CI40*AB40+$CJ40*AG40+$CK40*AL40+$CL40*AQ40+$CM40*AV40 -> 0 | CR40: =$CI40*AC40+$CJ40*AH40+$CK40*AM40+$CL40*AR40+$CM40*AW40 -> 0 | CS40: =$CI40*AD40+$CJ40*AI40+$CK40*AN40+$CL40*AS40+$CM40*AX40 -> 0 | CT40: =CO40*$BN40*BP40*$BO40*$AZ40 -> 0 | CU40: =CP40*$BN40*BQ40*$BO40*$AZ40 -> 0.0021461184 | CV40: =CQ40*$BN40*BS40*$BO40*$AZ40 -> 0 | CW40: =CR40*$BN40*BU40*$BO40*$AZ40 -> 0 | CX40: =CS40*$BN40*BV40*$BO40*$AZ40 -> 0 | CY40: =(SUM(CT40:CX40)*F40*G40)/1000 -> 0.14293149 | CZ40: =CC40+CY40 -> 0.44383988 | DB40: =F40*G40*BA40 -> 2664 | DC40: =K40*(1-BE40) -> 0 | DD40: =L40+(K40*BE40)+(N40*BF40)+(P40*BG40) -> 0 | DE40: =M40 -> 0 | DF40: =N40*(1-BF40) -> 0 | DG40: =O40 -> 1 | DH40: =P40*(1-BG40) -> 0 | DI40: =$DB40*DC40 -> 0 | DJ40: =$DB40*DD40 -> 0 | DK40: =$DB40*DE40 -> 0 | DL40: =$DB40*DF40 -> 0 | DM40: =$DB40*DG40 -> 2664 | DN40: =$DB40*DH40 -> 0 | DO40: =Constants!$C$10 -> 0.55 | DP40: =Constants!$C$11 -> 0.2 | DQ40: =Constants!$C$12 -> 0.3 | DR40: =Constants!$C$13 -> 0 | DS40: =Constants!$C$14 -> 0.125 | DT40: =Constants!$C$15 -> 0.25 | DU40: =Constants!$D$10 -> 0 | DV40: =Constants!$D$11 -> 0.005 | DW40: =Constants!$D$12 -> 0.02 | DX40: =Constants!$D$13 -> 0 | DY40: =Constants!$D$14 -> 0.01 | DZ40: =Constants!$D$15 -> 0.002 | EA40: =Constants!$B$23 -> 1.57 | EB40: =DI40*DU40*$EA40 -> 0 | EC40: =DJ40*DV40*$EA40 -> 0 | ED40: =DK40*DW40*$EA40 -> 0 | EE40: =DL40*DX40*$EA40 -> 0 | EF40: =DM40*DY40*$EA40 -> 41.8248 | EG40: =DN40*DZ40*$EA40 -> 0 | EH40: =DI40*(1-DO40-DU40) -> 0 | EI40: =DJ40*(1-DP40-DV40) -> 0 | EJ40: =DL40*(1-DR40-DX40) -> 0 | EK40: =DM40*(1-DS40-DY40) -> 2304.36 | EL40: =DN40*(1-DT40-DZ40) -> 0 | EM40: =$EH40*Z40+$EI40*AE40+$EJ40*AJ40+$EK40*AO40+$EL40*AT40 -> 0 | EN40: =$EH40*AA40+$EI40*AF40+$EJ40*AK40+$EK40*AP40+$EL40*AU40 -> 2304.36 | EO40: =$EH40*AB40+$EI40*AG40+$EJ40*AL40+$EK40*AQ40+$EL40*AV40 -> 0 | EP40: =$EH40*AC40+$EI40*AH40+$EJ40*AM40+$EK40*AR40+$EL40*AW40 -> 0 | EQ40: =$EH40*AD40+$EI40*AI40+$EJ40*AN40+$EK40*AS40+$EL40*AX40 -> 0 | ER40: =EM40*DU40*$EA40 -> 0 | ES40: =EN40*DV40*$EA40 -> 18.089226 | ET40: =EO40*DX40*$EA40 -> 0 | EU40: =EP40*DZ40*$EA40 -> 0 | EV40: =EQ40*0*$EA40 -> 0 | EW40: =SUM(EB40:EG40,ER40:EV40)/1000 -> 0.059914026 | EY40: =DI40*DO40 -> 0 | EZ40: =DJ40*DP40 -> 0 | FA40: =DK40*DQ40 -> 0 | FB40: =DL40*DR40 -> 0 | FC40: =DM40*DS40 -> 333 | FD40: =DN40*DT40 -> 0 | FE40: =EM40*DO40 -> 0 | FF40: =EN40*DP40 -> 460.872 | FG40: =EO40*DR40 -> 0 | FH40: =EP40*DT40 -> 0 | FI40: =EQ40*0 -> 0 | FJ40: =SUM(EY40:FI40) -> 793.872 | FK40: =_xlfn.XLOOKUP(C40, Constants!$D$19:$D$23, Constants!$E$19:$E$23) -> 0.007 | FL40: =(EA40*FJ40*FK40)/1000 -> 0.0087246533 | FN40: =Constants!$B$24 -> 0.011 | FO40: =IF(D40, 1, 0) -> 1 | FP40: =Constants!$B$25 -> 0.02 | FQ40: =DK40*FO40*FP40 -> 0 | FR40: =FQ40*FN40*EA40 -> 0
A41: NSW | B41: 10 or below | C41: Irrigated crop | D41: TRUE | E41: others | F41: 444 | G41: 365 | I41: 0.37 | J41: 0.04 | O41: 1 | Q41: FALSE | R41: 0 | S41: 0 | T41: FALSE | U41: 0 | V41: 0 | W41: FALSE | X41: 0 | Y41: 0 | AP41: 1 | AY41: =IF(H41<>"", H41, _xlfn.XLOOKUP($E41,Constants!$A$3:$A$6, Constants!B$3:B$6)) -> 1.71 | AZ41: =IF(I41<>"", I41, _xlfn.XLOOKUP($E41,Constants!$A$3:$A$6, Constants!C$3:C$6)) -> 0.37 | BA41: =IF(J41<>"", J41, _xlfn.XLOOKUP($E41,Constants!$A$3:$A$6, Constants!D$3:D$6)) -> 0.04 | BB41: =IF(R41<>"", R41, IF(Q41, Constants!$B$19, 0)) -> 0 | BC41: =IF(U41<>"", U41, IF(T41, Constants!$B$19, 0)) -> 0 | BD41: =IF(X41<>"", X41, IF(W41, Constants!$B$19, 0)) -> 0 | BE41: =IF(S41<>"", S41, IF(Q41, Constants!$B$20, 0)) -> 0 | BF41: =IF(V41<>"", V41, IF(T41, Constants!$B$20, 0)) -> 0 | BG41: =IF(Y41<>"", Y41, IF(W41, Constants!$B$20, 0)) -> 0 | BH41: =K41*(1-BB41) -> 0 | BI41: =L41+(K41*BB41)+(N41*BC41)+(P41*BD41) -> 0 | BJ41: =M41 -> 0 | BK41: =N41*(1-BC41) -> 0 | BL41: =O41 -> 1 | BM41: =P41*(1-BD41) -> 0 | BN41: =Constants!$B$21 -> 0.45 | BO41: =Constants!$B$22 -> 0.6784 | BP41: =_xlfn.XLOOKUP($B41,Constants!$G$20:$G$38, Constants!H$20:H$38) -> 0.66 | BQ41: =_xlfn.XLOOKUP($B41,Constants!$G$20:$G$38, Constants!I$20:I$38) -> 0.02 | BR41: =_xlfn.XLOOKUP($A41,Constants!$F$9:$M$9,Constants!$F$12:$M$12) -> 0.01 | BS41: =_xlfn.XLOOKUP($B41,Constants!$G$20:$G$38, Constants!J$20:J$38) -> 0.1 | BT41: =_xlfn.XLOOKUP($B41,Constants!$G$20:$G$38, Constants!K$20:K$38) -> 0.04 | BU41: =_xlfn.XLOOKUP($B41,Constants!$G$20:$G$38, Constants!L$20:L$38) -> 0.03 | BV41: =_xlfn.XLOOKUP($B41,Constants!$G$20:$G$38, Constants!P$20:P$38) -> 0 | BW41: =$AZ41*BH41*BP41*$BN41*$BO41 -> 0 | BX41: =$AZ41*BI41*BQ41*$BN41*$BO41 -> 0 | BY41: =$AZ41*BJ41*BR41*$BN41*$BO41 -> 0 | BZ41: =$AZ41*BK41*BS41*$BN41*$BO41 -> 0 | CA41: =$AZ41*BL41*BT41*$BN41*$BO41 -> 0.004518144 | CB41: =$AZ41*BM41*BU41*$BN41*$BO41 -> 0 | CC41: =(SUM(BW41:CB41)*F41*G41)/1000 -> 0.73221042 | CD41: =Constants!$E$10 -> 0 | CE41: =Constants!$E$11 -> 0 | CF41: =Constants!$E$13 -> 0.75 | CG41: =Constants!$E$14 -> 0.05 | CH41: =Constants!$E$15 -> 0 | CI41: =(BH41*(1-CD41)) -> 0 | CJ41: =(BI41*(1-CE41)) -> 0 | CK41: =(BK41*(1-CF41)) -> 0 | CL41: =(BL41*(1-CG41)) -> 0.95 | CM41: =(BM41*(1-CH41)) -> 0 | CN41: =SUM(CI41:CM41)*I41 -> 0.3515 | CO41: =$CI41*Z41+$CJ41*AE41+$CK41*AJ41+$CL41*AO41+$CM41*AT41 -> 0 | CP41: =$CI41*AA41+$CJ41*AF41+$CK41*AK41+$CL41*AP41+$CM41*AU41 -> 0.95 | CQ41: =$CI41*AB41+$CJ41*AG41+$CK41*AL41+$CL41*AQ41+$CM41*AV41 -> 0 | CR41: =$CI41*AC41+$CJ41*AH41+$CK41*AM41+$CL41*AR41+$CM41*AW41 -> 0 | CS41: =$CI41*AD41+$CJ41*AI41+$CK41*AN41+$CL41*AS41+$CM41*AX41 -> 0 | CT41: =CO41*$BN41*BP41*$BO41*$AZ41 -> 0 | CU41: =CP41*$BN41*BQ41*$BO41*$AZ41 -> 0.0021461184 | CV41: =CQ41*$BN41*BS41*$BO41*$AZ41 -> 0 | CW41: =CR41*$BN41*BU41*$BO41*$AZ41 -> 0 | CX41: =CS41*$BN41*BV41*$BO41*$AZ41 -> 0 | CY41: =(SUM(CT41:CX41)*F41*G41)/1000 -> 0.34779995 | CZ41: =CC41+CY41 -> 1.0800104 | DB41: =F41*G41*BA41 -> 6482.4 | DC41: =K41*(1-BE41) -> 0 | DD41: =L41+(K41*BE41)+(N41*BF41)+(P41*BG41) -> 0 | DE41: =M41 -> 0 | DF41: =N41*(1-BF41) -> 0 | DG41: =O41 -> 1 | DH41: =P41*(1-BG41) -> 0 | DI41: =$DB41*DC41 -> 0 | DJ41: =$DB41*DD41 -> 0 | DK41: =$DB41*DE41 -> 0 | DL41: =$DB41*DF41 -> 0 | DM41: =$DB41*DG41 -> 6482.4 | DN41: =$DB41*DH41 -> 0 | DO41: =Constants!$C$10 -> 0.55 | DP41: =Constants!$C$11 -> 0.2 | DQ41: =Constants!$C$12 -> 0.3 | DR41: =Constants!$C$13 -> 0 | DS41: =Constants!$C$14 -> 0.125 | DT41: =Constants!$C$15 -> 0.25 | DU41: =Constants!$D$10 -> 0 | DV41: =Constants!$D$11 -> 0.005 | DW41: =Constants!$D$12 -> 0.02 | DX41: =Constants!$D$13 -> 0 | DY41: =Constants!$D$14 -> 0.01 | DZ41: =Constants!$D$15 -> 0.002 | EA41: =Constants!$B$23 -> 1.57 | EB41: =DI41*DU41*$EA41 -> 0 | EC41: =DJ41*DV41*$EA41 -> 0 | ED41: =DK41*DW41*$EA41 -> 0 | EE41: =DL41*DX41*$EA41 -> 0 | EF41: =DM41*DY41*$EA41 -> 101.77368 | EG41: =DN41*DZ41*$EA41 -> 0 | EH41: =DI41*(1-DO41-DU41) -> 0 | EI41: =DJ41*(1-DP41-DV41) -> 0 | EJ41: =DL41*(1-DR41-DX41) -> 0 | EK41: =DM41*(1-DS41-DY41) -> 5607.276 | EL41: =DN41*(1-DT41-DZ41) -> 0 | EM41: =$EH41*Z41+$EI41*AE41+$EJ41*AJ41+$EK41*AO41+$EL41*AT41 -> 0 | EN41: =$EH41*AA41+$EI41*AF41+$EJ41*AK41+$EK41*AP41+$EL41*AU41 -> 5607.276 | EO41: =$EH41*AB41+$EI41*AG41+$EJ41*AL41+$EK41*AQ41+$EL41*AV41 -> 0 | EP41: =$EH41*AC41+$EI41*AH41+$EJ41*AM41+$EK41*AR41+$EL41*AW41 -> 0 | EQ41: =$EH41*AD41+$EI41*AI41+$EJ41*AN41+$EK41*AS41+$EL41*AX41 -> 0 | ER41: =EM41*DU41*$EA41 -> 0 | ES41: =EN41*DV41*$EA41 -> 44.017117 | ET41: =EO41*DX41*$EA41 -> 0 | EU41: =EP41*DZ41*$EA41 -> 0 | EV41: =EQ41*0*$EA41 -> 0 | EW41: =SUM(EB41:EG41,ER41:EV41)/1000 -> 0.1457908 | EY41: =DI41*DO41 -> 0 | EZ41: =DJ41*DP41 -> 0 | FA41: =DK41*DQ41 -> 0 | FB41: =DL41*DR41 -> 0 | FC41: =DM41*DS41 -> 810.3 | FD41: =DN41*DT41 -> 0 | FE41: =EM41*DO41 -> 0 | FF41: =EN41*DP41 -> 1121.4552 | FG41: =EO41*DR41 -> 0 | FH41: =EP41*DT41 -> 0 | FI41: =EQ41*0 -> 0 | FJ41: =SUM(EY41:FI41) -> 1931.7552 | FK41: =_xlfn.XLOOKUP(C41, Constants!$D$19:$D$23, Constants!$E$19:$E$23) -> 0.007 | FL41: =(EA41*FJ41*FK41)/1000 -> 0.02122999 | FN41: =Constants!$B$24 -> 0.011 | FO41: =IF(D41, 1, 0) -> 1 | FP41: =Constants!$B$25 -> 0.02 | FQ41: =DK41*FO41*FP41 -> 0 | FR41: =FQ41*FN41*EA41 -> 0
A42: NT | B42: 14 | C42: Irrigated pasture | D42: TRUE | E42: boars | F42: 105 | G42: 75 | I42: 0.5 | J42: 0.079 | K42: 0.2 | L42: 0.1 | M42: 0.2 | N42: 0.2 | O42: 0.2 | P42: 0.1 | Q42: TRUE | R42: 0.45 | S42: 0.25 | T42: TRUE | U42: 0.3 | V42: 0.26 | W42: TRUE | X42: 0.33 | Y42: 0.27 | AA42: 0.25 | AB42: 0.25 | AC42: 0.25 | AD42: 0.25 | AE42: 0.25 | AG42: 0.25 | AH42: 0.25 | AI42: 0.25 | AJ42: 0.25 | AK42: 0.25 | AM42: 0.25 | AN42: 0.25 | AO42: 0.2 | AP42: 0.2 | AQ42: 0.2 | AR42: 0.2 | AS42: 0.2 | AT42: 0.25 | AU42: 0.25 | AV42: 0.25 | AX42: 0.25 | AY42: =IF(H42<>"", H42, _xlfn.XLOOKUP($E42,Constants!$A$3:$A$6, Constants!B$3:B$6)) -> 2.3 | AZ42: =IF(I42<>"", I42, _xlfn.XLOOKUP($E42,Constants!$A$3:$A$6, Constants!C$3:C$6)) -> 0.5 | BA42: =IF(J42<>"", J42, _xlfn.XLOOKUP($E42,Constants!$A$3:$A$6, Constants!D$3:D$6)) -> 0.079 | BB42: =IF(R42<>"", R42, IF(Q42, Constants!$B$19, 0)) -> 0.45 | BC42: =IF(U42<>"", U42, IF(T42, Constants!$B$19, 0)) -> 0.3 | BD42: =IF(X42<>"", X42, IF(W42, Constants!$B$19, 0)) -> 0.33 | BE42: =IF(S42<>"", S42, IF(Q42, Constants!$B$20, 0)) -> 0.25 | BF42: =IF(V42<>"", V42, IF(T42, Constants!$B$20, 0)) -> 0.26 | BG42: =IF(Y42<>"", Y42, IF(W42, Constants!$B$20, 0)) -> 0.27 | BH42: =K42*(1-BB42) -> 0.11 | BI42: =L42+(K42*BB42)+(N42*BC42)+(P42*BD42) -> 0.283 | BJ42: =M42 -> 0.2 | BK42: =N42*(1-BC42) -> 0.14 | BL42: =O42 -> 0.2 | BM42: =P42*(1-BD42) -> 0.067 | BN42: =Constants!$B$21 -> 0.45 | BO42: =Constants!$B$22 -> 0.6784 | BP42: =_xlfn.XLOOKUP($B42,Constants!$G$20:$G$38, Constants!H$20:H$38) -> 0.73 | BQ42: =_xlfn.XLOOKUP($B42,Constants!$G$20:$G$38, Constants!I$20:I$38) -> 0.02 | BR42: =_xlfn.XLOOKUP($A42,Constants!$F$9:$M$9,Constants!$F$12:$M$12) -> 0.03 | BS42: =_xlfn.XLOOKUP($B42,Constants!$G$20:$G$38, Constants!J$20:J$38) -> 0.1 | BT42: =_xlfn.XLOOKUP($B42,Constants!$G$20:$G$38, Constants!K$20:K$38) -> 0.04 | BU42: =_xlfn.XLOOKUP($B42,Constants!$G$20:$G$38, Constants!L$20:L$38) -> 0.03 | BV42: =_xlfn.XLOOKUP($B42,Constants!$G$20:$G$38, Constants!P$20:P$38) -> 0 | BW42: =$AZ42*BH42*BP42*$BN42*$BO42 -> 0.012256992 | BX42: =$AZ42*BI42*BQ42*$BN42*$BO42 -> 0.0008639424 | BY42: =$AZ42*BJ42*BR42*$BN42*$BO42 -> 0.00091584 | BZ42: =$AZ42*BK42*BS42*$BN42*$BO42 -> 0.00213696 | CA42: =$AZ42*BL42*BT42*$BN42*$BO42 -> 0.00122112 | CB42: =$AZ42*BM42*BU42*$BN42*$BO42 -> 0.0003068064 | CC42: =(SUM(BW42:CB42)*F42*G42)/1000 -> 0.13940058 | CD42: =Constants!$E$10 -> 0 | CE42: =Constants!$E$11 -> 0 | CF42: =Constants!$E$13 -> 0.75 | CG42: =Constants!$E$14 -> 0.05 | CH42: =Constants!$E$15 -> 0 | CI42: =(BH42*(1-CD42)) -> 0.11 | CJ42: =(BI42*(1-CE42)) -> 0.283 | CK42: =(BK42*(1-CF42)) -> 0.035 | CL42: =(BL42*(1-CG42)) -> 0.19 | CM42: =(BM42*(1-CH42)) -> 0.067 | CN42: =SUM(CI42:CM42)*I42 -> 0.3425 | CO42: =$CI42*Z42+$CJ42*AE42+$CK42*AJ42+$CL42*AO42+$CM42*AT42 -> 0.13425 | CP42: =$CI42*AA42+$CJ42*AF42+$CK42*AK42+$CL42*AP42+$CM42*AU42 -> 0.091 | CQ42: =$CI42*AB42+$CJ42*AG42+$CK42*AL42+$CL42*AQ42+$CM42*AV42 -> 0.153 | CR42: =$CI42*AC42+$CJ42*AH42+$CK42*AM42+$CL42*AR42+$CM42*AW42 -> 0.145 | CS42: =$CI42*AD42+$CJ42*AI42+$CK42*AN42+$CL42*AS42+$CM42*AX42 -> 0.16175 | CT42: =CO42*$BN42*BP42*$BO42*$AZ42 -> 0.014959102 | CU42: =CP42*$BN42*BQ42*$BO42*$AZ42 -> 0.0002778048 | CV42: =CQ42*$BN42*BS42*$BO42*$AZ42 -> 0.002335392 | CW42: =CR42*$BN42*BU42*$BO42*$AZ42 -> 0.000663984 | CX42: =CS42*$BN42*BV42*$BO42*$AZ42 -> 0 | CY42: =(SUM(CT42:CX42)*F42*G42)/1000 -> 0.14361072 | CZ42: =CC42+CY42 -> 0.2830113 | DA42: =SUM(CZ42:CZ45) -> 7.5226668 | DB42: =F42*G42*BA42 -> 622.125 | DC42: =K42*(1-BE42) -> 0.15 | DD42: =L42+(K42*BE42)+(N42*BF42)+(P42*BG42) -> 0.229 | DE42: =M42 -> 0.2 | DF42: =N42*(1-BF42) -> 0.148 | DG42: =O42 -> 0.2 | DH42: =P42*(1-BG42) -> 0.073 | DI42: =$DB42*DC42 -> 93.31875 | DJ42: =$DB42*DD42 -> 142.46662 | DK42: =$DB42*DE42 -> 124.425 | DL42: =$DB42*DF42 -> 92.0745 | DM42: =$DB42*DG42 -> 124.425 | DN42: =$DB42*DH42 -> 45.415125 | DO42: =Constants!$C$10 -> 0.55 | DP42: =Constants!$C$11 -> 0.2 | DQ42: =Constants!$C$12 -> 0.3 | DR42: =Constants!$C$13 -> 0 | DS42: =Constants!$C$14 -> 0.125 | DT42: =Constants!$C$15 -> 0.25 | DU42: =Constants!$D$10 -> 0 | DV42: =Constants!$D$11 -> 0.005 | DW42: =Constants!$D$12 -> 0.02 | DX42: =Constants!$D$13 -> 0 | DY42: =Constants!$D$14 -> 0.01 | DZ42: =Constants!$D$15 -> 0.002 | EA42: =Constants!$B$23 -> 1.57 | EB42: =DI42*DU42*$EA42 -> 0 | EC42: =DJ42*DV42*$EA42 -> 1.118363 | ED42: =DK42*DW42*$EA42 -> 3.906945 | EE42: =DL42*DX42*$EA42 -> 0 | EF42: =DM42*DY42*$EA42 -> 1.9534725 | EG42: =DN42*DZ42*$EA42 -> 0.14260349 | EH42: =DI42*(1-DO42-DU42) -> 41.993437 | EI42: =DJ42*(1-DP42-DV42) -> 113.26097 | EJ42: =DL42*(1-DR42-DX42) -> 92.0745 | EK42: =DM42*(1-DS42-DY42) -> 107.62763 | EL42: =DN42*(1-DT42-DZ42) -> 33.970513 | EM42: =$EH42*Z42+$EI42*AE42+$EJ42*AJ42+$EK42*AO42+$EL42*AT42 -> 81.35202 | EN42: =$EH42*AA42+$EI42*AF42+$EJ42*AK42+$EK42*AP42+$EL42*AU42 -> 63.535138 | EO42: =$EH42*AB42+$EI42*AG42+$EJ42*AL42+$EK42*AQ42+$EL42*AV42 -> 68.831754 | EP42: =$EH42*AC42+$EI42*AH42+$EJ42*AM42+$EK42*AR42+$EL42*AW42 -> 83.357751 | EQ42: =$EH42*AD42+$EI42*AI42+$EJ42*AN42+$EK42*AS42+$EL42*AX42 -> 91.850379 | ER42: =EM42*DU42*$EA42 -> 0 | ES42: =EN42*DV42*$EA42 -> 0.49875083 | ET42: =EO42*DX42*$EA42 -> 0 | EU42: =EP42*DZ42*$EA42 -> 0.26174334 | EV42: =EQ42*0*$EA42 -> 0 | EW42: =SUM(EB42:EG42,ER42:EV42)/1000 -> 0.0078818782 | EX42: =SUM(EW42:EW45) -> 0.16256855 | EY42: =DI42*DO42 -> 51.325313 | EZ42: =DJ42*DP42 -> 28.493325 | FA42: =DK42*DQ42 -> 37.3275 | FB42: =DL42*DR42 -> 0 | FC42: =DM42*DS42 -> 15.553125 | FD42: =DN42*DT42 -> 11.353781 | FE42: =EM42*DO42 -> 44.743611 | FF42: =EN42*DP42 -> 12.707028 | FG42: =EO42*DR42 -> 0 | FH42: =EP42*DT42 -> 20.839438 | FI42: =EQ42*0 -> 0 | FJ42: =SUM(EY42:FI42) -> 222.34312 | FK42: =_xlfn.XLOOKUP(C42, Constants!$D$19:$D$23, Constants!$E$19:$E$23) -> 0.0059 | FL42: =(EA42*FJ42*FK42)/1000 -> 0.0020595643 | FM42: =SUM(FL42:FL45) -> 0.042482155 | FN42: =Constants!$B$24 -> 0.011 | FO42: =IF(D42, 1, 0) -> 1 | FP42: =Constants!$B$25 -> 0.02 | FQ42: =DK42*FO42*FP42 -> 2.4885 | FR42: =FQ42*FN42*EA42 -> 0.042976395 | FS42: =SUM(FR42:FR45)/1000 -> 0.0008861123
A43: NT | B43: 14 | C43: Irrigated pasture | D43: TRUE | E43: sows | F43: 245 | G43: 290 | I43: 0.56 | J43: 0.069 | K43: 0.2 | L43: 0.1 | M43: 0.2 | N43: 0.2 | O43: 0.2 | P43: 0.1 | Q43: TRUE | R43: 0.45 | S43: 0.25 | T43: TRUE | U43: 0.3 | V43: 0.26 | W43: TRUE | X43: 0.33 | Y43: 0.27 | AA43: 0.25 | AB43: 0.25 | AC43: 0.25 | AD43: 0.25 | AE43: 0.25 | AG43: 0.25 | AH43: 0.25 | AI43: 0.25 | AJ43: 0.25 | AK43: 0.25 | AM43: 0.25 | AN43: 0.25 | AO43: 0.2 | AP43: 0.2 | AQ43: 0.2 | AR43: 0.2 | AS43: 0.2 | AT43: 0.25 | AU43: 0.25 | AV43: 0.25 | AX43: 0.25 | AY43: =IF(H43<>"", H43, _xlfn.XLOOKUP($E43,Constants!$A$3:$A$6, Constants!B$3:B$6)) -> 2.62 | AZ43: =IF(I43<>"", I43, _xlfn.XLOOKUP($E43,Constants!$A$3:$A$6, Constants!C$3:C$6)) -> 0.56 | BA43: =IF(J43<>"", J43, _xlfn.XLOOKUP($E43,Constants!$A$3:$A$6, Constants!D$3:D$6)) -> 0.069 | BB43: =IF(R43<>"", R43, IF(Q43, Constants!$B$19, 0)) -> 0.45 | BC43: =IF(U43<>"", U43, IF(T43, Constants!$B$19, 0)) -> 0.3 | BD43: =IF(X43<>"", X43, IF(W43, Constants!$B$19, 0)) -> 0.33 | BE43: =IF(S43<>"", S43, IF(Q43, Constants!$B$20, 0)) -> 0.25 | BF43: =IF(V43<>"", V43, IF(T43, Constants!$B$20, 0)) -> 0.26 | BG43: =IF(Y43<>"", Y43, IF(W43, Constants!$B$20, 0)) -> 0.27 | BH43: =K43*(1-BB43) -> 0.11 | BI43: =L43+(K43*BB43)+(N43*BC43)+(P43*BD43) -> 0.283 | BJ43: =M43 -> 0.2 | BK43: =N43*(1-BC43) -> 0.14 | BL43: =O43 -> 0.2 | BM43: =P43*(1-BD43) -> 0.067 | BN43: =Constants!$B$21 -> 0.45 | BO43: =Constants!$B$22 -> 0.6784 | BP43: =_xlfn.XLOOKUP($B43,Constants!$G$20:$G$38, Constants!H$20:H$38) -> 0.73 | BQ43: =_xlfn.XLOOKUP($B43,Constants!$G$20:$G$38, Constants!I$20:I$38) -> 0.02 | BR43: =_xlfn.XLOOKUP($A43,Constants!$F$9:$M$9,Constants!$F$12:$M$12) -> 0.03 | BS43: =_xlfn.XLOOKUP($B43,Constants!$G$20:$G$38, Constants!J$20:J$38) -> 0.1 | BT43: =_xlfn.XLOOKUP($B43,Constants!$G$20:$G$38, Constants!K$20:K$38) -> 0.04 | BU43: =_xlfn.XLOOKUP($B43,Constants!$G$20:$G$38, Constants!L$20:L$38) -> 0.03 | BV43: =_xlfn.XLOOKUP($B43,Constants!$G$20:$G$38, Constants!P$20:P$38) -> 0 | BW43: =$AZ43*BH43*BP43*$BN43*$BO43 -> 0.013727831 | BX43: =$AZ43*BI43*BQ43*$BN43*$BO43 -> 0.00096761549 | BY43: =$AZ43*BJ43*BR43*$BN43*$BO43 -> 0.0010257408 | BZ43: =$AZ43*BK43*BS43*$BN43*$BO43 -> 0.0023933952 | CA43: =$AZ43*BL43*BT43*$BN43*$BO43 -> 0.0013676544 | CB43: =$AZ43*BM43*BU43*$BN43*$BO43 -> 0.00034362317 | CC43: =(SUM(BW43:CB43)*F43*G43)/1000 -> 1.4086274 | CD43: =Constants!$E$10 -> 0 | CE43: =Constants!$E$11 -> 0 | CF43: =Constants!$E$13 -> 0.75 | CG43: =Constants!$E$14 -> 0.05 | CH43: =Constants!$E$15 -> 0 | CI43: =(BH43*(1-CD43)) -> 0.11 | CJ43: =(BI43*(1-CE43)) -> 0.283 | CK43: =(BK43*(1-CF43)) -> 0.035 | CL43: =(BL43*(1-CG43)) -> 0.19 | CM43: =(BM43*(1-CH43)) -> 0.067 | CN43: =SUM(CI43:CM43)*I43 -> 0.3836 | CO43: =$CI43*Z43+$CJ43*AE43+$CK43*AJ43+$CL43*AO43+$CM43*AT43 -> 0.13425 | CP43: =$CI43*AA43+$CJ43*AF43+$CK43*AK43+$CL43*AP43+$CM43*AU43 -> 0.091 | CQ43: =$CI43*AB43+$CJ43*AG43+$CK43*AL43+$CL43*AQ43+$CM43*AV43 -> 0.153 | CR43: =$CI43*AC43+$CJ43*AH43+$CK43*AM43+$CL43*AR43+$CM43*AW43 -> 0.145 | CS43: =$CI43*AD43+$CJ43*AI43+$CK43*AN43+$CL43*AS43+$CM43*AX43 -> 0.16175 | CT43: =CO43*$BN43*BP43*$BO43*$AZ43 -> 0.016754194 | CU43: =CP43*$BN43*BQ43*$BO43*$AZ43 -> 0.00031114138 | CV43: =CQ43*$BN43*BS43*$BO43*$AZ43 -> 0.002615639 | CW43: =CR43*$BN43*BU43*$BO43*$AZ43 -> 0.00074366208 | CX43: =CS43*$BN43*BV43*$BO43*$AZ43 -> 0 | CY43: =(SUM(CT43:CX43)*F43*G43)/1000 -> 1.4511704 | CZ43: =CC43+CY43 -> 2.8597978 | DB43: =F43*G43*BA43 -> 4902.45 | DC43: =K43*(1-BE43) -> 0.15 | DD43: =L43+(K43*BE43)+(N43*BF43)+(P43*BG43) -> 0.229 | DE43: =M43 -> 0.2 | DF43: =N43*(1-BF43) -> 0.148 | DG43: =O43 -> 0.2 | DH43: =P43*(1-BG43) -> 0.073 | DI43: =$DB43*DC43 -> 735.3675 | DJ43: =$DB43*DD43 -> 1122.6611 | DK43: =$DB43*DE43 -> 980.49 | DL43: =$DB43*DF43 -> 725.5626 | DM43: =$DB43*DG43 -> 980.49 | DN43: =$DB43*DH43 -> 357.87885 | DO43: =Constants!$C$10 -> 0.55 | DP43: =Constants!$C$11 -> 0.2 | DQ43: =Constants!$C$12 -> 0.3 | DR43: =Constants!$C$13 -> 0 | DS43: =Constants!$C$14 -> 0.125 | DT43: =Constants!$C$15 -> 0.25 | DU43: =Constants!$D$10 -> 0 | DV43: =Constants!$D$11 -> 0.005 | DW43: =Constants!$D$12 -> 0.02 | DX43: =Constants!$D$13 -> 0 | DY43: =Constants!$D$14 -> 0.01 | DZ43: =Constants!$D$15 -> 0.002 | EA43: =Constants!$B$23 -> 1.57 | EB43: =DI43*DU43*$EA43 -> 0 | EC43: =DJ43*DV43*$EA43 -> 8.8128892 | ED43: =DK43*DW43*$EA43 -> 30.787386 | EE43: =DL43*DX43*$EA43 -> 0 | EF43: =DM43*DY43*$EA43 -> 15.393693 | EG43: =DN43*DZ43*$EA43 -> 1.1237396 | EH43: =DI43*(1-DO43-DU43) -> 330.91538 | EI43: =DJ43*(1-DP43-DV43) -> 892.51553 | EJ43: =DL43*(1-DR43-DX43) -> 725.5626 | EK43: =DM43*(1-DS43-DY43) -> 848.12385 | EL43: =DN43*(1-DT43-DZ43) -> 267.69338 | EM43: =$EH43*Z43+$EI43*AE43+$EJ43*AJ43+$EK43*AO43+$EL43*AT43 -> 641.06765 | EN43: =$EH43*AA43+$EI43*AF43+$EJ43*AK43+$EK43*AP43+$EL43*AU43 -> 500.66761 | EO43: =$EH43*AB43+$EI43*AG43+$EJ43*AL43+$EK43*AQ43+$EL43*AV43 -> 542.40584 | EP43: =$EH43*AC43+$EI43*AH43+$EJ43*AM43+$EK43*AR43+$EL43*AW43 -> 656.87315 | EQ43: =$EH43*AD43+$EI43*AI43+$EJ43*AN43+$EK43*AS43+$EL43*AX43 -> 723.79649 | ER43: =EM43*DU43*$EA43 -> 0 | ES43: =EN43*DV43*$EA43 -> 3.9302407 | ET43: =EO43*DX43*$EA43 -> 0 | EU43: =EP43*DZ43*$EA43 -> 2.0625817 | EV43: =EQ43*0*$EA43 -> 0 | EW43: =SUM(EB43:EG43,ER43:EV43)/1000 -> 0.06211053 | EY43: =DI43*DO43 -> 404.45213 | EZ43: =DJ43*DP43 -> 224.53221 | FA43: =DK43*DQ43 -> 294.147 | FB43: =DL43*DR43 -> 0 | FC43: =DM43*DS43 -> 122.56125 | FD43: =DN43*DT43 -> 89.469713 | FE43: =EM43*DO43 -> 352.58721 | FF43: =EN43*DP43 -> 100.13352 | FG43: =EO43*DR43 -> 0 | FH43: =EP43*DT43 -> 164.21829 | FI43: =EQ43*0 -> 0 | FJ43: =SUM(EY43:FI43) -> 1752.1013 | FK43: =_xlfn.XLOOKUP(C43, Constants!$D$19:$D$23, Constants!$E$19:$E$23) -> 0.0059 | FL43: =(EA43*FJ43*FK43)/1000 -> 0.016229714 | FN43: =Constants!$B$24 -> 0.011 | FO43: =IF(D43, 1, 0) -> 1 | FP43: =Constants!$B$25 -> 0.02 | FQ43: =DK43*FO43*FP43 -> 19.6098 | FR43: =FQ43*FN43*EA43 -> 0.33866125
A44: NT | B44: 14 | C44: Irrigated pasture | D44: TRUE | E44: gilts | F44: 434 | G44: 280 | I44: 0.45 | J44: 0.056 | K44: 0.2 | L44: 0.1 | M44: 0.2 | N44: 0.2 | O44: 0.2 | P44: 0.1 | Q44: TRUE | R44: 0.45 | S44: 0.25 | T44: TRUE | U44: 0.3 | V44: 0.27 | W44: TRUE | X44: 0.33 | Y44: 0.26 | AA44: 0.25 | AB44: 0.25 | AC44: 0.25 | AD44: 0.25 | AE44: 0.25 | AG44: 0.25 | AH44: 0.25 | AI44: 0.25 | AJ44: 0.25 | AK44: 0.25 | AM44: 0.25 | AN44: 0.25 | AO44: 0.2 | AP44: 0.2 | AQ44: 0.2 | AR44: 0.2 | AS44: 0.2 | AT44: 0.25 | AU44: 0.25 | AV44: 0.25 | AX44: 0.25 | AY44: =IF(H44<>"", H44, _xlfn.XLOOKUP($E44,Constants!$A$3:$A$6, Constants!B$3:B$6)) -> 2.5 | AZ44: =IF(I44<>"", I44, _xlfn.XLOOKUP($E44,Constants!$A$3:$A$6, Constants!C$3:C$6)) -> 0.45 | BA44: =IF(J44<>"", J44, _xlfn.XLOOKUP($E44,Constants!$A$3:$A$6, Constants!D$3:D$6)) -> 0.056 | BB44: =IF(R44<>"", R44, IF(Q44, Constants!$B$19, 0)) -> 0.45 | BC44: =IF(U44<>"", U44, IF(T44, Constants!$B$19, 0)) -> 0.3 | BD44: =IF(X44<>"", X44, IF(W44, Constants!$B$19, 0)) -> 0.33 | BE44: =IF(S44<>"", S44, IF(Q44, Constants!$B$20, 0)) -> 0.25 | BF44: =IF(V44<>"", V44, IF(T44, Constants!$B$20, 0)) -> 0.27 | BG44: =IF(Y44<>"", Y44, IF(W44, Constants!$B$20, 0)) -> 0.26 | BH44: =K44*(1-BB44) -> 0.11 | BI44: =L44+(K44*BB44)+(N44*BC44)+(P44*BD44) -> 0.283 | BJ44: =M44 -> 0.2 | BK44: =N44*(1-BC44) -> 0.14 | BL44: =O44 -> 0.2 | BM44: =P44*(1-BD44) -> 0.067 | BN44: =Constants!$B$21 -> 0.45 | BO44: =Constants!$B$22 -> 0.6784 | BP44: =_xlfn.XLOOKUP($B44,Constants!$G$20:$G$38, Constants!H$20:H$38) -> 0.73 | BQ44: =_xlfn.XLOOKUP($B44,Constants!$G$20:$G$38, Constants!I$20:I$38) -> 0.02 | BR44: =_xlfn.XLOOKUP($A44,Constants!$F$9:$M$9,Constants!$F$12:$M$12) -> 0.03 | BS44: =_xlfn.XLOOKUP($B44,Constants!$G$20:$G$38, Constants!J$20:J$38) -> 0.1 | BT44: =_xlfn.XLOOKUP($B44,Constants!$G$20:$G$38, Constants!K$20:K$38) -> 0.04 | BU44: =_xlfn.XLOOKUP($B44,Constants!$G$20:$G$38, Constants!L$20:L$38) -> 0.03 | BV44: =_xlfn.XLOOKUP($B44,Constants!$G$20:$G$38, Constants!P$20:P$38) -> 0 | BW44: =$AZ44*BH44*BP44*$BN44*$BO44 -> 0.011031293 | BX44: =$AZ44*BI44*BQ44*$BN44*$BO44 -> 0.00077754816 | BY44: =$AZ44*BJ44*BR44*$BN44*$BO44 -> 0.000824256 | BZ44: =$AZ44*BK44*BS44*$BN44*$BO44 -> 0.001923264 | CA44: =$AZ44*BL44*BT44*$BN44*$BO44 -> 0.001099008 | CB44: =$AZ44*BM44*BU44*$BN44*$BO44 -> 0.00027612576 | CC44: =(SUM(BW44:CB44)*F44*G44)/1000 -> 1.9359952 | CD44: =Constants!$E$10 -> 0 | CE44: =Constants!$E$11 -> 0 | CF44: =Constants!$E$13 -> 0.75 | CG44: =Constants!$E$14 -> 0.05 | CH44: =Constants!$E$15 -> 0 | CI44: =(BH44*(1-CD44)) -> 0.11 | CJ44: =(BI44*(1-CE44)) -> 0.283 | CK44: =(BK44*(1-CF44)) -> 0.035 | CL44: =(BL44*(1-CG44)) -> 0.19 | CM44: =(BM44*(1-CH44)) -> 0.067 | CN44: =SUM(CI44:CM44)*I44 -> 0.30825 | CO44: =$CI44*Z44+$CJ44*AE44+$CK44*AJ44+$CL44*AO44+$CM44*AT44 -> 0.13425 | CP44: =$CI44*AA44+$CJ44*AF44+$CK44*AK44+$CL44*AP44+$CM44*AU44 -> 0.091 | CQ44: =$CI44*AB44+$CJ44*AG44+$CK44*AL44+$CL44*AQ44+$CM44*AV44 -> 0.153 | CR44: =$CI44*AC44+$CJ44*AH44+$CK44*AM44+$CL44*AR44+$CM44*AW44 -> 0.145 | CS44: =$CI44*AD44+$CJ44*AI44+$CK44*AN44+$CL44*AS44+$CM44*AX44 -> 0.16175 | CT44: =CO44*$BN44*BP44*$BO44*$AZ44 -> 0.013463191 | CU44: =CP44*$BN44*BQ44*$BO44*$AZ44 -> 0.00025002432 | CV44: =CQ44*$BN44*BS44*$BO44*$AZ44 -> 0.0021018528 | CW44: =CR44*$BN44*BU44*$BO44*$AZ44 -> 0.0005975856 | CX44: =CS44*$BN44*BV44*$BO44*$AZ44 -> 0 | CY44: =(SUM(CT44:CX44)*F44*G44)/1000 -> 1.9944657 | CZ44: =CC44+CY44 -> 3.930461 | DB44: =F44*G44*BA44 -> 6805.12 | DC44: =K44*(1-BE44) -> 0.15 | DD44: =L44+(K44*BE44)+(N44*BF44)+(P44*BG44) -> 0.23 | DE44: =M44 -> 0.2 | DF44: =N44*(1-BF44) -> 0.146 | DG44: =O44 -> 0.2 | DH44: =P44*(1-BG44) -> 0.074 | DI44: =$DB44*DC44 -> 1020.768 | DJ44: =$DB44*DD44 -> 1565.1776 | DK44: =$DB44*DE44 -> 1361.024 | DL44: =$DB44*DF44 -> 993.54752 | DM44: =$DB44*DG44 -> 1361.024 | DN44: =$DB44*DH44 -> 503.57888 | DO44: =Constants!$C$10 -> 0.55 | DP44: =Constants!$C$11 -> 0.2 | DQ44: =Constants!$C$12 -> 0.3 | DR44: =Constants!$C$13 -> 0 | DS44: =Constants!$C$14 -> 0.125 | DT44: =Constants!$C$15 -> 0.25 | DU44: =Constants!$D$10 -> 0 | DV44: =Constants!$D$11 -> 0.005 | DW44: =Constants!$D$12 -> 0.02 | DX44: =Constants!$D$13 -> 0 | DY44: =Constants!$D$14 -> 0.01 | DZ44: =Constants!$D$15 -> 0.002 | EA44: =Constants!$B$23 -> 1.57 | EB44: =DI44*DU44*$EA44 -> 0 | EC44: =DJ44*DV44*$EA44 -> 12.286644 | ED44: =DK44*DW44*$EA44 -> 42.736154 | EE44: =DL44*DX44*$EA44 -> 0 | EF44: =DM44*DY44*$EA44 -> 21.368077 | EG44: =DN44*DZ44*$EA44 -> 1.5812377 | EH44: =DI44*(1-DO44-DU44) -> 459.3456 | EI44: =DJ44*(1-DP44-DV44) -> 1244.3162 | EJ44: =DL44*(1-DR44-DX44) -> 993.54752 | EK44: =DM44*(1-DS44-DY44) -> 1177.2858 | EL44: =DN44*(1-DT44-DZ44) -> 376.677 | EM44: =$EH44*Z44+$EI44*AE44+$EJ44*AJ44+$EK44*AO44+$EL44*AT44 -> 889.09233 | EN44: =$EH44*AA44+$EI44*AF44+$EJ44*AK44+$EK44*AP44+$EL44*AU44 -> 692.84968 | EO44: =$EH44*AB44+$EI44*AG44+$EJ44*AL44+$EK44*AQ44+$EL44*AV44 -> 755.54185 | EP44: =$EH44*AC44+$EI44*AH44+$EJ44*AM44+$EK44*AR44+$EL44*AW44 -> 909.75948 | EQ44: =$EH44*AD44+$EI44*AI44+$EJ44*AN44+$EK44*AS44+$EL44*AX44 -> 1003.9287 | ER44: =EM44*DU44*$EA44 -> 0 | ES44: =EN44*DV44*$EA44 -> 5.43887 | ET44: =EO44*DX44*$EA44 -> 0 | EU44: =EP44*DZ44*$EA44 -> 2.8566448 | EV44: =EQ44*0*$EA44 -> 0 | EW44: =SUM(EB44:EG44,ER44:EV44)/1000 -> 0.086267627 | EY44: =DI44*DO44 -> 561.4224 | EZ44: =DJ44*DP44 -> 313.03552 | FA44: =DK44*DQ44 -> 408.3072 | FB44: =DL44*DR44 -> 0 | FC44: =DM44*DS44 -> 170.128 | FD44: =DN44*DT44 -> 125.89472 | FE44: =EM44*DO44 -> 489.00078 | FF44: =EN44*DP44 -> 138.56994 | FG44: =EO44*DR44 -> 0 | FH44: =EP44*DT44 -> 227.43987 | FI44: =EQ44*0 -> 0 | FJ44: =SUM(EY44:FI44) -> 2433.7984 | FK44: =_xlfn.XLOOKUP(C44, Constants!$D$19:$D$23, Constants!$E$19:$E$23) -> 0.0059 | FL44: =(EA44*FJ44*FK44)/1000 -> 0.022544275 | FN44: =Constants!$B$24 -> 0.011 | FO44: =IF(D44, 1, 0) -> 1 | FP44: =Constants!$B$25 -> 0.02 | FQ44: =DK44*FO44*FP44 -> 27.22048 | FR44: =FQ44*FN44*EA44 -> 0.47009769
A45: NT | B45: 14 | C45: Irrigated pasture | D45: TRUE | E45: others | F45: 44 | G45: 290 | I45: 0.49 | J45: =0.039 -> 0.039 | K45: 0.2 | L45: 0.1 | M45: 0.2 | N45: 0.2 | O45: 0.2 | P45: 0.1 | Q45: TRUE | R45: 0.45 | S45: 0.25 | T45: TRUE | U45: 0.3 | V45: 0.27 | W45: TRUE | X45: 0.33 | Y45: 0.26 | AA45: 0.25 | AB45: 0.25 | AC45: 0.25 | AD45: 0.25 | AE45: 0.25 | AG45: 0.25 | AH45: 0.25 | AI45: 0.25 | AJ45: 0.25 | AK45: 0.25 | AM45: 0.25 | AN45: 0.25 | AO45: 0.2 | AP45: 0.2 | AQ45: 0.2 | AR45: 0.2 | AS45: 0.2 | AT45: 0.25 | AU45: 0.25 | AV45: 0.25 | AX45: 0.25 | AY45: =IF(H45<>"", H45, _xlfn.XLOOKUP($E45,Constants!$A$3:$A$6, Constants!B$3:B$6)) -> 1.71 | AZ45: =IF(I45<>"", I45, _xlfn.XLOOKUP($E45,Constants!$A$3:$A$6, Constants!C$3:C$6)) -> 0.49 | BA45: =IF(J45<>"", J45, _xlfn.XLOOKUP($E45,Constants!$A$3:$A$6, Constants!D$3:D$6)) -> 0.039 | BB45: =IF(R45<>"", R45, IF(Q45, Constants!$B$19, 0)) -> 0.45 | BC45: =IF(U45<>"", U45, IF(T45, Constants!$B$19, 0)) -> 0.3 | BD45: =IF(X45<>"", X45, IF(W45, Constants!$B$19, 0)) -> 0.33 | BE45: =IF(S45<>"", S45, IF(Q45, Constants!$B$20, 0)) -> 0.25 | BF45: =IF(V45<>"", V45, IF(T45, Constants!$B$20, 0)) -> 0.27 | BG45: =IF(Y45<>"", Y45, IF(W45, Constants!$B$20, 0)) -> 0.26 | BH45: =K45*(1-BB45) -> 0.11 | BI45: =L45+(K45*BB45)+(N45*BC45)+(P45*BD45) -> 0.283 | BJ45: =M45 -> 0.2 | BK45: =N45*(1-BC45) -> 0.14 | BL45: =O45 -> 0.2 | BM45: =P45*(1-BD45) -> 0.067 | BN45: =Constants!$B$21 -> 0.45 | BO45: =Constants!$B$22 -> 0.6784 | BP45: =_xlfn.XLOOKUP($B45,Constants!$G$20:$G$38, Constants!H$20:H$38) -> 0.73 | BQ45: =_xlfn.XLOOKUP($B45,Constants!$G$20:$G$38, Constants!I$20:I$38) -> 0.02 | BR45: =_xlfn.XLOOKUP($A45,Constants!$F$9:$M$9,Constants!$F$12:$M$12) -> 0.03 | BS45: =_xlfn.XLOOKUP($B45,Constants!$G$20:$G$38, Constants!J$20:J$38) -> 0.1 | BT45: =_xlfn.XLOOKUP($B45,Constants!$G$20:$G$38, Constants!K$20:K$38) -> 0.04 | BU45: =_xlfn.XLOOKUP($B45,Constants!$G$20:$G$38, Constants!L$20:L$38) -> 0.03 | BV45: =_xlfn.XLOOKUP($B45,Constants!$G$20:$G$38, Constants!P$20:P$38) -> 0 | BW45: =$AZ45*BH45*BP45*$BN45*$BO45 -> 0.012011852 | BX45: =$AZ45*BI45*BQ45*$BN45*$BO45 -> 0.00084666355 | BY45: =$AZ45*BJ45*BR45*$BN45*$BO45 -> 0.0008975232 | BZ45: =$AZ45*BK45*BS45*$BN45*$BO45 -> 0.0020942208 | CA45: =$AZ45*BL45*BT45*$BN45*$BO45 -> 0.0011966976 | CB45: =$AZ45*BM45*BU45*$BN45*$BO45 -> 0.00030067027 | CC45: =(SUM(BW45:CB45)*F45*G45)/1000 -> 0.22135573 | CD45: =Constants!$E$10 -> 0 | CE45: =Constants!$E$11 -> 0 | CF45: =Constants!$E$13 -> 0.75 | CG45: =Constants!$E$14 -> 0.05 | CH45: =Constants!$E$15 -> 0 | CI45: =(BH45*(1-CD45)) -> 0.11 | CJ45: =(BI45*(1-CE45)) -> 0.283 | CK45: =(BK45*(1-CF45)) -> 0.035 | CL45: =(BL45*(1-CG45)) -> 0.19 | CM45: =(BM45*(1-CH45)) -> 0.067 | CN45: =SUM(CI45:CM45)*I45 -> 0.33565 | CO45: =$CI45*Z45+$CJ45*AE45+$CK45*AJ45+$CL45*AO45+$CM45*AT45 -> 0.13425 | CP45: =$CI45*AA45+$CJ45*AF45+$CK45*AK45+$CL45*AP45+$CM45*AU45 -> 0.091 | CQ45: =$CI45*AB45+$CJ45*AG45+$CK45*AL45+$CL45*AQ45+$CM45*AV45 -> 0.153 | CR45: =$CI45*AC45+$CJ45*AH45+$CK45*AM45+$CL45*AR45+$CM45*AW45 -> 0.145 | CS45: =$CI45*AD45+$CJ45*AI45+$CK45*AN45+$CL45*AS45+$CM45*AX45 -> 0.16175 | CT45: =CO45*$BN45*BP45*$BO45*$AZ45 -> 0.01465992 | CU45: =CP45*$BN45*BQ45*$BO45*$AZ45 -> 0.0002722487 | CV45: =CQ45*$BN45*BS45*$BO45*$AZ45 -> 0.0022886842 | CW45: =CR45*$BN45*BU45*$BO45*$AZ45 -> 0.00065070432 | CX45: =CS45*$BN45*BV45*$BO45*$AZ45 -> 0 | CY45: =(SUM(CT45:CX45)*F45*G45)/1000 -> 0.22804106 | CZ45: =CC45+CY45 -> 0.44939679 | DB45: =F45*G45*BA45 -> 497.64 | DC45: =K45*(1-BE45) -> 0.15 | DD45: =L45+(K45*BE45)+(N45*BF45)+(P45*BG45) -> 0.23 | DE45: =M45 -> 0.2 | DF45: =N45*(1-BF45) -> 0.146 | DG45: =O45 -> 0.2 | DH45: =P45*(1-BG45) -> 0.074 | DI45: =$DB45*DC45 -> 74.646 | DJ45: =$DB45*DD45 -> 114.4572 | DK45: =$DB45*DE45 -> 99.528 | DL45: =$DB45*DF45 -> 72.65544 | DM45: =$DB45*DG45 -> 99.528 | DN45: =$DB45*DH45 -> 36.82536 | DO45: =Constants!$C$10 -> 0.55 | DP45: =Constants!$C$11 -> 0.2 | DQ45: =Constants!$C$12 -> 0.3 | DR45: =Constants!$C$13 -> 0 | DS45: =Constants!$C$14 -> 0.125 | DT45: =Constants!$C$15 -> 0.25 | DU45: =Constants!$D$10 -> 0 | DV45: =Constants!$D$11 -> 0.005 | DW45: =Constants!$D$12 -> 0.02 | DX45: =Constants!$D$13 -> 0 | DY45: =Constants!$D$14 -> 0.01 | DZ45: =Constants!$D$15 -> 0.002 | EA45: =Constants!$B$23 -> 1.57 | EB45: =DI45*DU45*$EA45 -> 0 | EC45: =DJ45*DV45*$EA45 -> 0.89848902 | ED45: =DK45*DW45*$EA45 -> 3.1251792 | EE45: =DL45*DX45*$EA45 -> 0 | EF45: =DM45*DY45*$EA45 -> 1.5625896 | EG45: =DN45*DZ45*$EA45 -> 0.11563163 | EH45: =DI45*(1-DO45-DU45) -> 33.5907 | EI45: =DJ45*(1-DP45-DV45) -> 90.993474 | EJ45: =DL45*(1-DR45-DX45) -> 72.65544 | EK45: =DM45*(1-DS45-DY45) -> 86.09172 | EL45: =DN45*(1-DT45-DZ45) -> 27.545369 | EM45: =$EH45*Z45+$EI45*AE45+$EJ45*AJ45+$EK45*AO45+$EL45*AT45 -> 65.016915 | EN45: =$EH45*AA45+$EI45*AF45+$EJ45*AK45+$EK45*AP45+$EL45*AU45 -> 50.666221 | EO45: =$EH45*AB45+$EI45*AG45+$EJ45*AL45+$EK45*AQ45+$EL45*AV45 -> 55.25073 | EP45: =$EH45*AC45+$EI45*AH45+$EJ45*AM45+$EK45*AR45+$EL45*AW45 -> 66.528248 | EQ45: =$EH45*AD45+$EI45*AI45+$EJ45*AN45+$EK45*AS45+$EL45*AX45 -> 73.41459 | ER45: =EM45*DU45*$EA45 -> 0 | ES45: =EN45*DV45*$EA45 -> 0.39772984 | ET45: =EO45*DX45*$EA45 -> 0 | EU45: =EP45*DZ45*$EA45 -> 0.2088987 | EV45: =EQ45*0*$EA45 -> 0 | EW45: =SUM(EB45:EG45,ER45:EV45)/1000 -> 0.006308518 | EY45: =DI45*DO45 -> 41.0553 | EZ45: =DJ45*DP45 -> 22.89144 | FA45: =DK45*DQ45 -> 29.8584 | FB45: =DL45*DR45 -> 0 | FC45: =DM45*DS45 -> 12.441 | FD45: =DN45*DT45 -> 9.20634 | FE45: =EM45*DO45 -> 35.759303 | FF45: =EN45*DP45 -> 10.133244 | FG45: =EO45*DR45 -> 0 | FH45: =EP45*DT45 -> 16.632062 | FI45: =EQ45*0 -> 0 | FJ45: =SUM(EY45:FI45) -> 177.97709 | FK45: =_xlfn.XLOOKUP(C45, Constants!$D$19:$D$23, Constants!$E$19:$E$23) -> 0.0059 | FL45: =(EA45*FJ45*FK45)/1000 -> 0.0016486018 | FN45: =Constants!$B$24 -> 0.011 | FO45: =IF(D45, 1, 0) -> 1 | FP45: =Constants!$B$25 -> 0.02 | FQ45: =DK45*FO45*FP45 -> 1.99056 | FR45: =FQ45*FN45*EA45 -> 0.034376971
A46: VIC | B46: 15 | C46: Non-irrigated pasture | D46: TRUE | E46: boars | F46: 1000 | G46: 100 | I46: 0.465 | J46: 0.045 | K46: 0.3 | N46: 0.3 | P46: 0.4 | Q46: FALSE | R46: 0 | S46: 0 | T46: FALSE | U46: 0 | V46: 0 | W46: FALSE | X46: 0 | Y46: 0 | AB46: 1 | AJ46: 0.8 | AM46: 0.2 | AU46: 0.5 | AX46: 0.5 | AY46: =IF(H46<>"", H46, _xlfn.XLOOKUP($E46,Constants!$A$3:$A$6, Constants!B$3:B$6)) -> 2.3 | AZ46: =IF(I46<>"", I46, _xlfn.XLOOKUP($E46,Constants!$A$3:$A$6, Constants!C$3:C$6)) -> 0.465 | BA46: =IF(J46<>"", J46, _xlfn.XLOOKUP($E46,Constants!$A$3:$A$6, Constants!D$3:D$6)) -> 0.045 | BB46: =IF(R46<>"", R46, IF(Q46, Constants!$B$19, 0)) -> 0 | BC46: =IF(U46<>"", U46, IF(T46, Constants!$B$19, 0)) -> 0 | BD46: =IF(X46<>"", X46, IF(W46, Constants!$B$19, 0)) -> 0 | BE46: =IF(S46<>"", S46, IF(Q46, Constants!$B$20, 0)) -> 0 | BF46: =IF(V46<>"", V46, IF(T46, Constants!$B$20, 0)) -> 0 | BG46: =IF(Y46<>"", Y46, IF(W46, Constants!$B$20, 0)) -> 0 | BH46: =K46*(1-BB46) -> 0.3 | BI46: =L46+(K46*BB46)+(N46*BC46)+(P46*BD46) -> 0 | BJ46: =M46 -> 0 | BK46: =N46*(1-BC46) -> 0.3 | BL46: =O46 -> 0 | BM46: =P46*(1-BD46) -> 0.4 | BN46: =Constants!$B$21 -> 0.45 | BO46: =Constants!$B$22 -> 0.6784 | BP46: =_xlfn.XLOOKUP($B46,Constants!$G$20:$G$38, Constants!H$20:H$38) -> 0.74 | BQ46: =_xlfn.XLOOKUP($B46,Constants!$G$20:$G$38, Constants!I$20:I$38) -> 0.02 | BR46: =_xlfn.XLOOKUP($A46,Constants!$F$9:$M$9,Constants!$F$12:$M$12) -> 0.01 | BS46: =_xlfn.XLOOKUP($B46,Constants!$G$20:$G$38, Constants!J$20:J$38) -> 0.1 | BT46: =_xlfn.XLOOKUP($B46,Constants!$G$20:$G$38, Constants!K$20:K$38) -> 0.04 | BU46: =_xlfn.XLOOKUP($B46,Constants!$G$20:$G$38, Constants!L$20:L$38) -> 0.03 | BV46: =_xlfn.XLOOKUP($B46,Constants!$G$20:$G$38, Constants!P$20:P$38) -> 0 | BW46: =$AZ46*BH46*BP46*$BN46*$BO46 -> 0.031514054 | BX46: =$AZ46*BI46*BQ46*$BN46*$BO46 -> 0 | BY46: =$AZ46*BJ46*BR46*$BN46*$BO46 -> 0 | BZ46: =$AZ46*BK46*BS46*$BN46*$BO46 -> 0.004258656 | CA46: =$AZ46*BL46*BT46*$BN46*$BO46 -> 0 | CB46: =$AZ46*BM46*BU46*$BN46*$BO46 -> 0.0017034624 | CC46: =(SUM(BW46:CB46)*F46*G46)/1000 -> 3.7476173 | CD46: =Constants!$E$10 -> 0 | CE46: =Constants!$E$11 -> 0 | CF46: =Constants!$E$13 -> 0.75 | CG46: =Constants!$E$14 -> 0.05 | CH46: =Constants!$E$15 -> 0 | CI46: =(BH46*(1-CD46)) -> 0.3 | CJ46: =(BI46*(1-CE46)) -> 0 | CK46: =(BK46*(1-CF46)) -> 0.075 | CL46: =(BL46*(1-CG46)) -> 0 | CM46: =(BM46*(1-CH46)) -> 0.4 | CN46: =SUM(CI46:CM46)*I46 -> 0.360375 | CO46: =$CI46*Z46+$CJ46*AE46+$CK46*AJ46+$CL46*AO46+$CM46*AT46 -> 0.06 | CP46: =$CI46*AA46+$CJ46*AF46+$CK46*AK46+$CL46*AP46+$CM46*AU46 -> 0.2 | CQ46: =$CI46*AB46+$CJ46*AG46+$CK46*AL46+$CL46*AQ46+$CM46*AV46 -> 0.3 | CR46: =$CI46*AC46+$CJ46*AH46+$CK46*AM46+$CL46*AR46+$CM46*AW46 -> 0.015 | CS46: =$CI46*AD46+$CJ46*AI46+$CK46*AN46+$CL46*AS46+$CM46*AX46 -> 0.2 | CT46: =CO46*$BN46*BP46*$BO46*$AZ46 -> 0.0063028109 | CU46: =CP46*$BN46*BQ46*$BO46*$AZ46 -> 0.0005678208 | CV46: =CQ46*$BN46*BS46*$BO46*$AZ46 -> 0.004258656 | CW46: =CR46*$BN46*BU46*$BO46*$AZ46 -> 6.387984e-05 | CX46: =CS46*$BN46*BV46*$BO46*$AZ46 -> 0 | CY46: =(SUM(CT46:CX46)*F46*G46)/1000 -> 1.1193168 | CZ46: =CC46+CY46 -> 4.866934 | DA46: =SUM(CZ46:CZ49) -> 6.4459558 | DB46: =F46*G46*BA46 -> 4500 | DC46: =K46*(1-BE46) -> 0.3 | DD46: =L46+(K46*BE46)+(N46*BF46)+(P46*BG46) -> 0 | DE46: =M46 -> 0 | DF46: =N46*(1-BF46) -> 0.3 | DG46: =O46 -> 0 | DH46: =P46*(1-BG46) -> 0.4 | DI46: =$DB46*DC46 -> 1350 | DJ46: =$DB46*DD46 -> 0 | DK46: =$DB46*DE46 -> 0 | DL46: =$DB46*DF46 -> 1350 | DM46: =$DB46*DG46 -> 0 | DN46: =$DB46*DH46 -> 1800 | DO46: =Constants!$C$10 -> 0.55 | DP46: =Constants!$C$11 -> 0.2 | DQ46: =Constants!$C$12 -> 0.3 | DR46: =Constants!$C$13 -> 0 | DS46: =Constants!$C$14 -> 0.125 | DT46: =Constants!$C$15 -> 0.25 | DU46: =Constants!$D$10 -> 0 | DV46: =Constants!$D$11 -> 0.005 | DW46: =Constants!$D$12 -> 0.02 | DX46: =Constants!$D$13 -> 0 | DY46: =Constants!$D$14 -> 0.01 | DZ46: =Constants!$D$15 -> 0.002 | EA46: =Constants!$B$23 -> 1.57 | EB46: =DI46*DU46*$EA46 -> 0 | EC46: =DJ46*DV46*$EA46 -> 0 | ED46: =DK46*DW46*$EA46 -> 0 | EE46: =DL46*DX46*$EA46 -> 0 | EF46: =DM46*DY46*$EA46 -> 0 | EG46: =DN46*DZ46*$EA46 -> 5.652 | EH46: =DI46*(1-DO46-DU46) -> 607.5 | EI46: =DJ46*(1-DP46-DV46) -> 0 | EJ46: =DL46*(1-DR46-DX46) -> 1350 | EK46: =DM46*(1-DS46-DY46) -> 0 | EL46: =DN46*(1-DT46-DZ46) -> 1346.4 | EM46: =$EH46*Z46+$EI46*AE46+$EJ46*AJ46+$EK46*AO46+$EL46*AT46 -> 1080 | EN46: =$EH46*AA46+$EI46*AF46+$EJ46*AK46+$EK46*AP46+$EL46*AU46 -> 673.2 | EO46: =$EH46*AB46+$EI46*AG46+$EJ46*AL46+$EK46*AQ46+$EL46*AV46 -> 607.5 | EP46: =$EH46*AC46+$EI46*AH46+$EJ46*AM46+$EK46*AR46+$EL46*AW46 -> 270 | EQ46: =$EH46*AD46+$EI46*AI46+$EJ46*AN46+$EK46*AS46+$EL46*AX46 -> 673.2 | ER46: =EM46*DU46*$EA46 -> 0 | ES46: =EN46*DV46*$EA46 -> 5.28462 | ET46: =EO46*DX46*$EA46 -> 0 | EU46: =EP46*DZ46*$EA46 -> 0.8478 | EV46: =EQ46*0*$EA46 -> 0 | EW46: =SUM(EB46:EG46,ER46:EV46)/1000 -> 0.01178442 | EX46: =SUM(EW46:EW49) -> 0.081363754 | EY46: =DI46*DO46 -> 742.5 | EZ46: =DJ46*DP46 -> 0 | FA46: =DK46*DQ46 -> 0 | FB46: =DL46*DR46 -> 0 | FC46: =DM46*DS46 -> 0 | FD46: =DN46*DT46 -> 450 | FE46: =EM46*DO46 -> 594 | FF46: =EN46*DP46 -> 134.64 | FG46: =EO46*DR46 -> 0 | FH46: =EP46*DT46 -> 67.5 | FI46: =EQ46*0 -> 0 | FJ46: =SUM(EY46:FI46) -> 1988.64 | FK46: =_xlfn.XLOOKUP(C46, Constants!$D$19:$D$23, Constants!$E$19:$E$23) -> 0.0018 | FL46: =(EA46*FJ46*FK46)/1000 -> 0.0056198966 | FM46: =SUM(FL46:FL49) -> 0.0087125418 | FN46: =Constants!$B$24 -> 0.011 | FO46: =IF(D46, 1, 0) -> 1 | FP46: =Constants!$B$25 -> 0.02 | FQ46: =DK46*FO46*FP46 -> 0 | FR46: =FQ46*FN46*EA46 -> 0 | FS46: =SUM(FR46:FR49)/1000 -> 0.00043285528
A47: VIC | B47: 15 | C47: Non-irrigated pasture | D47: TRUE | E47: sows | F47: 233 | G47: 100 | I47: 0.451 | J47: 0.0335 | K47: 0.3 | N47: 0.3 | P47: 0.4 | Q47: FALSE | R47: 0 | S47: 0 | T47: FALSE | U47: 0 | V47: 0 | W47: FALSE | X47: 0 | Y47: 0 | AB47: 1 | AJ47: 0.8 | AM47: 0.2 | AU47: 0.5 | AX47: 0.5 | AY47: =IF(H47<>"", H47, _xlfn.XLOOKUP($E47,Constants!$A$3:$A$6, Constants!B$3:B$6)) -> 2.62 | AZ47: =IF(I47<>"", I47, _xlfn.XLOOKUP($E47,Constants!$A$3:$A$6, Constants!C$3:C$6)) -> 0.451 | BA47: =IF(J47<>"", J47, _xlfn.XLOOKUP($E47,Constants!$A$3:$A$6, Constants!D$3:D$6)) -> 0.0335 | BB47: =IF(R47<>"", R47, IF(Q47, Constants!$B$19, 0)) -> 0 | BC47: =IF(U47<>"", U47, IF(T47, Constants!$B$19, 0)) -> 0 | BD47: =IF(X47<>"", X47, IF(W47, Constants!$B$19, 0)) -> 0 | BE47: =IF(S47<>"", S47, IF(Q47, Constants!$B$20, 0)) -> 0 | BF47: =IF(V47<>"", V47, IF(T47, Constants!$B$20, 0)) -> 0 | BG47: =IF(Y47<>"", Y47, IF(W47, Constants!$B$20, 0)) -> 0 | BH47: =K47*(1-BB47) -> 0.3 | BI47: =L47+(K47*BB47)+(N47*BC47)+(P47*BD47) -> 0 | BJ47: =M47 -> 0 | BK47: =N47*(1-BC47) -> 0.3 | BL47: =O47 -> 0 | BM47: =P47*(1-BD47) -> 0.4 | BN47: =Constants!$B$21 -> 0.45 | BO47: =Constants!$B$22 -> 0.6784 | BP47: =_xlfn.XLOOKUP($B47,Constants!$G$20:$G$38, Constants!H$20:H$38) -> 0.74 | BQ47: =_xlfn.XLOOKUP($B47,Constants!$G$20:$G$38, Constants!I$20:I$38) -> 0.02 | BR47: =_xlfn.XLOOKUP($A47,Constants!$F$9:$M$9,Constants!$F$12:$M$12) -> 0.01 | BS47: =_xlfn.XLOOKUP($B47,Constants!$G$20:$G$38, Constants!J$20:J$38) -> 0.1 | BT47: =_xlfn.XLOOKUP($B47,Constants!$G$20:$G$38, Constants!K$20:K$38) -> 0.04 | BU47: =_xlfn.XLOOKUP($B47,Constants!$G$20:$G$38, Constants!L$20:L$38) -> 0.03 | BV47: =_xlfn.XLOOKUP($B47,Constants!$G$20:$G$38, Constants!P$20:P$38) -> 0 | BW47: =$AZ47*BH47*BP47*$BN47*$BO47 -> 0.030565244 | BX47: =$AZ47*BI47*BQ47*$BN47*$BO47 -> 0 | BY47: =$AZ47*BJ47*BR47*$BN47*$BO47 -> 0 | BZ47: =$AZ47*BK47*BS47*$BN47*$BO47 -> 0.0041304384 | CA47: =$AZ47*BL47*BT47*$BN47*$BO47 -> 0 | CB47: =$AZ47*BM47*BU47*$BN47*$BO47 -> 0.0016521754 | CC47: =(SUM(BW47:CB47)*F47*G47)/1000 -> 0.84690509 | CD47: =Constants!$E$10 -> 0 | CE47: =Constants!$E$11 -> 0 | CF47: =Constants!$E$13 -> 0.75 | CG47: =Constants!$E$14 -> 0.05 | CH47: =Constants!$E$15 -> 0 | CI47: =(BH47*(1-CD47)) -> 0.3 | CJ47: =(BI47*(1-CE47)) -> 0 | CK47: =(BK47*(1-CF47)) -> 0.075 | CL47: =(BL47*(1-CG47)) -> 0 | CM47: =(BM47*(1-CH47)) -> 0.4 | CN47: =SUM(CI47:CM47)*I47 -> 0.349525 | CO47: =$CI47*Z47+$CJ47*AE47+$CK47*AJ47+$CL47*AO47+$CM47*AT47 -> 0.06 | CP47: =$CI47*AA47+$CJ47*AF47+$CK47*AK47+$CL47*AP47+$CM47*AU47 -> 0.2 | CQ47: =$CI47*AB47+$CJ47*AG47+$CK47*AL47+$CL47*AQ47+$CM47*AV47 -> 0.3 | CR47: =$CI47*AC47+$CJ47*AH47+$CK47*AM47+$CL47*AR47+$CM47*AW47 -> 0.015 | CS47: =$CI47*AD47+$CJ47*AI47+$CK47*AN47+$CL47*AS47+$CM47*AX47 -> 0.2 | CT47: =CO47*$BN47*BP47*$BO47*$AZ47 -> 0.0061130488 | CU47: =CP47*$BN47*BQ47*$BO47*$AZ47 -> 0.00055072512 | CV47: =CQ47*$BN47*BS47*$BO47*$AZ47 -> 0.0041304384 | CW47: =CR47*$BN47*BU47*$BO47*$AZ47 -> 6.1956576e-05 | CX47: =CS47*$BN47*BV47*$BO47*$AZ47 -> 0 | CY47: =(SUM(CT47:CX47)*F47*G47)/1000 -> 0.25294874 | CZ47: =CC47+CY47 -> 1.0998538 | DB47: =F47*G47*BA47 -> 780.55 | DC47: =K47*(1-BE47) -> 0.3 | DD47: =L47+(K47*BE47)+(N47*BF47)+(P47*BG47) -> 0 | DE47: =M47 -> 0 | DF47: =N47*(1-BF47) -> 0.3 | DG47: =O47 -> 0 | DH47: =P47*(1-BG47) -> 0.4 | DI47: =$DB47*DC47 -> 234.165 | DJ47: =$DB47*DD47 -> 0 | DK47: =$DB47*DE47 -> 0 | DL47: =$DB47*DF47 -> 234.165 | DM47: =$DB47*DG47 -> 0 | DN47: =$DB47*DH47 -> 312.22 | DO47: =Constants!$C$10 -> 0.55 | DP47: =Constants!$C$11 -> 0.2 | DQ47: =Constants!$C$12 -> 0.3 | DR47: =Constants!$C$13 -> 0 | DS47: =Constants!$C$14 -> 0.125 | DT47: =Constants!$C$15 -> 0.25 | DU47: =Constants!$D$10 -> 0 | DV47: =Constants!$D$11 -> 0.005 | DW47: =Constants!$D$12 -> 0.02 | DX47: =Constants!$D$13 -> 0 | DY47: =Constants!$D$14 -> 0.01 | DZ47: =Constants!$D$15 -> 0.002 | EA47: =Constants!$B$23 -> 1.57 | EB47: =DI47*DU47*$EA47 -> 0 | EC47: =DJ47*DV47*$EA47 -> 0 | ED47: =DK47*DW47*$EA47 -> 0 | EE47: =DL47*DX47*$EA47 -> 0 | EF47: =DM47*DY47*$EA47 -> 0 | EG47: =DN47*DZ47*$EA47 -> 0.9803708 | EH47: =DI47*(1-DO47-DU47) -> 105.37425 | EI47: =DJ47*(1-DP47-DV47) -> 0 | EJ47: =DL47*(1-DR47-DX47) -> 234.165 | EK47: =DM47*(1-DS47-DY47) -> 0 | EL47: =DN47*(1-DT47-DZ47) -> 233.54056 | EM47: =$EH47*Z47+$EI47*AE47+$EJ47*AJ47+$EK47*AO47+$EL47*AT47 -> 187.332 | EN47: =$EH47*AA47+$EI47*AF47+$EJ47*AK47+$EK47*AP47+$EL47*AU47 -> 116.77028 | EO47: =$EH47*AB47+$EI47*AG47+$EJ47*AL47+$EK47*AQ47+$EL47*AV47 -> 105.37425 | EP47: =$EH47*AC47+$EI47*AH47+$EJ47*AM47+$EK47*AR47+$EL47*AW47 -> 46.833 | EQ47: =$EH47*AD47+$EI47*AI47+$EJ47*AN47+$EK47*AS47+$EL47*AX47 -> 116.77028 | ER47: =EM47*DU47*$EA47 -> 0 | ES47: =EN47*DV47*$EA47 -> 0.9166467 | ET47: =EO47*DX47*$EA47 -> 0 | EU47: =EP47*DZ47*$EA47 -> 0.14705562 | EV47: =EQ47*0*$EA47 -> 0 | EW47: =SUM(EB47:EG47,ER47:EV47)/1000 -> 0.0020440731 | EY47: =DI47*DO47 -> 128.79075 | EZ47: =DJ47*DP47 -> 0 | FA47: =DK47*DQ47 -> 0 | FB47: =DL47*DR47 -> 0 | FC47: =DM47*DS47 -> 0 | FD47: =DN47*DT47 -> 78.055 | FE47: =EM47*DO47 -> 103.0326 | FF47: =EN47*DP47 -> 23.354056 | FG47: =EO47*DR47 -> 0 | FH47: =EP47*DT47 -> 11.70825 | FI47: =EQ47*0 -> 0 | FJ47: =SUM(EY47:FI47) -> 344.94066 | FK47: =_xlfn.XLOOKUP(C47, Constants!$D$19:$D$23, Constants!$E$19:$E$23) -> 0.0018 | FL47: =(EA47*FJ47*FK47)/1000 -> 0.00097480229 | FN47: =Constants!$B$24 -> 0.011 | FO47: =IF(D47, 1, 0) -> 1 | FP47: =Constants!$B$25 -> 0.02 | FQ47: =DK47*FO47*FP47 -> 0 | FR47: =FQ47*FN47*EA47 -> 0
A48: VIC | B48: 15 | C48: Non-irrigated pasture | D48: TRUE | E48: gilts | F48: 923 | G48: 100 | I48: 0.437 | J48: 0.022 | M48: 0.5 | O48: 0.5 | Q48: FALSE | R48: 0 | S48: 0 | T48: FALSE | U48: 0 | V48: 0 | W48: FALSE | X48: 0 | Y48: 0 | AP48: 1 | AY48: =IF(H48<>"", H48, _xlfn.XLOOKUP($E48,Constants!$A$3:$A$6, Constants!B$3:B$6)) -> 2.5 | AZ48: =IF(I48<>"", I48, _xlfn.XLOOKUP($E48,Constants!$A$3:$A$6, Constants!C$3:C$6)) -> 0.437 | BA48: =IF(J48<>"", J48, _xlfn.XLOOKUP($E48,Constants!$A$3:$A$6, Constants!D$3:D$6)) -> 0.022 | BB48: =IF(R48<>"", R48, IF(Q48, Constants!$B$19, 0)) -> 0 | BC48: =IF(U48<>"", U48, IF(T48, Constants!$B$19, 0)) -> 0 | BD48: =IF(X48<>"", X48, IF(W48, Constants!$B$19, 0)) -> 0 | BE48: =IF(S48<>"", S48, IF(Q48, Constants!$B$20, 0)) -> 0 | BF48: =IF(V48<>"", V48, IF(T48, Constants!$B$20, 0)) -> 0 | BG48: =IF(Y48<>"", Y48, IF(W48, Constants!$B$20, 0)) -> 0 | BH48: =K48*(1-BB48) -> 0 | BI48: =L48+(K48*BB48)+(N48*BC48)+(P48*BD48) -> 0 | BJ48: =M48 -> 0.5 | BK48: =N48*(1-BC48) -> 0 | BL48: =O48 -> 0.5 | BM48: =P48*(1-BD48) -> 0 | BN48: =Constants!$B$21 -> 0.45 | BO48: =Constants!$B$22 -> 0.6784 | BP48: =_xlfn.XLOOKUP($B48,Constants!$G$20:$G$38, Constants!H$20:H$38) -> 0.74 | BQ48: =_xlfn.XLOOKUP($B48,Constants!$G$20:$G$38, Constants!I$20:I$38) -> 0.02 | BR48: =_xlfn.XLOOKUP($A48,Constants!$F$9:$M$9,Constants!$F$12:$M$12) -> 0.01 | BS48: =_xlfn.XLOOKUP($B48,Constants!$G$20:$G$38, Constants!J$20:J$38) -> 0.1 | BT48: =_xlfn.XLOOKUP($B48,Constants!$G$20:$G$38, Constants!K$20:K$38) -> 0.04 | BU48: =_xlfn.XLOOKUP($B48,Constants!$G$20:$G$38, Constants!L$20:L$38) -> 0.03 | BV48: =_xlfn.XLOOKUP($B48,Constants!$G$20:$G$38, Constants!P$20:P$38) -> 0 | BW48: =$AZ48*BH48*BP48*$BN48*$BO48 -> 0 | BX48: =$AZ48*BI48*BQ48*$BN48*$BO48 -> 0 | BY48: =$AZ48*BJ48*BR48*$BN48*$BO48 -> 0.0006670368 | BZ48: =$AZ48*BK48*BS48*$BN48*$BO48 -> 0 | CA48: =$AZ48*BL48*BT48*$BN48*$BO48 -> 0.0026681472 | CB48: =$AZ48*BM48*BU48*$BN48*$BO48 -> 0 | CC48: =(SUM(BW48:CB48)*F48*G48)/1000 -> 0.30783748 | CD48: =Constants!$E$10 -> 0 | CE48: =Constants!$E$11 -> 0 | CF48: =Constants!$E$13 -> 0.75 | CG48: =Constants!$E$14 -> 0.05 | CH48: =Constants!$E$15 -> 0 | CI48: =(BH48*(1-CD48)) -> 0 | CJ48: =(BI48*(1-CE48)) -> 0 | CK48: =(BK48*(1-CF48)) -> 0 | CL48: =(BL48*(1-CG48)) -> 0.475 | CM48: =(BM48*(1-CH48)) -> 0 | CN48: =SUM(CI48:CM48)*I48 -> 0.207575 | CO48: =$CI48*Z48+$CJ48*AE48+$CK48*AJ48+$CL48*AO48+$CM48*AT48 -> 0 | CP48: =$CI48*AA48+$CJ48*AF48+$CK48*AK48+$CL48*AP48+$CM48*AU48 -> 0.475 | CQ48: =$CI48*AB48+$CJ48*AG48+$CK48*AL48+$CL48*AQ48+$CM48*AV48 -> 0 | CR48: =$CI48*AC48+$CJ48*AH48+$CK48*AM48+$CL48*AR48+$CM48*AW48 -> 0 | CS48: =$CI48*AD48+$CJ48*AI48+$CK48*AN48+$CL48*AS48+$CM48*AX48 -> 0 | CT48: =CO48*$BN48*BP48*$BO48*$AZ48 -> 0 | CU48: =CP48*$BN48*BQ48*$BO48*$AZ48 -> 0.0012673699 | CV48: =CQ48*$BN48*BS48*$BO48*$AZ48 -> 0 | CW48: =CR48*$BN48*BU48*$BO48*$AZ48 -> 0 | CX48: =CS48*$BN48*BV48*$BO48*$AZ48 -> 0 | CY48: =(SUM(CT48:CX48)*F48*G48)/1000 -> 0.11697824 | CZ48: =CC48+CY48 -> 0.42481573 | DB48: =F48*G48*BA48 -> 2030.6 | DC48: =K48*(1-BE48) -> 0 | DD48: =L48+(K48*BE48)+(N48*BF48)+(P48*BG48) -> 0 | DE48: =M48 -> 0.5 | DF48: =N48*(1-BF48) -> 0 | DG48: =O48 -> 0.5 | DH48: =P48*(1-BG48) -> 0 | DI48: =$DB48*DC48 -> 0 | DJ48: =$DB48*DD48 -> 0 | DK48: =$DB48*DE48 -> 1015.3 | DL48: =$DB48*DF48 -> 0 | DM48: =$DB48*DG48 -> 1015.3 | DN48: =$DB48*DH48 -> 0 | DO48: =Constants!$C$10 -> 0.55 | DP48: =Constants!$C$11 -> 0.2 | DQ48: =Constants!$C$12 -> 0.3 | DR48: =Constants!$C$13 -> 0 | DS48: =Constants!$C$14 -> 0.125 | DT48: =Constants!$C$15 -> 0.25 | DU48: =Constants!$D$10 -> 0 | DV48: =Constants!$D$11 -> 0.005 | DW48: =Constants!$D$12 -> 0.02 | DX48: =Constants!$D$13 -> 0 | DY48: =Constants!$D$14 -> 0.01 | DZ48: =Constants!$D$15 -> 0.002 | EA48: =Constants!$B$23 -> 1.57 | EB48: =DI48*DU48*$EA48 -> 0 | EC48: =DJ48*DV48*$EA48 -> 0 | ED48: =DK48*DW48*$EA48 -> 31.88042 | EE48: =DL48*DX48*$EA48 -> 0 | EF48: =DM48*DY48*$EA48 -> 15.94021 | EG48: =DN48*DZ48*$EA48 -> 0 | EH48: =DI48*(1-DO48-DU48) -> 0 | EI48: =DJ48*(1-DP48-DV48) -> 0 | EJ48: =DL48*(1-DR48-DX48) -> 0 | EK48: =DM48*(1-DS48-DY48) -> 878.2345 | EL48: =DN48*(1-DT48-DZ48) -> 0 | EM48: =$EH48*Z48+$EI48*AE48+$EJ48*AJ48+$EK48*AO48+$EL48*AT48 -> 0 | EN48: =$EH48*AA48+$EI48*AF48+$EJ48*AK48+$EK48*AP48+$EL48*AU48 -> 878.2345 | EO48: =$EH48*AB48+$EI48*AG48+$EJ48*AL48+$EK48*AQ48+$EL48*AV48 -> 0 | EP48: =$EH48*AC48+$EI48*AH48+$EJ48*AM48+$EK48*AR48+$EL48*AW48 -> 0 | EQ48: =$EH48*AD48+$EI48*AI48+$EJ48*AN48+$EK48*AS48+$EL48*AX48 -> 0 | ER48: =EM48*DU48*$EA48 -> 0 | ES48: =EN48*DV48*$EA48 -> 6.8941408 | ET48: =EO48*DX48*$EA48 -> 0 | EU48: =EP48*DZ48*$EA48 -> 0 | EV48: =EQ48*0*$EA48 -> 0 | EW48: =SUM(EB48:EG48,ER48:EV48)/1000 -> 0.054714771 | EY48: =DI48*DO48 -> 0 | EZ48: =DJ48*DP48 -> 0 | FA48: =DK48*DQ48 -> 304.59 | FB48: =DL48*DR48 -> 0 | FC48: =DM48*DS48 -> 126.9125 | FD48: =DN48*DT48 -> 0 | FE48: =EM48*DO48 -> 0 | FF48: =EN48*DP48 -> 175.6469 | FG48: =EO48*DR48 -> 0 | FH48: =EP48*DT48 -> 0 | FI48: =EQ48*0 -> 0 | FJ48: =SUM(EY48:FI48) -> 607.1494 | FK48: =_xlfn.XLOOKUP(C48, Constants!$D$19:$D$23, Constants!$E$19:$E$23) -> 0.0018 | FL48: =(EA48*FJ48*FK48)/1000 -> 0.0017158042 | FN48: =Constants!$B$24 -> 0.011 | FO48: =IF(D48, 1, 0) -> 1 | FP48: =Constants!$B$25 -> 0.02 | FQ48: =DK48*FO48*FP48 -> 20.306 | FR48: =FQ48*FN48*EA48 -> 0.35068462
A49: VIC | B49: 15 | C49: Non-irrigated pasture | D49: TRUE | E49: others | F49: 122 | G49: 100 | I49: 0.423 | J49: =0.039 -> 0.039 | M49: 0.5 | O49: 0.5 | Q49: FALSE | R49: 0 | S49: 0 | T49: FALSE | U49: 0 | V49: 0 | W49: FALSE | X49: 0 | Y49: 0 | AP49: 1 | AY49: =IF(H49<>"", H49, _xlfn.XLOOKUP($E49,Constants!$A$3:$A$6, Constants!B$3:B$6)) -> 1.71 | AZ49: =IF(I49<>"", I49, _xlfn.XLOOKUP($E49,Constants!$A$3:$A$6, Constants!C$3:C$6)) -> 0.423 | BA49: =IF(J49<>"", J49, _xlfn.XLOOKUP($E49,Constants!$A$3:$A$6, Constants!D$3:D$6)) -> 0.039 | BB49: =IF(R49<>"", R49, IF(Q49, Constants!$B$19, 0)) -> 0 | BC49: =IF(U49<>"", U49, IF(T49, Constants!$B$19, 0)) -> 0 | BD49: =IF(X49<>"", X49, IF(W49, Constants!$B$19, 0)) -> 0 | BE49: =IF(S49<>"", S49, IF(Q49, Constants!$B$20, 0)) -> 0 | BF49: =IF(V49<>"", V49, IF(T49, Constants!$B$20, 0)) -> 0 | BG49: =IF(Y49<>"", Y49, IF(W49, Constants!$B$20, 0)) -> 0 | BH49: =K49*(1-BB49) -> 0 | BI49: =L49+(K49*BB49)+(N49*BC49)+(P49*BD49) -> 0 | BJ49: =M49 -> 0.5 | BK49: =N49*(1-BC49) -> 0 | BL49: =O49 -> 0.5 | BM49: =P49*(1-BD49) -> 0 | BN49: =Constants!$B$21 -> 0.45 | BO49: =Constants!$B$22 -> 0.6784 | BP49: =_xlfn.XLOOKUP($B49,Constants!$G$20:$G$38, Constants!H$20:H$38) -> 0.74 | BQ49: =_xlfn.XLOOKUP($B49,Constants!$G$20:$G$38, Constants!I$20:I$38) -> 0.02 | BR49: =_xlfn.XLOOKUP($A49,Constants!$F$9:$M$9,Constants!$F$12:$M$12) -> 0.01 | BS49: =_xlfn.XLOOKUP($B49,Constants!$G$20:$G$38, Constants!J$20:J$38) -> 0.1 | BT49: =_xlfn.XLOOKUP($B49,Constants!$G$20:$G$38, Constants!K$20:K$38) -> 0.04 | BU49: =_xlfn.XLOOKUP($B49,Constants!$G$20:$G$38, Constants!L$20:L$38) -> 0.03 | BV49: =_xlfn.XLOOKUP($B49,Constants!$G$20:$G$38, Constants!P$20:P$38) -> 0 | BW49: =$AZ49*BH49*BP49*$BN49*$BO49 -> 0 | BX49: =$AZ49*BI49*BQ49*$BN49*$BO49 -> 0 | BY49: =$AZ49*BJ49*BR49*$BN49*$BO49 -> 0.0006456672 | BZ49: =$AZ49*BK49*BS49*$BN49*$BO49 -> 0 | CA49: =$AZ49*BL49*BT49*$BN49*$BO49 -> 0.0025826688 | CB49: =$AZ49*BM49*BU49*$BN49*$BO49 -> 0 | CC49: =(SUM(BW49:CB49)*F49*G49)/1000 -> 0.039385699 | CD49: =Constants!$E$10 -> 0 | CE49: =Constants!$E$11 -> 0 | CF49: =Constants!$E$13 -> 0.75 | CG49: =Constants!$E$14 -> 0.05 | CH49: =Constants!$E$15 -> 0 | CI49: =(BH49*(1-CD49)) -> 0 | CJ49: =(BI49*(1-CE49)) -> 0 | CK49: =(BK49*(1-CF49)) -> 0 | CL49: =(BL49*(1-CG49)) -> 0.475 | CM49: =(BM49*(1-CH49)) -> 0 | CN49: =SUM(CI49:CM49)*I49 -> 0.200925 | CO49: =$CI49*Z49+$CJ49*AE49+$CK49*AJ49+$CL49*AO49+$CM49*AT49 -> 0 | CP49: =$CI49*AA49+$CJ49*AF49+$CK49*AK49+$CL49*AP49+$CM49*AU49 -> 0.475 | CQ49: =$CI49*AB49+$CJ49*AG49+$CK49*AL49+$CL49*AQ49+$CM49*AV49 -> 0 | CR49: =$CI49*AC49+$CJ49*AH49+$CK49*AM49+$CL49*AR49+$CM49*AW49 -> 0 | CS49: =$CI49*AD49+$CJ49*AI49+$CK49*AN49+$CL49*AS49+$CM49*AX49 -> 0 | CT49: =CO49*$BN49*BP49*$BO49*$AZ49 -> 0 | CU49: =CP49*$BN49*BQ49*$BO49*$AZ49 -> 0.0012267677 | CV49: =CQ49*$BN49*BS49*$BO49*$AZ49 -> 0 | CW49: =CR49*$BN49*BU49*$BO49*$AZ49 -> 0 | CX49: =CS49*$BN49*BV49*$BO49*$AZ49 -> 0 | CY49: =(SUM(CT49:CX49)*F49*G49)/1000 -> 0.014966566 | CZ49: =CC49+CY49 -> 0.054352265 | DB49: =F49*G49*BA49 -> 475.8 | DC49: =K49*(1-BE49) -> 0 | DD49: =L49+(K49*BE49)+(N49*BF49)+(P49*BG49) -> 0 | DE49: =M49 -> 0.5 | DF49: =N49*(1-BF49) -> 0 | DG49: =O49 -> 0.5 | DH49: =P49*(1-BG49) -> 0 | DI49: =$DB49*DC49 -> 0 | DJ49: =$DB49*DD49 -> 0 | DK49: =$DB49*DE49 -> 237.9 | DL49: =$DB49*DF49 -> 0 | DM49: =$DB49*DG49 -> 237.9 | DN49: =$DB49*DH49 -> 0 | DO49: =Constants!$C$10 -> 0.55 | DP49: =Constants!$C$11 -> 0.2 | DQ49: =Constants!$C$12 -> 0.3 | DR49: =Constants!$C$13 -> 0 | DS49: =Constants!$C$14 -> 0.125 | DT49: =Constants!$C$15 -> 0.25 | DU49: =Constants!$D$10 -> 0 | DV49: =Constants!$D$11 -> 0.005 | DW49: =Constants!$D$12 -> 0.02 | DX49: =Constants!$D$13 -> 0 | DY49: =Constants!$D$14 -> 0.01 | DZ49: =Constants!$D$15 -> 0.002 | EA49: =Constants!$B$23 -> 1.57 | EB49: =DI49*DU49*$EA49 -> 0 | EC49: =DJ49*DV49*$EA49 -> 0 | ED49: =DK49*DW49*$EA49 -> 7.47006 | EE49: =DL49*DX49*$EA49 -> 0 | EF49: =DM49*DY49*$EA49 -> 3.73503 | EG49: =DN49*DZ49*$EA49 -> 0 | EH49: =DI49*(1-DO49-DU49) -> 0 | EI49: =DJ49*(1-DP49-DV49) -> 0 | EJ49: =DL49*(1-DR49-DX49) -> 0 | EK49: =DM49*(1-DS49-DY49) -> 205.7835 | EL49: =DN49*(1-DT49-DZ49) -> 0 | EM49: =$EH49*Z49+$EI49*AE49+$EJ49*AJ49+$EK49*AO49+$EL49*AT49 -> 0 | EN49: =$EH49*AA49+$EI49*AF49+$EJ49*AK49+$EK49*AP49+$EL49*AU49 -> 205.7835 | EO49: =$EH49*AB49+$EI49*AG49+$EJ49*AL49+$EK49*AQ49+$EL49*AV49 -> 0 | EP49: =$EH49*AC49+$EI49*AH49+$EJ49*AM49+$EK49*AR49+$EL49*AW49 -> 0 | EQ49: =$EH49*AD49+$EI49*AI49+$EJ49*AN49+$EK49*AS49+$EL49*AX49 -> 0 | ER49: =EM49*DU49*$EA49 -> 0 | ES49: =EN49*DV49*$EA49 -> 1.6154005 | ET49: =EO49*DX49*$EA49 -> 0 | EU49: =EP49*DZ49*$EA49 -> 0 | EV49: =EQ49*0*$EA49 -> 0 | EW49: =SUM(EB49:EG49,ER49:EV49)/1000 -> 0.01282049 | EY49: =DI49*DO49 -> 0 | EZ49: =DJ49*DP49 -> 0 | FA49: =DK49*DQ49 -> 71.37 | FB49: =DL49*DR49 -> 0 | FC49: =DM49*DS49 -> 29.7375 | FD49: =DN49*DT49 -> 0 | FE49: =EM49*DO49 -> 0 | FF49: =EN49*DP49 -> 41.1567 | FG49: =EO49*DR49 -> 0 | FH49: =EP49*DT49 -> 0 | FI49: =EQ49*0 -> 0 | FJ49: =SUM(EY49:FI49) -> 142.2642 | FK49: =_xlfn.XLOOKUP(C49, Constants!$D$19:$D$23, Constants!$E$19:$E$23) -> 0.0018 | FL49: =(EA49*FJ49*FK49)/1000 -> 0.00040203863 | FN49: =Constants!$B$24 -> 0.011 | FO49: =IF(D49, 1, 0) -> 1 | FP49: =Constants!$B$25 -> 0.02 | FQ49: =DK49*FO49*FP49 -> 4.758 | FR49: =FQ49*FN49*EA49 -> 0.08217066
A50: WA | B50: 25 | C50: Non-irrigated crop (low rainfall) | D50: FALSE | E50: boars | F50: 750 | G50: 200 | I50: 0.386 | J50: 0.056 | K50: 0.3 | N50: 0.3 | P50: 0.4 | Q50: FALSE | R50: 0 | S50: 0 | T50: FALSE | U50: 0 | V50: 0 | W50: FALSE | X50: 0 | Y50: 0 | AA50: 0.1 | AB50: 0.2 | AC50: 0.3 | AD50: 0.4 | AE50: 0.1 | AG50: 0.2 | AH50: 0.3 | AI50: 0.4 | AJ50: 0.1 | AK50: 0.2 | AM50: 0.3 | AN50: 0.4 | AO50: 0.2 | AP50: 0.2 | AQ50: 0.2 | AR50: 0.2 | AS50: 0.2 | AT50: 0.2 | AU50: 0.2 | AV50: 0.2 | AX50: 0.2 | AY50: =IF(H50<>"", H50, _xlfn.XLOOKUP($E50,Constants!$A$3:$A$6, Constants!B$3:B$6)) -> 2.3 | AZ50: =IF(I50<>"", I50, _xlfn.XLOOKUP($E50,Constants!$A$3:$A$6, Constants!C$3:C$6)) -> 0.386 | BA50: =IF(J50<>"", J50, _xlfn.XLOOKUP($E50,Constants!$A$3:$A$6, Constants!D$3:D$6)) -> 0.056 | BB50: =IF(R50<>"", R50, IF(Q50, Constants!$B$19, 0)) -> 0 | BC50: =IF(U50<>"", U50, IF(T50, Constants!$B$19, 0)) -> 0 | BD50: =IF(X50<>"", X50, IF(W50, Constants!$B$19, 0)) -> 0 | BE50: =IF(S50<>"", S50, IF(Q50, Constants!$B$20, 0)) -> 0 | BF50: =IF(V50<>"", V50, IF(T50, Constants!$B$20, 0)) -> 0 | BG50: =IF(Y50<>"", Y50, IF(W50, Constants!$B$20, 0)) -> 0 | BH50: =K50*(1-BB50) -> 0.3 | BI50: =L50+(K50*BB50)+(N50*BC50)+(P50*BD50) -> 0 | BJ50: =M50 -> 0 | BK50: =N50*(1-BC50) -> 0.3 | BL50: =O50 -> 0 | BM50: =P50*(1-BD50) -> 0.4 | BN50: =Constants!$B$21 -> 0.45 | BO50: =Constants!$B$22 -> 0.6784 | BP50: =_xlfn.XLOOKUP($B50,Constants!$G$20:$G$38, Constants!H$20:H$38) -> 0.79 | BQ50: =_xlfn.XLOOKUP($B50,Constants!$G$20:$G$38, Constants!I$20:I$38) -> 0.02 | BR50: =_xlfn.XLOOKUP($A50,Constants!$F$9:$M$9,Constants!$F$12:$M$12) -> 0.01 | BS50: =_xlfn.XLOOKUP($B50,Constants!$G$20:$G$38, Constants!J$20:J$38) -> 0.1 | BT50: =_xlfn.XLOOKUP($B50,Constants!$G$20:$G$38, Constants!K$20:K$38) -> 0.04 | BU50: =_xlfn.XLOOKUP($B50,Constants!$G$20:$G$38, Constants!L$20:L$38) -> 0.03 | BV50: =_xlfn.XLOOKUP($B50,Constants!$G$20:$G$38, Constants!P$20:P$38) -> 0 | BW50: =$AZ50*BH50*BP50*$BN50*$BO50 -> 0.027927625 | BX50: =$AZ50*BI50*BQ50*$BN50*$BO50 -> 0 | BY50: =$AZ50*BJ50*BR50*$BN50*$BO50 -> 0 | BZ50: =$AZ50*BK50*BS50*$BN50*$BO50 -> 0.0035351424 | CA50: =$AZ50*BL50*BT50*$BN50*$BO50 -> 0 | CB50: =$AZ50*BM50*BU50*$BN50*$BO50 -> 0.001414057 | CC50: =(SUM(BW50:CB50)*F50*G50)/1000 -> 4.9315236 | CD50: =Constants!$E$10 -> 0 | CE50: =Constants!$E$11 -> 0 | CF50: =Constants!$E$13 -> 0.75 | CG50: =Constants!$E$14 -> 0.05 | CH50: =Constants!$E$15 -> 0 | CI50: =(BH50*(1-CD50)) -> 0.3 | CJ50: =(BI50*(1-CE50)) -> 0 | CK50: =(BK50*(1-CF50)) -> 0.075 | CL50: =(BL50*(1-CG50)) -> 0 | CM50: =(BM50*(1-CH50)) -> 0.4 | CN50: =SUM(CI50:CM50)*I50 -> 0.29915 | CO50: =$CI50*Z50+$CJ50*AE50+$CK50*AJ50+$CL50*AO50+$CM50*AT50 -> 0.0875 | CP50: =$CI50*AA50+$CJ50*AF50+$CK50*AK50+$CL50*AP50+$CM50*AU50 -> 0.125 | CQ50: =$CI50*AB50+$CJ50*AG50+$CK50*AL50+$CL50*AQ50+$CM50*AV50 -> 0.14 | CR50: =$CI50*AC50+$CJ50*AH50+$CK50*AM50+$CL50*AR50+$CM50*AW50 -> 0.1125 | CS50: =$CI50*AD50+$CJ50*AI50+$CK50*AN50+$CL50*AS50+$CM50*AX50 -> 0.23 | CT50: =CO50*$BN50*BP50*$BO50*$AZ50 -> 0.0081455573 | CU50: =CP50*$BN50*BQ50*$BO50*$AZ50 -> 0.0002945952 | CV50: =CQ50*$BN50*BS50*$BO50*$AZ50 -> 0.0016497331 | CW50: =CR50*$BN50*BU50*$BO50*$AZ50 -> 0.00039770352 | CX50: =CS50*$BN50*BV50*$BO50*$AZ50 -> 0 | CY50: =(SUM(CT50:CX50)*F50*G50)/1000 -> 1.5731384 | CZ50: =CC50+CY50 -> 6.504662 | DA50: =SUM(CZ50:CZ53) -> 14.874787 | DB50: =F50*G50*BA50 -> 8400 | DC50: =K50*(1-BE50) -> 0.3 | DD50: =L50+(K50*BE50)+(N50*BF50)+(P50*BG50) -> 0 | DE50: =M50 -> 0 | DF50: =N50*(1-BF50) -> 0.3 | DG50: =O50 -> 0 | DH50: =P50*(1-BG50) -> 0.4 | DI50: =$DB50*DC50 -> 2520 | DJ50: =$DB50*DD50 -> 0 | DK50: =$DB50*DE50 -> 0 | DL50: =$DB50*DF50 -> 2520 | DM50: =$DB50*DG50 -> 0 | DN50: =$DB50*DH50 -> 3360 | DO50: =Constants!$C$10 -> 0.55 | DP50: =Constants!$C$11 -> 0.2 | DQ50: =Constants!$C$12 -> 0.3 | DR50: =Constants!$C$13 -> 0 | DS50: =Constants!$C$14 -> 0.125 | DT50: =Constants!$C$15 -> 0.25 | DU50: =Constants!$D$10 -> 0 | DV50: =Constants!$D$11 -> 0.005 | DW50: =Constants!$D$12 -> 0.02 | DX50: =Constants!$D$13 -> 0 | DY50: =Constants!$D$14 -> 0.01 | DZ50: =Constants!$D$15 -> 0.002 | EA50: =Constants!$B$23 -> 1.57 | EB50: =DI50*DU50*$EA50 -> 0 | EC50: =DJ50*DV50*$EA50 -> 0 | ED50: =DK50*DW50*$EA50 -> 0 | EE50: =DL50*DX50*$EA50 -> 0 | EF50: =DM50*DY50*$EA50 -> 0 | EG50: =DN50*DZ50*$EA50 -> 10.5504 | EH50: =DI50*(1-DO50-DU50) -> 1134 | EI50: =DJ50*(1-DP50-DV50) -> 0 | EJ50: =DL50*(1-DR50-DX50) -> 2520 | EK50: =DM50*(1-DS50-DY50) -> 0 | EL50: =DN50*(1-DT50-DZ50) -> 2513.28 | EM50: =$EH50*Z50+$EI50*AE50+$EJ50*AJ50+$EK50*AO50+$EL50*AT50 -> 754.656 | EN50: =$EH50*AA50+$EI50*AF50+$EJ50*AK50+$EK50*AP50+$EL50*AU50 -> 1120.056 | EO50: =$EH50*AB50+$EI50*AG50+$EJ50*AL50+$EK50*AQ50+$EL50*AV50 -> 729.456 | EP50: =$EH50*AC50+$EI50*AH50+$EJ50*AM50+$EK50*AR50+$EL50*AW50 -> 1096.2 | EQ50: =$EH50*AD50+$EI50*AI50+$EJ50*AN50+$EK50*AS50+$EL50*AX50 -> 1964.256 | ER50: =EM50*DU50*$EA50 -> 0 | ES50: =EN50*DV50*$EA50 -> 8.7924396 | ET50: =EO50*DX50*$EA50 -> 0 | EU50: =EP50*DZ50*$EA50 -> 3.442068 | EV50: =EQ50*0*$EA50 -> 0 | EW50: =SUM(EB50:EG50,ER50:EV50)/1000 -> 0.022784908 | EX50: =SUM(EW50:EW53) -> 0.52512027 | EY50: =DI50*DO50 -> 1386 | EZ50: =DJ50*DP50 -> 0 | FA50: =DK50*DQ50 -> 0 | FB50: =DL50*DR50 -> 0 | FC50: =DM50*DS50 -> 0 | FD50: =DN50*DT50 -> 840 | FE50: =EM50*DO50 -> 415.0608 | FF50: =EN50*DP50 -> 224.0112 | FG50: =EO50*DR50 -> 0 | FH50: =EP50*DT50 -> 274.05 | FI50: =EQ50*0 -> 0 | FJ50: =SUM(EY50:FI50) -> 3139.122 | FK50: =_xlfn.XLOOKUP(C50, Constants!$D$19:$D$23, Constants!$E$19:$E$23) -> 0.0029 | FL50: =(EA50*FJ50*FK50)/1000 -> 0.014292422 | FM50: =SUM(FL50:FL53) -> 0.04340975 | FN50: =Constants!$B$24 -> 0.011 | FO50: =IF(D50, 1, 0) -> 0 | FP50: =Constants!$B$25 -> 0.02 | FQ50: =DK50*FO50*FP50 -> 0 | FR50: =FQ50*FN50*EA50 -> 0 | FS50: =SUM(FR50:FR53)/1000 -> 0
A51: WA | B51: 25 | C51: Non-irrigated crop (low rainfall) | D51: FALSE | E51: sows | F51: 600 | G51: 200 | I51: 0.647 | J51: 0.056 | M51: 0.5 | O51: 0.5 | Q51: FALSE | R51: 0 | S51: 0 | T51: FALSE | U51: 0 | V51: 0 | W51: FALSE | X51: 0 | Y51: 0 | AA51: 0.1 | AB51: 0.2 | AC51: 0.3 | AD51: 0.4 | AE51: 0.1 | AG51: 0.2 | AH51: 0.3 | AI51: 0.4 | AJ51: 0.1 | AK51: 0.2 | AM51: 0.3 | AN51: 0.4 | AO51: 0.2 | AP51: 0.2 | AQ51: 0.2 | AR51: 0.2 | AS51: 0.2 | AT51: 0.2 | AU51: 0.2 | AV51: 0.2 | AX51: 0.2 | AY51: =IF(H51<>"", H51, _xlfn.XLOOKUP($E51,Constants!$A$3:$A$6, Constants!B$3:B$6)) -> 2.62 | AZ51: =IF(I51<>"", I51, _xlfn.XLOOKUP($E51,Constants!$A$3:$A$6, Constants!C$3:C$6)) -> 0.647 | BA51: =IF(J51<>"", J51, _xlfn.XLOOKUP($E51,Constants!$A$3:$A$6, Constants!D$3:D$6)) -> 0.056 | BB51: =IF(R51<>"", R51, IF(Q51, Constants!$B$19, 0)) -> 0 | BC51: =IF(U51<>"", U51, IF(T51, Constants!$B$19, 0)) -> 0 | BD51: =IF(X51<>"", X51, IF(W51, Constants!$B$19, 0)) -> 0 | BE51: =IF(S51<>"", S51, IF(Q51, Constants!$B$20, 0)) -> 0 | BF51: =IF(V51<>"", V51, IF(T51, Constants!$B$20, 0)) -> 0 | BG51: =IF(Y51<>"", Y51, IF(W51, Constants!$B$20, 0)) -> 0 | BH51: =K51*(1-BB51) -> 0 | BI51: =L51+(K51*BB51)+(N51*BC51)+(P51*BD51) -> 0 | BJ51: =M51 -> 0.5 | BK51: =N51*(1-BC51) -> 0 | BL51: =O51 -> 0.5 | BM51: =P51*(1-BD51) -> 0 | BN51: =Constants!$B$21 -> 0.45 | BO51: =Constants!$B$22 -> 0.6784 | BP51: =_xlfn.XLOOKUP($B51,Constants!$G$20:$G$38, Constants!H$20:H$38) -> 0.79 | BQ51: =_xlfn.XLOOKUP($B51,Constants!$G$20:$G$38, Constants!I$20:I$38) -> 0.02 | BR51: =_xlfn.XLOOKUP($A51,Constants!$F$9:$M$9,Constants!$F$12:$M$12) -> 0.01 | BS51: =_xlfn.XLOOKUP($B51,Constants!$G$20:$G$38, Constants!J$20:J$38) -> 0.1 | BT51: =_xlfn.XLOOKUP($B51,Constants!$G$20:$G$38, Constants!K$20:K$38) -> 0.04 | BU51: =_xlfn.XLOOKUP($B51,Constants!$G$20:$G$38, Constants!L$20:L$38) -> 0.03 | BV51: =_xlfn.XLOOKUP($B51,Constants!$G$20:$G$38, Constants!P$20:P$38) -> 0 | BW51: =$AZ51*BH51*BP51*$BN51*$BO51 -> 0 | BX51: =$AZ51*BI51*BQ51*$BN51*$BO51 -> 0 | BY51: =$AZ51*BJ51*BR51*$BN51*$BO51 -> 0.0009875808 | BZ51: =$AZ51*BK51*BS51*$BN51*$BO51 -> 0 | CA51: =$AZ51*BL51*BT51*$BN51*$BO51 -> 0.0039503232 | CB51: =$AZ51*BM51*BU51*$BN51*$BO51 -> 0 | CC51: =(SUM(BW51:CB51)*F51*G51)/1000 -> 0.59254848 | CD51: =Constants!$E$10 -> 0 | CE51: =Constants!$E$11 -> 0 | CF51: =Constants!$E$13 -> 0.75 | CG51: =Constants!$E$14 -> 0.05 | CH51: =Constants!$E$15 -> 0 | CI51: =(BH51*(1-CD51)) -> 0 | CJ51: =(BI51*(1-CE51)) -> 0 | CK51: =(BK51*(1-CF51)) -> 0 | CL51: =(BL51*(1-CG51)) -> 0.475 | CM51: =(BM51*(1-CH51)) -> 0 | CN51: =SUM(CI51:CM51)*I51 -> 0.307325 | CO51: =$CI51*Z51+$CJ51*AE51+$CK51*AJ51+$CL51*AO51+$CM51*AT51 -> 0.095 | CP51: =$CI51*AA51+$CJ51*AF51+$CK51*AK51+$CL51*AP51+$CM51*AU51 -> 0.095 | CQ51: =$CI51*AB51+$CJ51*AG51+$CK51*AL51+$CL51*AQ51+$CM51*AV51 -> 0.095 | CR51: =$CI51*AC51+$CJ51*AH51+$CK51*AM51+$CL51*AR51+$CM51*AW51 -> 0.095 | CS51: =$CI51*AD51+$CJ51*AI51+$CK51*AN51+$CL51*AS51+$CM51*AX51 -> 0.095 | CT51: =CO51*$BN51*BP51*$BO51*$AZ51 -> 0.014823588 | CU51: =CP51*$BN51*BQ51*$BO51*$AZ51 -> 0.0003752807 | CV51: =CQ51*$BN51*BS51*$BO51*$AZ51 -> 0.0018764035 | CW51: =CR51*$BN51*BU51*$BO51*$AZ51 -> 0.00056292106 | CX51: =CS51*$BN51*BV51*$BO51*$AZ51 -> 0 | CY51: =(SUM(CT51:CX51)*F51*G51)/1000 -> 2.1165832 | CZ51: =CC51+CY51 -> 2.7091317 | DB51: =F51*G51*BA51 -> 6720 | DC51: =K51*(1-BE51) -> 0 | DD51: =L51+(K51*BE51)+(N51*BF51)+(P51*BG51) -> 0 | DE51: =M51 -> 0.5 | DF51: =N51*(1-BF51) -> 0 | DG51: =O51 -> 0.5 | DH51: =P51*(1-BG51) -> 0 | DI51: =$DB51*DC51 -> 0 | DJ51: =$DB51*DD51 -> 0 | DK51: =$DB51*DE51 -> 3360 | DL51: =$DB51*DF51 -> 0 | DM51: =$DB51*DG51 -> 3360 | DN51: =$DB51*DH51 -> 0 | DO51: =Constants!$C$10 -> 0.55 | DP51: =Constants!$C$11 -> 0.2 | DQ51: =Constants!$C$12 -> 0.3 | DR51: =Constants!$C$13 -> 0 | DS51: =Constants!$C$14 -> 0.125 | DT51: =Constants!$C$15 -> 0.25 | DU51: =Constants!$D$10 -> 0 | DV51: =Constants!$D$11 -> 0.005 | DW51: =Constants!$D$12 -> 0.02 | DX51: =Constants!$D$13 -> 0 | DY51: =Constants!$D$14 -> 0.01 | DZ51: =Constants!$D$15 -> 0.002 | EA51: =Constants!$B$23 -> 1.57 | EB51: =DI51*DU51*$EA51 -> 0 | EC51: =DJ51*DV51*$EA51 -> 0 | ED51: =DK51*DW51*$EA51 -> 105.504 | EE51: =DL51*DX51*$EA51 -> 0 | EF51: =DM51*DY51*$EA51 -> 52.752 | EG51: =DN51*DZ51*$EA51 -> 0 | EH51: =DI51*(1-DO51-DU51) -> 0 | EI51: =DJ51*(1-DP51-DV51) -> 0 | EJ51: =DL51*(1-DR51-DX51) -> 0 | EK51: =DM51*(1-DS51-DY51) -> 2906.4 | EL51: =DN51*(1-DT51-DZ51) -> 0 | EM51: =$EH51*Z51+$EI51*AE51+$EJ51*AJ51+$EK51*AO51+$EL51*AT51 -> 581.28 | EN51: =$EH51*AA51+$EI51*AF51+$EJ51*AK51+$EK51*AP51+$EL51*AU51 -> 581.28 | EO51: =$EH51*AB51+$EI51*AG51+$EJ51*AL51+$EK51*AQ51+$EL51*AV51 -> 581.28 | EP51: =$EH51*AC51+$EI51*AH51+$EJ51*AM51+$EK51*AR51+$EL51*AW51 -> 581.28 | EQ51: =$EH51*AD51+$EI51*AI51+$EJ51*AN51+$EK51*AS51+$EL51*AX51 -> 581.28 | ER51: =EM51*DU51*$EA51 -> 0 | ES51: =EN51*DV51*$EA51 -> 4.563048 | ET51: =EO51*DX51*$EA51 -> 0 | EU51: =EP51*DZ51*$EA51 -> 1.8252192 | EV51: =EQ51*0*$EA51 -> 0 | EW51: =SUM(EB51:EG51,ER51:EV51)/1000 -> 0.16464427 | EY51: =DI51*DO51 -> 0 | EZ51: =DJ51*DP51 -> 0 | FA51: =DK51*DQ51 -> 1008 | FB51: =DL51*DR51 -> 0 | FC51: =DM51*DS51 -> 420 | FD51: =DN51*DT51 -> 0 | FE51: =EM51*DO51 -> 319.704 | FF51: =EN51*DP51 -> 116.256 | FG51: =EO51*DR51 -> 0 | FH51: =EP51*DT51 -> 145.32 | FI51: =EQ51*0 -> 0 | FJ51: =SUM(EY51:FI51) -> 2009.28 | FK51: =_xlfn.XLOOKUP(C51, Constants!$D$19:$D$23, Constants!$E$19:$E$23) -> 0.0029 | FL51: =(EA51*FJ51*FK51)/1000 -> 0.0091482518 | FN51: =Constants!$B$24 -> 0.011 | FO51: =IF(D51, 1, 0) -> 0 | FP51: =Constants!$B$25 -> 0.02 | FQ51: =DK51*FO51*FP51 -> 0 | FR51: =FQ51*FN51*EA51 -> 0
A52: WA | B52: 25 | C52: Non-irrigated crop (low rainfall) | D52: FALSE | E52: gilts | F52: 100 | G52: 299 | I52: 0.34 | J52: 0.0345 | K52: 0.3 | N52: 0.3 | P52: 0.4 | Q52: TRUE | R52: 0.23 | S52: 0.58 | T52: TRUE | U52: 0.23 | V52: 0.5 | W52: TRUE | X52: 0.23 | Y52: 0.58 | AA52: 0.1 | AB52: 0.2 | AC52: 0.3 | AD52: 0.4 | AE52: 0.1 | AG52: 0.2 | AH52: 0.3 | AI52: 0.4 | AJ52: 0.1 | AK52: 0.2 | AM52: 0.3 | AN52: 0.4 | AO52: 0.2 | AP52: 0.2 | AQ52: 0.2 | AR52: 0.2 | AS52: 0.2 | AT52: 0.2 | AU52: 0.2 | AV52: 0.2 | AX52: 0.2 | AY52: =IF(H52<>"", H52, _xlfn.XLOOKUP($E52,Constants!$A$3:$A$6, Constants!B$3:B$6)) -> 2.5 | AZ52: =IF(I52<>"", I52, _xlfn.XLOOKUP($E52,Constants!$A$3:$A$6, Constants!C$3:C$6)) -> 0.34 | BA52: =IF(J52<>"", J52, _xlfn.XLOOKUP($E52,Constants!$A$3:$A$6, Constants!D$3:D$6)) -> 0.0345 | BB52: =IF(R52<>"", R52, IF(Q52, Constants!$B$19, 0)) -> 0.23 | BC52: =IF(U52<>"", U52, IF(T52, Constants!$B$19, 0)) -> 0.23 | BD52: =IF(X52<>"", X52, IF(W52, Constants!$B$19, 0)) -> 0.23 | BE52: =IF(S52<>"", S52, IF(Q52, Constants!$B$20, 0)) -> 0.58 | BF52: =IF(V52<>"", V52, IF(T52, Constants!$B$20, 0)) -> 0.5 | BG52: =IF(Y52<>"", Y52, IF(W52, Constants!$B$20, 0)) -> 0.58 | BH52: =K52*(1-BB52) -> 0.231 | BI52: =L52+(K52*BB52)+(N52*BC52)+(P52*BD52) -> 0.23 | BJ52: =M52 -> 0 | BK52: =N52*(1-BC52) -> 0.231 | BL52: =O52 -> 0 | BM52: =P52*(1-BD52) -> 0.308 | BN52: =Constants!$B$21 -> 0.45 | BO52: =Constants!$B$22 -> 0.6784 | BP52: =_xlfn.XLOOKUP($B52,Constants!$G$20:$G$38, Constants!H$20:H$38) -> 0.79 | BQ52: =_xlfn.XLOOKUP($B52,Constants!$G$20:$G$38, Constants!I$20:I$38) -> 0.02 | BR52: =_xlfn.XLOOKUP($A52,Constants!$F$9:$M$9,Constants!$F$12:$M$12) -> 0.01 | BS52: =_xlfn.XLOOKUP($B52,Constants!$G$20:$G$38, Constants!J$20:J$38) -> 0.1 | BT52: =_xlfn.XLOOKUP($B52,Constants!$G$20:$G$38, Constants!K$20:K$38) -> 0.04 | BU52: =_xlfn.XLOOKUP($B52,Constants!$G$20:$G$38, Constants!L$20:L$38) -> 0.03 | BV52: =_xlfn.XLOOKUP($B52,Constants!$G$20:$G$38, Constants!P$20:P$38) -> 0 | BW52: =$AZ52*BH52*BP52*$BN52*$BO52 -> 0.018941586 | BX52: =$AZ52*BI52*BQ52*$BN52*$BO52 -> 0.00047745792 | BY52: =$AZ52*BJ52*BR52*$BN52*$BO52 -> 0 | BZ52: =$AZ52*BK52*BS52*$BN52*$BO52 -> 0.0023976691 | CA52: =$AZ52*BL52*BT52*$BN52*$BO52 -> 0 | CB52: =$AZ52*BM52*BU52*$BN52*$BO52 -> 0.00095906765 | CC52: =(SUM(BW52:CB52)*F52*G52)/1000 -> 0.68099584 | CD52: =Constants!$E$10 -> 0 | CE52: =Constants!$E$11 -> 0 | CF52: =Constants!$E$13 -> 0.75 | CG52: =Constants!$E$14 -> 0.05 | CH52: =Constants!$E$15 -> 0 | CI52: =(BH52*(1-CD52)) -> 0.231 | CJ52: =(BI52*(1-CE52)) -> 0.23 | CK52: =(BK52*(1-CF52)) -> 0.05775 | CL52: =(BL52*(1-CG52)) -> 0 | CM52: =(BM52*(1-CH52)) -> 0.308 | CN52: =SUM(CI52:CM52)*I52 -> 0.281095 | CO52: =$CI52*Z52+$CJ52*AE52+$CK52*AJ52+$CL52*AO52+$CM52*AT52 -> 0.090375 | CP52: =$CI52*AA52+$CJ52*AF52+$CK52*AK52+$CL52*AP52+$CM52*AU52 -> 0.09625 | CQ52: =$CI52*AB52+$CJ52*AG52+$CK52*AL52+$CL52*AQ52+$CM52*AV52 -> 0.1538 | CR52: =$CI52*AC52+$CJ52*AH52+$CK52*AM52+$CL52*AR52+$CM52*AW52 -> 0.155625 | CS52: =$CI52*AD52+$CJ52*AI52+$CK52*AN52+$CL52*AS52+$CM52*AX52 -> 0.2691 | CT52: =CO52*$BN52*BP52*$BO52*$AZ52 -> 0.007410588 | CU52: =CP52*$BN52*BQ52*$BO52*$AZ52 -> 0.00019980576 | CV52: =CQ52*$BN52*BS52*$BO52*$AZ52 -> 0.0015963702 | CW52: =CR52*$BN52*BU52*$BO52*$AZ52 -> 0.00048459384 | CX52: =CS52*$BN52*BV52*$BO52*$AZ52 -> 0 | CY52: =(SUM(CT52:CX52)*F52*G52)/1000 -> 0.2897716 | CZ52: =CC52+CY52 -> 0.97076744 | DB52: =F52*G52*BA52 -> 1031.55 | DC52: =K52*(1-BE52) -> 0.126 | DD52: =L52+(K52*BE52)+(N52*BF52)+(P52*BG52) -> 0.556 | DE52: =M52 -> 0 | DF52: =N52*(1-BF52) -> 0.15 | DG52: =O52 -> 0 | DH52: =P52*(1-BG52) -> 0.168 | DI52: =$DB52*DC52 -> 129.9753 | DJ52: =$DB52*DD52 -> 573.5418 | DK52: =$DB52*DE52 -> 0 | DL52: =$DB52*DF52 -> 154.7325 | DM52: =$DB52*DG52 -> 0 | DN52: =$DB52*DH52 -> 173.3004 | DO52: =Constants!$C$10 -> 0.55 | DP52: =Constants!$C$11 -> 0.2 | DQ52: =Constants!$C$12 -> 0.3 | DR52: =Constants!$C$13 -> 0 | DS52: =Constants!$C$14 -> 0.125 | DT52: =Constants!$C$15 -> 0.25 | DU52: =Constants!$D$10 -> 0 | DV52: =Constants!$D$11 -> 0.005 | DW52: =Constants!$D$12 -> 0.02 | DX52: =Constants!$D$13 -> 0 | DY52: =Constants!$D$14 -> 0.01 | DZ52: =Constants!$D$15 -> 0.002 | EA52: =Constants!$B$23 -> 1.57 | EB52: =DI52*DU52*$EA52 -> 0 | EC52: =DJ52*DV52*$EA52 -> 4.5023031 | ED52: =DK52*DW52*$EA52 -> 0 | EE52: =DL52*DX52*$EA52 -> 0 | EF52: =DM52*DY52*$EA52 -> 0 | EG52: =DN52*DZ52*$EA52 -> 0.54416326 | EH52: =DI52*(1-DO52-DU52) -> 58.488885 | EI52: =DJ52*(1-DP52-DV52) -> 455.96573 | EJ52: =DL52*(1-DR52-DX52) -> 154.7325 | EK52: =DM52*(1-DS52-DY52) -> 0 | EL52: =DN52*(1-DT52-DZ52) -> 129.6287 | EM52: =$EH52*Z52+$EI52*AE52+$EJ52*AJ52+$EK52*AO52+$EL52*AT52 -> 86.995563 | EN52: =$EH52*AA52+$EI52*AF52+$EJ52*AK52+$EK52*AP52+$EL52*AU52 -> 62.721128 | EO52: =$EH52*AB52+$EI52*AG52+$EJ52*AL52+$EK52*AQ52+$EL52*AV52 -> 128.81666 | EP52: =$EH52*AC52+$EI52*AH52+$EJ52*AM52+$EK52*AR52+$EL52*AW52 -> 200.75613 | EQ52: =$EH52*AD52+$EI52*AI52+$EJ52*AN52+$EK52*AS52+$EL52*AX52 -> 293.60059 | ER52: =EM52*DU52*$EA52 -> 0 | ES52: =EN52*DV52*$EA52 -> 0.49236086 | ET52: =EO52*DX52*$EA52 -> 0 | EU52: =EP52*DZ52*$EA52 -> 0.63037426 | EV52: =EQ52*0*$EA52 -> 0 | EW52: =SUM(EB52:EG52,ER52:EV52)/1000 -> 0.0061692015 | EY52: =DI52*DO52 -> 71.486415 | EZ52: =DJ52*DP52 -> 114.70836 | FA52: =DK52*DQ52 -> 0 | FB52: =DL52*DR52 -> 0 | FC52: =DM52*DS52 -> 0 | FD52: =DN52*DT52 -> 43.3251 | FE52: =EM52*DO52 -> 47.84756 | FF52: =EN52*DP52 -> 12.544226 | FG52: =EO52*DR52 -> 0 | FH52: =EP52*DT52 -> 50.189034 | FI52: =EQ52*0 -> 0 | FJ52: =SUM(EY52:FI52) -> 340.10069 | FK52: =_xlfn.XLOOKUP(C52, Constants!$D$19:$D$23, Constants!$E$19:$E$23) -> 0.0029 | FL52: =(EA52*FJ52*FK52)/1000 -> 0.0015484785 | FN52: =Constants!$B$24 -> 0.011 | FO52: =IF(D52, 1, 0) -> 0 | FP52: =Constants!$B$25 -> 0.02 | FQ52: =DK52*FO52*FP52 -> 0 | FR52: =FQ52*FN52*EA52 -> 0
A53: WA | B53: 25 | C53: Non-irrigated crop (low rainfall) | D53: FALSE | E53: others | F53: 999 | G53: 299 | I53: 0.45 | J53: 0.0453 | M53: 0.5 | O53: 0.5 | Q53: TRUE | R53: 0.23 | S53: 0.58 | T53: TRUE | U53: 0.23 | V53: 0.5 | W53: TRUE | X53: 0.23 | Y53: 0.58 | AA53: 0.1 | AB53: 0.2 | AC53: 0.3 | AD53: 0.4 | AE53: 0.1 | AG53: 0.2 | AH53: 0.3 | AI53: 0.4 | AJ53: 0.1 | AK53: 0.2 | AM53: 0.3 | AN53: 0.4 | AO53: 0.2 | AP53: 0.2 | AQ53: 0.2 | AR53: 0.2 | AS53: 0.2 | AT53: 0.2 | AU53: 0.2 | AV53: 0.2 | AX53: 0.2 | AY53: =IF(H53<>"", H53, _xlfn.XLOOKUP($E53,Constants!$A$3:$A$6, Constants!B$3:B$6)) -> 1.71 | AZ53: =IF(I53<>"", I53, _xlfn.XLOOKUP($E53,Constants!$A$3:$A$6, Constants!C$3:C$6)) -> 0.45 | BA53: =IF(J53<>"", J53, _xlfn.XLOOKUP($E53,Constants!$A$3:$A$6, Constants!D$3:D$6)) -> 0.0453 | BB53: =IF(R53<>"", R53, IF(Q53, Constants!$B$19, 0)) -> 0.23 | BC53: =IF(U53<>"", U53, IF(T53, Constants!$B$19, 0)) -> 0.23 | BD53: =IF(X53<>"", X53, IF(W53, Constants!$B$19, 0)) -> 0.23 | BE53: =IF(S53<>"", S53, IF(Q53, Constants!$B$20, 0)) -> 0.58 | BF53: =IF(V53<>"", V53, IF(T53, Constants!$B$20, 0)) -> 0.5 | BG53: =IF(Y53<>"", Y53, IF(W53, Constants!$B$20, 0)) -> 0.58 | BH53: =K53*(1-BB53) -> 0 | BI53: =L53+(K53*BB53)+(N53*BC53)+(P53*BD53) -> 0 | BJ53: =M53 -> 0.5 | BK53: =N53*(1-BC53) -> 0 | BL53: =O53 -> 0.5 | BM53: =P53*(1-BD53) -> 0 | BN53: =Constants!$B$21 -> 0.45 | BO53: =Constants!$B$22 -> 0.6784 | BP53: =_xlfn.XLOOKUP($B53,Constants!$G$20:$G$38, Constants!H$20:H$38) -> 0.79 | BQ53: =_xlfn.XLOOKUP($B53,Constants!$G$20:$G$38, Constants!I$20:I$38) -> 0.02 | BR53: =_xlfn.XLOOKUP($A53,Constants!$F$9:$M$9,Constants!$F$12:$M$12) -> 0.01 | BS53: =_xlfn.XLOOKUP($B53,Constants!$G$20:$G$38, Constants!J$20:J$38) -> 0.1 | BT53: =_xlfn.XLOOKUP($B53,Constants!$G$20:$G$38, Constants!K$20:K$38) -> 0.04 | BU53: =_xlfn.XLOOKUP($B53,Constants!$G$20:$G$38, Constants!L$20:L$38) -> 0.03 | BV53: =_xlfn.XLOOKUP($B53,Constants!$G$20:$G$38, Constants!P$20:P$38) -> 0 | BW53: =$AZ53*BH53*BP53*$BN53*$BO53 -> 0 | BX53: =$AZ53*BI53*BQ53*$BN53*$BO53 -> 0 | BY53: =$AZ53*BJ53*BR53*$BN53*$BO53 -> 0.00068688 | BZ53: =$AZ53*BK53*BS53*$BN53*$BO53 -> 0 | CA53: =$AZ53*BL53*BT53*$BN53*$BO53 -> 0.00274752 | CB53: =$AZ53*BM53*BU53*$BN53*$BO53 -> 0 | CC53: =(SUM(BW53:CB53)*F53*G53)/1000 -> 1.0258587 | CD53: =Constants!$E$10 -> 0 | CE53: =Constants!$E$11 -> 0 | CF53: =Constants!$E$13 -> 0.75 | CG53: =Constants!$E$14 -> 0.05 | CH53: =Constants!$E$15 -> 0 | CI53: =(BH53*(1-CD53)) -> 0 | CJ53: =(BI53*(1-CE53)) -> 0 | CK53: =(BK53*(1-CF53)) -> 0 | CL53: =(BL53*(1-CG53)) -> 0.475 | CM53: =(BM53*(1-CH53)) -> 0 | CN53: =SUM(CI53:CM53)*I53 -> 0.21375 | CO53: =$CI53*Z53+$CJ53*AE53+$CK53*AJ53+$CL53*AO53+$CM53*AT53 -> 0.095 | CP53: =$CI53*AA53+$CJ53*AF53+$CK53*AK53+$CL53*AP53+$CM53*AU53 -> 0.095 | CQ53: =$CI53*AB53+$CJ53*AG53+$CK53*AL53+$CL53*AQ53+$CM53*AV53 -> 0.095 | CR53: =$CI53*AC53+$CJ53*AH53+$CK53*AM53+$CL53*AR53+$CM53*AW53 -> 0.095 | CS53: =$CI53*AD53+$CJ53*AI53+$CK53*AN53+$CL53*AS53+$CM53*AX53 -> 0.095 | CT53: =CO53*$BN53*BP53*$BO53*$AZ53 -> 0.010310069 | CU53: =CP53*$BN53*BQ53*$BO53*$AZ53 -> 0.0002610144 | CV53: =CQ53*$BN53*BS53*$BO53*$AZ53 -> 0.001305072 | CW53: =CR53*$BN53*BU53*$BO53*$AZ53 -> 0.0003915216 | CX53: =CS53*$BN53*BV53*$BO53*$AZ53 -> 0 | CY53: =(SUM(CT53:CX53)*F53*G53)/1000 -> 3.6643673 | CZ53: =CC53+CY53 -> 4.690226 | DB53: =F53*G53*BA53 -> 13531.155 | DC53: =K53*(1-BE53) -> 0 | DD53: =L53+(K53*BE53)+(N53*BF53)+(P53*BG53) -> 0 | DE53: =M53 -> 0.5 | DF53: =N53*(1-BF53) -> 0 | DG53: =O53 -> 0.5 | DH53: =P53*(1-BG53) -> 0 | DI53: =$DB53*DC53 -> 0 | DJ53: =$DB53*DD53 -> 0 | DK53: =$DB53*DE53 -> 6765.5777 | DL53: =$DB53*DF53 -> 0 | DM53: =$DB53*DG53 -> 6765.5777 | DN53: =$DB53*DH53 -> 0 | DO53: =Constants!$C$10 -> 0.55 | DP53: =Constants!$C$11 -> 0.2 | DQ53: =Constants!$C$12 -> 0.3 | DR53: =Constants!$C$13 -> 0 | DS53: =Constants!$C$14 -> 0.125 | DT53: =Constants!$C$15 -> 0.25 | DU53: =Constants!$D$10 -> 0 | DV53: =Constants!$D$11 -> 0.005 | DW53: =Constants!$D$12 -> 0.02 | DX53: =Constants!$D$13 -> 0 | DY53: =Constants!$D$14 -> 0.01 | DZ53: =Constants!$D$15 -> 0.002 | EA53: =Constants!$B$23 -> 1.57 | EB53: =DI53*DU53*$EA53 -> 0 | EC53: =DJ53*DV53*$EA53 -> 0 | ED53: =DK53*DW53*$EA53 -> 212.43914 | EE53: =DL53*DX53*$EA53 -> 0 | EF53: =DM53*DY53*$EA53 -> 106.21957 | EG53: =DN53*DZ53*$EA53 -> 0 | EH53: =DI53*(1-DO53-DU53) -> 0 | EI53: =DJ53*(1-DP53-DV53) -> 0 | EJ53: =DL53*(1-DR53-DX53) -> 0 | EK53: =DM53*(1-DS53-DY53) -> 5852.2247 | EL53: =DN53*(1-DT53-DZ53) -> 0 | EM53: =$EH53*Z53+$EI53*AE53+$EJ53*AJ53+$EK53*AO53+$EL53*AT53 -> 1170.4449 | EN53: =$EH53*AA53+$EI53*AF53+$EJ53*AK53+$EK53*AP53+$EL53*AU53 -> 1170.4449 | EO53: =$EH53*AB53+$EI53*AG53+$EJ53*AL53+$EK53*AQ53+$EL53*AV53 -> 1170.4449 | EP53: =$EH53*AC53+$EI53*AH53+$EJ53*AM53+$EK53*AR53+$EL53*AW53 -> 1170.4449 | EQ53: =$EH53*AD53+$EI53*AI53+$EJ53*AN53+$EK53*AS53+$EL53*AX53 -> 1170.4449 | ER53: =EM53*DU53*$EA53 -> 0 | ES53: =EN53*DV53*$EA53 -> 9.1879927 | ET53: =EO53*DX53*$EA53 -> 0 | EU53: =EP53*DZ53*$EA53 -> 3.6751971 | EV53: =EQ53*0*$EA53 -> 0 | EW53: =SUM(EB53:EG53,ER53:EV53)/1000 -> 0.3315219 | EY53: =DI53*DO53 -> 0 | EZ53: =DJ53*DP53 -> 0 | FA53: =DK53*DQ53 -> 2029.6733 | FB53: =DL53*DR53 -> 0 | FC53: =DM53*DS53 -> 845.69721 | FD53: =DN53*DT53 -> 0 | FE53: =EM53*DO53 -> 643.74471 | FF53: =EN53*DP53 -> 234.08899 | FG53: =EO53*DR53 -> 0 | FH53: =EP53*DT53 -> 292.61123 | FI53: =EQ53*0 -> 0 | FJ53: =SUM(EY53:FI53) -> 4045.8154 | FK53: =_xlfn.XLOOKUP(C53, Constants!$D$19:$D$23, Constants!$E$19:$E$23) -> 0.0029 | FL53: =(EA53*FJ53*FK53)/1000 -> 0.018420598 | FN53: =Constants!$B$24 -> 0.011 | FO53: =IF(D53, 1, 0) -> 0 | FP53: =Constants!$B$25 -> 0.02 | FQ53: =DK53*FO53*FP53 -> 0 | FR53: =FQ53*FN53*EA53 -> 0
